{"EntityID": "0", "Param": [{"Param_W": [[-90073.078125, 90073.078125], [-95992.4453125, 95992.4453125], [636212.3125, -636212.3125], [-216264.53125, 216264.46875], [-13.340192794799805, 13.340193748474121]]}, {"Param_b": [-4519.25146484375, 4519.25146484375]}, {"Param_m": [2036, 33.243844544887544]}]}