{"EntityID": "0", "Param": [{"Param_W": [[-62609.328125, 62609.328125], [-58508.2421875, 58508.2421875], [96225.6328125, -96225.6328125], [61307.875, -61307.78125], [-8.270880699157715, 8.270880699157715]]}, {"Param_b": [-3067.90869140625, 3067.90869140625]}, {"Param_m": [2036, 20.482284140586856]}]}