{"EntityID": "0", "Param": [{"Param_W": [[-24462.75, 24462.75], [-14299.5078125, 14299.5078125], [-112547.7734375, 112547.7734375], [-81491.96875, 81492.03125], [-2.327848434448242, 2.327848434448242]]}, {"Param_b": [-1117.846923828125, 1117.846923828125]}, {"Param_m": [2036, 3.1730528021231295]}]}