{"EntityID": "0", "Param": [{"Param_W": [[-34341.5390625, 34341.5390625], [-22708.44140625, 22708.44140625], [256360.546875, -256360.578125], [214520.546875, -214520.578125], [-3.2437589168548584, 3.2437589168548584]]}, {"Param_b": [-1663.4439697265625, 1663.4439697265625]}, {"Param_m": [2036, 6.837702909111977]}]}