{"EntityID": "0", "Param": [{"Param_W": [[-38721.97265625, 38721.97265625], [-28652.8984375, 28652.8984375], [94304.46875, -94304.4375], [-40975.1171875, 40975.07421875], [-4.177683353424072, 4.177683353424072]]}, {"Param_b": [-1864.77197265625, 1864.77197265625]}, {"Param_m": [2036, 7.754327327606734]}]}