{"EntityID": "0", "Param": [{"Param_W": [[-11623.8720703125, 11623.8720703125], [-3877.779296875, 3877.779296875], [-95564.796875, 95564.796875], [-31707.021484375, 31706.955078125], [-0.7313893437385559, 0.7313893437385559]]}, {"Param_b": [-514.2268676757812, 514.2268676757812]}, {"Param_m": [2036, 1.9923223384190352]}]}