{"EntityID": "0", "Param": [{"Param_W": [[-14042.720703125, 14042.720703125], [-6009.74462890625, 6009.74462890625], [-155263.59375, 155263.5625], [28515.87109375, -28515.83203125], [-1.0529683828353882, 1.0529683828353882]]}, {"Param_b": [-625.3425903320312, 625.3425903320312]}, {"Param_m": [2036, 1.9697145075537261]}]}