{"EntityID": "0", "Param": [{"Param_W": [[-12121.427734375, 12121.427734375], [-4318.541015625, 4318.541015625], [-128513.1796875, 128513.1796875], [-50308.66015625, 50308.67578125], [-0.8284496665000916, 0.8284496665000916]]}, {"Param_b": [-530.3367919921875, 530.3367919921875]}, {"Param_m": [2036, 1.944325049011968]}]}