{"EntityID": "0", "Param": [{"Param_W": [[-18418.298828125, 18418.298828125], [-8549.7060546875, 8549.7060546875], [-89399.71875, 89399.6875], [4064.3095703125, -4064.275390625], [-1.4035824537277222, 1.4035824537277222]]}, {"Param_b": [-842.1737060546875, 842.1737060546875]}, {"Param_m": [2036, 2.395748788677156]}]}