{"EntityID": "0", "Param": [{"Param_W": [[-55932.484375, 55932.484375], [-49924.49609375, 49924.55859375], [-47412.0234375, 47412.0234375], [-61854.77734375, 61854.8046875], [-7.204611778259277, 7.204611778259277]]}, {"Param_b": [-2706.505859375, 2706.505859375]}, {"Param_m": [2036, 16.675903737545017]}]}