{"EntityID": "0", "Param": [{"Param_W": [[-20537.15625, 20537.15625], [-12982.5634765625, 12982.5634765625], [-249417.421875, 249417.421875], [-134782.09375, 134782.109375], [-2.1792356967926025, 2.1792356967926025]]}, {"Param_b": [-918.0357666015625, 918.0357666015625]}, {"Param_m": [2036, 2.979307662760038]}]}