{"EntityID": "0", "Param": [{"Param_W": [[-10053.5380859375, 10053.5380859375], [-2246.281982421875, 2246.281982421875], [-177963.0, 177963.0625], [19916.91796875, -19916.875], [-0.5213289856910706, 0.5213289856910706]]}, {"Param_b": [-429.70306396484375, 429.70306396484375]}, {"Param_m": [2036, 1.407167495414615]}]}