{"EntityID": "0", "Param": [{"Param_W": [[-14135.921875, 14135.921875], [-5522.62548828125, 5522.62548828125], [-178423.328125, 178423.328125], [-15786.2783203125, 15786.251953125], [-1.0418283939361572, 1.0418283939361572]]}, {"Param_b": [-615.8768920898438, 615.8768920898438]}, {"Param_m": [2036, 1.9881759386509656]}]}