{"EntityID": "0", "Param": [{"Param_W": [[-50351.05859375, 50351.05859375], [-43879.1953125, 43879.1953125], [-41159.26171875, 41159.29296875], [92916.890625, -92916.890625], [-6.296715259552002, 6.296715259552002]]}, {"Param_b": [-2435.61669921875, 2435.61669921875]}, {"Param_m": [2036, 14.889834518730641]}]}