{"EntityID": "0", "Param": [{"Param_W": [[-17044.07421875, 17044.07421875], [-8372.28515625, 8372.28515625], [-126460.5546875, 126460.5546875], [-7030.26513671875, 7030.2724609375], [-1.355881929397583, 1.355881929397583]]}, {"Param_b": [-781.3748168945312, 781.3748168945312]}, {"Param_m": [2036, 2.4996728986967356]}]}