{"EntityID": "0", "Param": [{"Param_W": [[-16678.552734375, 16678.552734375], [-8018.1708984375, 8018.1708984375], [-118046.453125, 118046.484375], [2826.150634765625, -2826.146728515625], [-1.293900728225708, 1.293900728225708]]}, {"Param_b": [-766.0840454101562, 766.0840454101562]}, {"Param_m": [2036, 2.564004217204638]}]}