{"EntityID": "0", "Param": [{"Param_W": [[-20770.158203125, 20770.158203125], [-13463.6142578125, 13463.6142578125], [123959.0, -123959.0], [-43882.53125, 43882.53125], [-2.068368911743164, 2.068368911743164]]}, {"Param_b": [-978.5464477539062, 978.5464477539062]}, {"Param_m": [2036, 5.581642519213955]}]}