{"EntityID": "0", "Param": [{"Param_W": [[-35079.86328125, 35079.86328125], [-27148.580078125, 27148.580078125], [-44061.65234375, 44061.65234375], [-88140.265625, 88140.3203125], [-4.0442399978637695, 4.0442399978637695]]}, {"Param_b": [-1669.4661865234375, 1669.4661865234375]}, {"Param_m": [2036, 7.0166320361197]}]}