{"EntityID": "0", "Param": [{"Param_W": [[-14189.3173828125, 14189.3173828125], [-5734.51123046875, 5734.51123046875], [-193761.171875, 193761.203125], [-5722.42724609375, 5722.42138671875], [-1.064049243927002, 1.064049243927002]]}, {"Param_b": [-620.2001953125, 620.2001953125]}, {"Param_m": [2036, 2.0963740209990647]}]}