{"EntityID": "0", "Param": [{"Param_W": [[-8884.1611328125, 8884.1611328125], [-3667.59228515625, 3667.59228515625], [-24388.330078125, 24388.330078125], [-81255.765625, 81255.78125], [-0.7011690735816956, 0.7011690735816956]]}, {"Param_b": [-390.64190673828125, 390.64190673828125]}, {"Param_m": [2036, 1.6083980542085305]}]}