{"EntityID": "0", "Param": [{"Param_W": [[-19706.119140625, 19706.119140625], [-10538.71484375, 10538.71484375], [-96510.3671875, 96510.3046875], [-16156.876953125, 16156.8515625], [-1.6933413743972778, 1.6933413743972778]]}, {"Param_b": [-904.019287109375, 904.019287109375]}, {"Param_m": [2036, 3.248871603608131]}]}