{"EntityID": "0", "Param": [{"Param_W": [[-30505.74609375, 30505.74609375], [-23176.873046875, 23176.873046875], [87690.1640625, -87690.25], [216936.15625, -216936.1875], [-3.257861614227295, 3.257861614227295]]}, {"Param_b": [-1483.8385009765625, 1483.8385009765625]}, {"Param_m": [2036, 8.029767062204975]}]}