{"EntityID": "0", "Param": [{"Param_W": [[-19173.12890625, 19173.12890625], [-12000.072265625, 12000.072265625], [-264774.96875, 264774.9375], [-141874.875, 141874.875], [-2.043303966522217, 2.043303966522217]]}, {"Param_b": [-852.42822265625, 852.42822265625]}, {"Param_m": [2036, 2.5486603572964666]}]}