{"EntityID": "0", "Param": [{"Param_W": [[-40447.640625, 40447.640625], [-30910.1015625, 30910.1015625], [69925.328125, -69925.328125], [-71644.9140625, 71644.984375], [-4.519290924072266, 4.519290924072266]]}, {"Param_b": [-1945.3214111328125, 1945.3214111328125]}, {"Param_m": [2036, 8.321142393350602]}]}