{"EntityID": "0", "Param": [{"Param_W": [[-20713.849609375, 20713.849609375], [-9939.2216796875, 9939.2216796875], [227395.390625, -227395.390625], [165205.546875, -165205.578125], [-1.4188112020492554, 1.4188112020492554]]}, {"Param_b": [-1000.8150634765625, 1000.8150634765625]}, {"Param_m": [2036, 3.6507894367998226]}]}