{"EntityID": "0", "Param": [{"Param_W": [[-6192.02001953125, 6192.02001953125], [-1137.339599609375, 1137.339599609375], [-57507.03515625, 57507.03515625], [-3485.430908203125, 3485.407958984375], [-0.3049875497817993, 0.3049875497817993]]}, {"Param_b": [-259.85150146484375, 259.85150146484375]}, {"Param_m": [2036, 1.5122515020446434]}]}