{"EntityID": "0", "Param": [{"Param_W": [[-10196.7373046875, 10196.7373046875], [-2850.387451171875, 2850.387451171875], [-102049.5859375, 102049.5859375], [-8208.0126953125, 8208.0419921875], [-0.5746588706970215, 0.5746588706970215]]}, {"Param_b": [-446.2376708984375, 446.2376708984375]}, {"Param_m": [2036, 1.968728313631436]}]}