{"EntityID": "0", "Param": [{"Param_W": [[-20918.697265625, 20918.697265625], [-13679.3837890625, 13679.3837890625], [-250144.890625, 250144.890625], [-185005.46875, 185005.421875], [-2.261897087097168, 2.261897087097168]]}, {"Param_b": [-944.2181396484375, 944.2181396484375]}, {"Param_m": [2036, 2.8856091914698485]}]}