{"EntityID": "0", "Param": [{"Param_W": [[-20116.78515625, 20116.78515625], [-10650.361328125, 10650.361328125], [-53490.57421875, 53490.60546875], [-76193.8046875, 76193.78125], [-1.7578113079071045, 1.7578113079071045]]}, {"Param_b": [-917.868896484375, 917.868896484375]}, {"Param_m": [2036, 2.995912073924672]}]}