{"EntityID": "0", "Param": [{"Param_W": [[-18295.00390625, 18295.00390625], [-8946.537109375, 8946.537109375], [354042.5, -354042.4375], [281760.4375, -281760.4375], [-1.1802489757537842, 1.1802489757537842]]}, {"Param_b": [-904.3226318359375, 904.3226318359375]}, {"Param_m": [2036, 4.63384124173208]}]}