{"EntityID": "0", "Param": [{"Param_W": [[-8977.361328125, 8977.361328125], [-3611.040771484375, 3611.040771484375], [-31535.474609375, 31535.4140625], [-72837.578125, 72837.6015625], [-0.696428656578064, 0.696428656578064]]}, {"Param_b": [-393.6302795410156, 393.6302795410156]}, {"Param_m": [2036, 1.6876436630580574]}]}