{"EntityID": "0", "Param": [{"Param_W": [[-9077.3583984375, 9077.3583984375], [-4127.04296875, 4127.04296875], [16500.94921875, -16500.91796875], [-81430.390625, 81430.328125], [-0.7150940895080566, 0.7150940895080566]]}, {"Param_b": [-414.9280700683594, 414.9280700683594]}, {"Param_m": [2036, 1.6652236447447866]}]}