{"EntityID": "0", "Param": [{"Param_W": [[-14780.5595703125, 14780.5595703125], [-7370.37744140625, 7370.37744140625], [-184453.546875, 184453.484375], [-14896.931640625, 14896.9013671875], [-1.268420934677124, 1.268420934677124]]}, {"Param_b": [-658.5938110351562, 658.5938110351562]}, {"Param_m": [2036, 2.0368596129119396]}]}