{"EntityID": "0", "Param": [{"Param_W": [[-56581.9765625, 56581.9765625], [-48996.0703125, 48996.0703125], [37266.65234375, -37266.55859375], [3214.854736328125, -3214.907470703125], [-7.052221775054932, 7.052221775054932]]}, {"Param_b": [-2742.3701171875, 2742.3662109375]}, {"Param_m": [2036, 17.547502815723416]}]}