{"EntityID": "0", "Param": [{"Param_W": [[-29955.765625, 29955.765625], [-20383.765625, 20383.765625], [271230.1875, -271230.1875], [148010.421875, -148010.40625], [-2.90997314453125, 2.90997314453125]]}, {"Param_b": [-1456.1998291015625, 1456.1998291015625]}, {"Param_m": [2036, 5.769971226215362]}]}