{"EntityID": "0", "Param": [{"Param_W": [[-9935.5810546875, 9935.5810546875], [-3259.111083984375, 3259.111083984375], [-93529.8515625, 93529.8828125], [-37607.92578125, 37607.88671875], [-0.681674063205719, 0.681674063205719]]}, {"Param_b": [-425.0763854980469, 425.0763854980469]}, {"Param_m": [2036, 1.8545287927784957]}]}