{"EntityID": "0", "Param": [{"Param_W": [[-45861.2890625, 45861.2890625], [-36381.21484375, 36381.21484375], [-61003.515625, 61003.515625], [128978.0859375, -128978.0703125], [-5.386344909667969, 5.386344909667969]]}, {"Param_b": [-2177.090576171875, 2177.090576171875]}, {"Param_m": [2036, 12.97780219018459]}]}