{"EntityID": "0", "Param": [{"Param_W": [[-12239.384765625, 12239.384765625], [-5055.65185546875, 5055.65185546875], [-44140.19921875, 44140.19921875], [-26260.40234375, 26260.431640625], [-0.8792315721511841, 0.8792315721511841]]}, {"Param_b": [-552.9391479492188, 552.9391479492188]}, {"Param_m": [2036, 1.8147155618199349]}]}