{"EntityID": "0", "Param": [{"Param_W": [[-10156.9326171875, 10156.9326171875], [-2809.369384765625, 2809.369384765625], [-102105.53125, 102105.53125], [-5781.51416015625, 5781.54052734375], [-0.566896378993988, 0.566896378993988]]}, {"Param_b": [-444.61456298828125, 444.61456298828125]}, {"Param_m": [2036, 1.9737240253976784]}]}