{"EntityID": "0", "Param": [{"Param_W": [[-20242.0234375, 20242.0234375], [-10126.8369140625, 10126.8369140625], [262949.46875, -262949.5], [184419.25, -184419.234375], [-1.4192259311676025, 1.4192259311676025]]}, {"Param_b": [-985.0237426757812, 985.0237426757812]}, {"Param_m": [2036, 3.9616767242536297]}]}