{"EntityID": "0", "Param": [{"Param_W": [[-17903.75390625, 17903.75390625], [-10660.3125, 10660.3125], [-32413.783203125, 32413.783203125], [-43611.3046875, 43611.296875], [-1.669224500656128, 1.669224500656128]]}, {"Param_b": [-834.3159790039062, 834.3159790039062]}, {"Param_m": [2036, 2.684254058309489]}]}