{"EntityID": "0", "Param": [{"Param_W": [[-9711.3173828125, 9711.3173828125], [-3197.219970703125, 3197.219970703125], [-93463.5, 93463.5], [-8420.951171875, 8420.951171875], [-0.6570830345153809, 0.6570830345153809]]}, {"Param_b": [-417.3248291015625, 417.3248291015625]}, {"Param_m": [2036, 1.964059629939158]}]}