{"EntityID": "0", "Param": [{"Param_W": [[-4745.46826171875, 4745.46826171875], [-240.76841735839844, 240.76841735839844], [-45863.23046875, 45863.23046875], [-6556.0849609375, 6556.11572265625], [-0.16704095900058746, 0.16704095900058746]]}, {"Param_b": [-194.03155517578125, 194.03155517578125]}, {"Param_m": [2036, 1.3511852834389835]}]}