{"EntityID": "0", "Param": [{"Param_W": [[-15248.5048828125, 15248.5048828125], [-8914.9853515625, 8914.9853515625], [-116146.4609375, 116146.4296875], [-119780.5625, 119780.6015625], [-1.5149827003479004, 1.5149827003479004]]}, {"Param_b": [-684.8368530273438, 684.8368530273438]}, {"Param_m": [2036, 1.9528030171990396]}]}