{"EntityID": "0", "Param": [{"Param_W": [[-7277.90478515625, 7277.90478515625], [-2239.486328125, 2239.486328125], [-46141.0703125, 46141.1015625], [-14507.943359375, 14507.9580078125], [-0.4730358123779297, 0.4730358123779297]]}, {"Param_b": [-312.140380859375, 312.140380859375]}, {"Param_m": [2036, 1.7050334109610046]}]}