{"EntityID": "0", "Param": [{"Param_W": [[-12842.76171875, 12842.76171875], [-5256.615234375, 5256.615234375], [-4738.095703125, 4738.0654296875], [-24319.61328125, 24319.62109375], [-0.9060149788856506, 0.9060149788856506]]}, {"Param_b": [-584.0667114257812, 584.0667114257812]}, {"Param_m": [2036, 2.1051283980064905]}]}