{"EntityID": "0", "Param": [{"Param_W": [[-8070.59619140625, 8070.59619140625], [-2638.2587890625, 2638.2587890625], [-7033.1923828125, 7033.1923828125], [-42448.28515625, 42448.30078125], [-0.5217437744140625, 0.5217437744140625]]}, {"Param_b": [-355.78265380859375, 355.78265380859375]}, {"Param_m": [2036, 1.7371639881136212]}]}