{"EntityID": "0", "Param": [{"Param_W": [[-48216.96875, 48216.96875], [-41857.23828125, 41857.23828125], [-83181.453125, 83181.453125], [58225.1875, -58225.2109375], [-6.028473854064941, 6.028473854064941]]}, {"Param_b": [-2328.981689453125, 2328.981689453125]}, {"Param_m": [2036, 14.689905714988711]}]}