{"EntityID": "0", "Param": [{"Param_W": [[-8848.7255859375, 8848.7255859375], [-3113.727783203125, 3113.727783203125], [-49522.359375, 49522.390625], [-10910.873046875, 10910.880859375], [-0.6073678135871887, 0.6073678135871887]]}, {"Param_b": [-383.9825439453125, 383.9825439453125]}, {"Param_m": [2036, 1.7932094646674586]}]}