{"EntityID": "0", "Param": [{"Param_W": [[-4220.72900390625, 4220.72900390625], [-307.5137023925781, 307.5137023925781], [-28311.619140625, 28311.646484375], [-16985.390625, 16985.376953125], [-0.16698169708251953, 0.16698169708251953]]}, {"Param_b": [-172.56687927246094, 172.56687927246094]}, {"Param_m": [2036, 1.4153183297802114]}]}