{"EntityID": "0", "Param": [{"Param_W": [[-7010.4384765625, 7010.4384765625], [-1981.7279052734375, 1981.7279052734375], [-69055.390625, 69055.390625], [-61851.53125, 61851.4765625], [-0.4838202893733978, 0.4838202893733978]]}, {"Param_b": [-290.93359375, 290.93359375]}, {"Param_m": [2036, 1.5703945488911115]}]}