{"EntityID": "0", "Param": [{"Param_W": [[-4365.38427734375, 4365.38427734375], [21.601198196411133, -21.601198196411133], [-51616.09765625, 51616.09765625], [-12172.419921875, 12172.412109375], [-0.1276361346244812, 0.1276361346244812]]}, {"Param_b": [-175.85862731933594, 175.85862731933594]}, {"Param_m": [2036, 1.243994211367787]}]}