{"EntityID": "0", "Param": [{"Param_W": [[-11293.7861328125, 11293.7861328125], [-4051.07421875, 4051.07421875], [-61904.09375, 61904.09375], [-16914.107421875, 16914.099609375], [-0.781282365322113, 0.781282365322113]]}, {"Param_b": [-492.74700927734375, 492.74700927734375]}, {"Param_m": [2036, 2.2852898089819065]}]}