{"EntityID": "0", "Param": [{"Param_W": [[-4559.06689453125, 4559.06689453125], [-191.01284790039062, 191.01284790039062], [-54849.99609375, 54849.99609375], [-17545.208984375, 17545.1953125], [-0.1641966998577118, 0.1641966998577118]]}, {"Param_b": [-184.35348510742188, 184.35348510742188]}, {"Param_m": [2036, 1.2388915386460138]}]}