{"EntityID": "0", "Param": [{"Param_W": [[-7811.3818359375, 7811.3818359375], [-2460.3525390625, 2460.3525390625], [-68843.84375, 68843.8125], [-60641.74609375, 60641.7578125], [-0.558008074760437, 0.558008074760437]]}, {"Param_b": [-328.0985412597656, 328.0985412597656]}, {"Param_m": [2036, 1.6860222632745279]}]}