{"EntityID": "0", "Param": [{"Param_W": [[-10324.4013671875, 10324.4013671875], [-2805.00048828125, 2805.00048828125], [-106177.296875, 106177.296875], [-251.15185546875, 251.15565490722656], [-0.5651779770851135, 0.5651779770851135]]}, {"Param_b": [-452.2599182128906, 452.2599182128906]}, {"Param_m": [2036, 2.0510125199492903]}]}