{"EntityID": "0", "Param": [{"Param_W": [[-3357.6513671875, 3357.6513671875], [595.8533325195312, -595.8533325195312], [-37554.65625, 37554.65625], [-14382.3935546875, 14382.37109375], [-0.02678343839943409, 0.02678343839943409]]}, {"Param_b": [-132.09498596191406, 132.09498596191406]}, {"Param_m": [2036, 1.2534182399766964]}]}