{"EntityID": "0", "Param": [{"Param_W": [[-4596.9296875, 4596.9296875], [-128.15093994140625, 128.15093994140625], [-47134.42578125, 47134.42578125], [-6224.81640625, 6224.81640625], [-0.14647933840751648, 0.14647933840751648]]}, {"Param_b": [-188.00930786132812, 188.00930786132812]}, {"Param_m": [2036, 1.364219145291932]}]}