{"EntityID": "0", "Param": [{"Param_W": [[-5499.810546875, 5499.810546875], [-997.7811889648438, 997.7811889648438], [-44562.91015625, 44562.91015625], [-14851.8330078125, 14851.8486328125], [-0.28087058663368225, 0.28087058663368225]]}, {"Param_b": [-230.68077087402344, 230.68077087402344]}, {"Param_m": [2036, 1.4975941618447839]}]}