{"EntityID": "0", "Param": [{"Param_W": [[-8457.4765625, 8457.4765625], [-3362.9912109375, 3362.9912109375], [-29918.236328125, 29918.236328125], [-58484.9609375, 58484.9453125], [-0.6526389122009277, 0.6526389122009277]]}, {"Param_b": [-369.9660339355469, 369.9660339355469]}, {"Param_m": [2036, 1.7767994705907766]}]}