{"EntityID": "0", "Param": [{"Param_W": [[-6176.0009765625, 6176.0009765625], [-932.7349243164062, 932.7349243164062], [-54152.96484375, 54152.96484375], [-19338.306640625, 19338.314453125], [-0.294558584690094, 0.294558584690094]]}, {"Param_b": [-256.8024597167969, 256.8024597167969]}, {"Param_m": [2036, 1.5259009315741547]}]}