{"EntityID": "0", "Param": [{"Param_W": [[-4160.05126953125, 4160.05126953125], [-272.5634460449219, 272.5634460449219], [-27334.435546875, 27334.404296875], [-17166.6640625, 17166.6640625], [-0.16188573837280273, 0.16188573837280273]]}, {"Param_b": [-169.65435791015625, 169.65435791015625]}, {"Param_m": [2036, 1.4108717775143746]}]}