{"EntityID": "0", "Param": [{"Param_W": [[-10652.060546875, 10652.060546875], [-4190.39013671875, 4190.39013671875], [-1289.6400146484375, 1289.6400146484375], [-51926.7265625, 51926.7421875], [-0.7706756591796875, 0.7706756591796875]]}, {"Param_b": [-475.12017822265625, 475.12017822265625]}, {"Param_m": [2036, 1.9247777613014478]}]}