{"EntityID": "0", "Param": [{"Param_W": [[-4099.859375, 4099.859375], [789.050537109375, -789.050537109375], [-75334.390625, 75334.359375], [-4328.5830078125, 4328.5830078125], [-0.02838333509862423, 0.02838333509862423]]}, {"Param_b": [-158.36834716796875, 158.36834716796875]}, {"Param_m": [2036, 1.1449724239036305]}]}