{"EntityID": "0", "Param": [{"Param_W": [[-6155.1279296875, 6155.1279296875], [-1308.2073974609375, 1308.2073974609375], [-56410.34765625, 56410.34765625], [-44479.8671875, 44479.8984375], [-0.36999067664146423, 0.36999067664146423]]}, {"Param_b": [-253.1162872314453, 253.1162872314453]}, {"Param_m": [2036, 1.5627319923549368]}]}