{"EntityID": "0", "Param": [{"Param_W": [[-52795.33203125, 52795.33203125], [-45216.46875, 45216.46875], [-45072.90234375, 45072.90234375], [-85465.7734375, 85465.78125], [-6.622279644012451, 6.622279644012451]]}, {"Param_b": [-2534.007080078125, 2534.007080078125]}, {"Param_m": [2036, 15.29990838766098]}]}