{"EntityID": "0", "Param": [{"Param_W": [[-13688.849609375, 13688.849609375], [-7638.572265625, 7638.572265625], [-51470.40625, 51470.40625], [-39700.3828125, 39700.375], [-1.2946118116378784, 1.2946118116378784]]}, {"Param_b": [-615.3004760742188, 615.3004760742188]}, {"Param_m": [2036, 2.3475588706635793]}]}