{"EntityID": "0", "Param": [{"Param_W": [[-5604.17626953125, 5604.17626953125], [-787.59423828125, 787.59423828125], [-51470.19921875, 51470.2265625], [-21987.751953125, 21987.755859375], [-0.26552343368530273, 0.26552343368530273]]}, {"Param_b": [-232.0460205078125, 232.0460205078125]}, {"Param_m": [2036, 1.4587610877602561]}]}