{"EntityID": "0", "Param": [{"Param_W": [[-6726.4677734375, 6726.4677734375], [-1418.3978271484375, 1418.3978271484375], [-59588.484375, 59588.484375], [-40178.78515625, 40178.75390625], [-0.39298176765441895, 0.39298176765441895]]}, {"Param_b": [-278.00927734375, 278.00927734375]}, {"Param_m": [2036, 1.642463217509794]}]}