{"EntityID": "0", "Param": [{"Param_W": [[-6004.162109375, 6004.162109375], [-1150.2032470703125, 1150.2032470703125], [-55440.69140625, 55440.75390625], [-41435.83203125, 41435.83203125], [-0.3439182937145233, 0.3439182937145233]]}, {"Param_b": [-246.4417724609375, 246.4417724609375]}, {"Param_m": [2036, 1.5440598355285475]}]}