{"EntityID": "0", "Param": [{"Param_W": [[-5427.48291015625, 5427.48291015625], [-676.4330444335938, 676.4330444335938], [-49819.64453125, 49819.64453125], [-14468.6318359375, 14468.6171875], [-0.23613275587558746, 0.23613275587558746]]}, {"Param_b": [-225.85691833496094, 225.85691833496094]}, {"Param_m": [2036, 1.4482932467980902]}]}