{"EntityID": "0", "Param": [{"Param_W": [[-5737.18115234375, 5737.18115234375], [-1379.806884765625, 1379.806884765625], [-34790.703125, 34790.671875], [-16421.408203125, 16421.439453125], [-0.32631945610046387, 0.32631945610046387]]}, {"Param_b": [-245.2888946533203, 245.2888946533203]}, {"Param_m": [2036, 1.559205325596342]}]}