{"EntityID": "0", "Param": [{"Param_W": [[-5915.33056640625, 5915.33056640625], [-1054.332763671875, 1054.332763671875], [-64277.03515625, 64277.03515625], [-6316.41650390625, 6316.42431640625], [-0.2924846410751343, 0.2924846410751343]]}, {"Param_b": [-246.7603302001953, 246.7603302001953]}, {"Param_m": [2036, 1.3891504608529033]}]}