{"EntityID": "0", "Param": [{"Param_W": [[-10294.791015625, 10294.791015625], [-2966.6455078125, 2966.6455078125], [-106988.8828125, 106988.8515625], [-14903.720703125, 14903.712890625], [-0.5933835506439209, 0.5933835506439209]]}, {"Param_b": [-450.8946838378906, 450.8946838378906]}, {"Param_m": [2036, 1.8371543554734673]}]}