{"EntityID": "0", "Param": [{"Param_W": [[-48919.49609375, 48919.49609375], [-40152.74609375, 40152.74609375], [-142897.9375, 142897.9375], [111421.015625, -111421.046875], [-5.8250203132629395, 5.8250203132629395]]}, {"Param_b": [-2345.0458984375, 2345.0458984375]}, {"Param_m": [2036, 12.182097268104556]}]}