{"EntityID": "0", "Param": [{"Param_W": [[-9533.16796875, 9533.16796875], [-3090.427734375, 3090.427734375], [-96898.4609375, 96898.4609375], [-10694.611328125, 10694.603515625], [-0.6372324824333191, 0.6372324824333191]]}, {"Param_b": [-409.5429382324219, 409.5429382324219]}, {"Param_m": [2036, 1.8949403442762536]}]}