{"EntityID": "0", "Param": [{"Param_W": [[-6000.27880859375, 6000.27880859375], [-1251.170654296875, 1251.170654296875], [-55689.92578125, 55689.89453125], [-44956.0234375, 44955.98046875], [-0.35890993475914, 0.35890993475914]]}, {"Param_b": [-246.4417724609375, 246.4417724609375]}, {"Param_m": [2036, 1.5290612533205423]}]}