{"EntityID": "0", "Param": [{"Param_W": [[-6639.091796875, 6639.091796875], [-1805.5203857421875, 1805.76318359375], [-66921.0859375, 66921.0859375], [-57529.8515625, 57529.8515625], [-0.4454820454120636, 0.4454820454120636]]}, {"Param_b": [-276.0675964355469, 276.0675964355469]}, {"Param_m": [2036, 1.5201099927487083]}]}