{"EntityID": "0", "Param": [{"Param_W": [[-7486.150390625, 7486.150390625], [-1834.4029541015625, 1834.4029541015625], [-53738.2890625, 53738.2890625], [-36344.66796875, 36344.63671875], [-0.45472589135169983, 0.45472589135169983]]}, {"Param_b": [-313.9000244140625, 313.9000244140625]}, {"Param_m": [2036, 1.8101147164095892]}]}