{"EntityID": "0", "Param": [{"Param_W": [[-12786.453125, 12786.453125], [-6821.60986328125, 6821.60986328125], [-128875.421875, 128875.3984375], [-74722.84375, 74722.8125], [-1.2062621116638184, 1.2062621116638184]]}, {"Param_b": [-562.8902587890625, 562.8902587890625]}, {"Param_m": [2036, 1.900068481326103]}]}