{"EntityID": "0", "Param": [{"Param_W": [[-21432.271484375, 21432.271484375], [-13162.1689453125, 13162.1689453125], [260177.546875, -260177.546875], [120470.1171875, -120470.0703125], [-1.8295103311538696, 1.8295103311538696]]}, {"Param_b": [-1055.2884521484375, 1055.2884521484375]}, {"Param_m": [2036, 4.301784583948796]}]}