{"EntityID": "0", "Param": [{"Param_W": [[-7335.1845703125, 7335.1845703125], [-1621.0606689453125, 1621.0606689453125], [-75906.34375, 75906.40625], [3612.231689453125, -3612.1787109375], [-0.38326388597488403, 0.38326388597488403]]}, {"Param_b": [-312.11004638671875, 312.11004638671875]}, {"Param_m": [2036, 1.5563948050424317]}]}