{"EntityID": "0", "Param": [{"Param_W": [[-17030.96875, 17030.96875], [-10881.421875, 10881.421875], [-192892.359375, 192892.359375], [-147051.4375, 147051.5], [-1.8200294971466064, 1.8200294971466064]]}, {"Param_b": [-765.9627075195312, 765.9627075195312]}, {"Param_m": [2036, 2.1523025423288344]}]}