{"EntityID": "0", "Param": [{"Param_W": [[-12138.4169921875, 12138.4169921875], [-6377.693359375, 6377.693359375], [-56361.8046875, 56361.8359375], [-36051.4765625, 36051.4765625], [-1.1164309978485107, 1.1164309978485107]]}, {"Param_b": [-538.3613891601562, 538.3613891601562]}, {"Param_m": [2036, 2.220866746340289]}]}