{"EntityID": "0", "Param": [{"Param_W": [[-17090.67578125, 17090.67578125], [-8523.9794921875, 8523.9794921875], [350163.53125, -350163.5625], [290789.375, -290789.40625], [-1.0805814266204834, 1.0805814266204834]]}, {"Param_b": [-855.84130859375, 855.84130859375]}, {"Param_m": [2036, 4.178310458683085]}]}