{"EntityID": "0", "Param": [{"Param_W": [[-21794.39453125, 21794.39453125], [-15004.5810546875, 15004.5810546875], [149538.625, -149538.625], [-76755.140625, 76755.1796875], [-2.2063748836517334, 2.2063748836517334]]}, {"Param_b": [-1053.6197509765625, 1053.6197509765625]}, {"Param_m": [2036, 4.455442095549199]}]}