{"EntityID": "0", "Param": [{"Param_W": [[-4749.8369140625, 4749.8369140625], [-259.9425354003906, 259.9425354003906], [-50842.45703125, 50842.42578125], [-6979.79638671875, 6979.81201171875], [-0.16650766134262085, 0.16650766134262085]]}, {"Param_b": [-195.15408325195312, 195.15408325195312]}, {"Param_m": [2036, 1.384547426144479]}]}