{"EntityID": "0", "Param": [{"Param_W": [[-49534.4609375, 49534.4609375], [-43287.58984375, 43287.58984375], [-50948.5234375, 50948.58203125], [46695.98828125, -46695.95703125], [-6.227586269378662, 6.227586269378662]]}, {"Param_b": [-2393.52734375, 2393.52734375]}, {"Param_m": [2036, 14.349410510063173]}]}