{"EntityID": "0", "Param": [{"Param_W": [[-5215.3544921875, 5215.3544921875], [-773.2743530273438, 773.2743530273438], [-43598.59375, 43598.59375], [-10596.09375, 10596.078125], [-0.24715425074100494, 0.24715425074100494]]}, {"Param_b": [-217.02833557128906, 217.02833557128906]}, {"Param_m": [2036, 1.4738954152343364]}]}