{"EntityID": "0", "Param": [{"Param_W": [[-17123.68359375, 17123.68359375], [-8846.2978515625, 8846.2978515625], [370279.84375, -370279.75], [303795.5, -303795.4375], [-1.114534854888916, 1.114534854888916]]}, {"Param_b": [-860.4224853515625, 860.4224853515625]}, {"Param_m": [2036, 4.507385698113766]}]}