{"EntityID": "0", "Param": [{"Param_W": [[-6052.7041015625, 6052.7041015625], [-1386.360107421875, 1386.360107421875], [-59399.65625, 59399.6875], [-29479.70703125, 29479.736328125], [-0.3577248156070709, 0.3577248156070709]]}, {"Param_b": [-253.31349182128906, 253.31349182128906]}, {"Param_m": [2036, 1.4646550233542175]}]}