{"EntityID": "0", "Param": [{"Param_W": [[-6878.8896484375, 6878.8896484375], [-2185.36181640625, 2185.36181640625], [-64762.9140625, 64762.9140625], [1148.3525390625, -1148.3525390625], [-0.4450080096721649, 0.4450080096721649]]}, {"Param_b": [-295.78778076171875, 295.78778076171875]}, {"Param_m": [2036, 1.5633510126246308]}]}