{"EntityID": "0", "Param": [{"Param_W": [[-5700.2890625, 5700.2890625], [-756.28466796875, 756.28466796875], [-60768.1484375, 60768.1484375], [-21690.96875, 21690.953125], [-0.2559240758419037, 0.2559240758419037]]}, {"Param_b": [-237.1125946044922, 237.1125946044922]}, {"Param_m": [2036, 1.4699513524109316]}]}