{"EntityID": "0", "Param": [{"Param_W": [[-16302.837890625, 16302.837890625], [-10195.0380859375, 10195.0380859375], [-144505.828125, 144505.859375], [-150917.265625, 150917.21875], [-1.7481526136398315, 1.7481526136398315]]}, {"Param_b": [-724.0042114257812, 724.0042114257812]}, {"Param_m": [2036, 2.3029296085238458]}]}