{"EntityID": "0", "Param": [{"Param_W": [[-10930.2060546875, 10930.2060546875], [-5243.994140625, 5243.994140625], [-50518.07421875, 50518.07421875], [-20579.861328125, 20579.837890625], [-0.9226065278053284, 0.9226065278053284]]}, {"Param_b": [-485.04095458984375, 485.04095458984375]}, {"Param_m": [2036, 2.0683963136300205]}]}