{"EntityID": "0", "Param": [{"Param_W": [[-11591.3486328125, 11591.3486328125], [-5836.44970703125, 5836.44970703125], [-52845.05859375, 52845.02734375], [-28140.013671875, 28140.046875], [-1.017770767211914, 1.017770767211914]]}, {"Param_b": [-515.5921020507812, 515.5921020507812]}, {"Param_m": [2036, 2.151462241643995]}]}