{"EntityID": "0", "Param": [{"Param_W": [[-55923.13671875, 55923.13671875], [-48499.96875, 48499.96875], [75524.40625, -75524.4375], [26273.345703125, -26273.345703125], [-6.925267219543457, 6.925267219543457]]}, {"Param_b": [-2722.468017578125, 2722.468017578125]}, {"Param_m": [2036, 17.27324342131615]}]}