{"EntityID": "0", "Param": [{"Param_W": [[-9819.080078125, 9819.080078125], [-3198.9189453125, 3198.9189453125], [-106883.703125, 106883.703125], [-20061.173828125, 20061.201171875], [-0.6602828502655029, 0.6602828502655029]]}, {"Param_b": [-421.2233581542969, 421.2233581542969]}, {"Param_m": [2036, 1.852472941961081]}]}