{"EntityID": "0", "Param": [{"Param_W": [[-8097.77978515625, 8097.77978515625], [-1905.5169677734375, 1905.5169677734375], [-87037.6328125, 87037.6328125], [-24237.39453125, 24237.37109375], [-0.4631994366645813, 0.4631994366645813]]}, {"Param_b": [-341.1138610839844, 341.1138610839844]}, {"Param_m": [2036, 1.6756558468676517]}]}