{"EntityID": "0", "Param": [{"Param_W": [[-11180.68359375, 11180.68359375], [-4267.08642578125, 4267.08642578125], [-116090.9453125, 116090.9453125], [-35709.30078125, 35709.3046875], [-0.8425524830818176, 0.8425524830818176]]}, {"Param_b": [-481.5065002441406, 481.5065002441406]}, {"Param_m": [2036, 1.9987726353891193]}]}