{"EntityID": "0", "Param": [{"Param_W": [[-12578.693359375, 12578.693359375], [-5390.3486328125, 5390.3486328125], [-106497.125, 106497.125], [4521.59814453125, -4521.5751953125], [-0.9726772904396057, 0.9726772904396057]]}, {"Param_b": [-552.9239501953125, 552.9239501953125]}, {"Param_m": [2036, 2.0858822295941537]}]}