{"EntityID": "0", "Param": [{"Param_W": [[-4490.62255859375, 4490.62255859375], [-207.5171356201172, 207.5171356201172], [-40426.30859375, 40426.33984375], [-12421.8505859375, 12421.8349609375], [-0.1569082885980606, 0.1569082885980606]]}, {"Param_b": [-183.79222106933594, 183.79222106933594]}, {"Param_m": [2036, 1.3915041760967117]}]}