{"EntityID": "0", "Param": [{"Param_W": [[-8555.53125, 8555.53125], [-1925.419189453125, 1925.419189453125], [-94464.6875, 94464.6875], [-17329.578125, 17329.607421875], [-0.4722062349319458, 0.4722062349319458]]}, {"Param_b": [-360.7582092285156, 360.7582092285156]}, {"Param_m": [2036, 1.7797526524882414]}]}