{"EntityID": "0", "Param": [{"Param_W": [[-49709.09375, 49709.09375], [-41630.96875, 41630.96875], [-30019.5390625, 30019.478515625], [46988.82421875, -46988.796875], [-6.034717559814453, 6.034717559814453]]}, {"Param_b": [-2392.01806640625, 2392.01806640625]}, {"Param_m": [2036, 14.735840231180191]}]}