{"EntityID": "0", "Param": [{"Param_W": [[-7542.9443359375, 7542.9443359375], [-2895.288818359375, 2895.288818359375], [-80704.140625, 80704.140625], [-17076.119140625, 17076.11328125], [-0.5681999921798706, 0.5681999921798706]]}, {"Param_b": [-324.59442138671875, 324.59442138671875]}, {"Param_m": [2036, 1.5399441879474907]}]}