{"EntityID": "0", "Param": [{"Param_W": [[-5143.51220703125, 5143.51220703125], [-645.8515625, 645.8515625], [-48255.28515625, 48255.28515625], [-8097.10498046875, 8097.09716796875], [-0.22499273717403412, 0.22499273717403412]]}, {"Param_b": [-213.88827514648438, 213.88827514648438]}, {"Param_m": [2036, 1.4530715631478974]}]}