{"EntityID": "0", "Param": [{"Param_W": [[-13480.119140625, 13480.119140625], [-7172.8115234375, 7172.8115234375], [-52943.41796875, 52943.41796875], [-26912.37109375, 26912.40234375], [-1.231919765472412, 1.231919765472412]]}, {"Param_b": [-602.9374389648438, 602.9374389648438]}, {"Param_m": [2036, 2.4224936972446356]}]}