{"EntityID": "0", "Param": [{"Param_W": [[-4927.01513671875, 4927.01513671875], [198.2941436767578, -198.2941436767578], [-92773.8984375, 92773.8984375], [-7423.53857421875, 7423.52392578125], [-0.132732093334198, 0.132732093334198]]}, {"Param_b": [-194.31976318359375, 194.31976318359375]}, {"Param_m": [2036, 1.1771630932380504]}]}