{"EntityID": "0", "Param": [{"Param_W": [[-5808.5380859375, 5808.5380859375], [-1164.0377197265625, 1164.0377197265625], [-63067.9765625, 63067.9765625], [-18991.3515625, 18991.375], [-0.31879401206970215, 0.31879401206970215]]}, {"Param_b": [-242.1033172607422, 242.1033172607422]}, {"Param_m": [2036, 1.4322303883310095]}]}