{"EntityID": "0", "Param": [{"Param_W": [[-22664.267578125, 22664.267578125], [-15743.390625, 15743.390625], [151509.234375, -151509.234375], [-86195.890625, 86195.890625], [-2.3107235431671143, 2.3107235431671143]]}, {"Param_b": [-1097.1256103515625, 1097.1256103515625]}, {"Param_m": [2036, 4.385663794070404]}]}