{"EntityID": "0", "Param": [{"Param_W": [[-6648.80029296875, 6648.80029296875], [-2038.522216796875, 2038.522216796875], [-65140.90625, 65140.90625], [-1635.6158447265625, 1635.608154296875], [-0.42314276099205017, 0.42314276099205017]]}, {"Param_b": [-285.0326843261719, 285.0326843261719]}, {"Param_m": [2036, 1.5184179858863098]}]}