{"EntityID": "0", "Param": [{"Param_W": [[-6013.38525390625, 6013.38525390625], [-1613.5367431640625, 1613.5367431640625], [-40240.6953125, 40240.6953125], [-15021.9267578125, 15021.9423828125], [-0.36726492643356323, 0.36726492643356323]]}, {"Param_b": [-256.6962890625, 256.6962890625]}, {"Param_m": [2036, 1.6089338712544479]}]}