{"EntityID": "0", "Param": [{"Param_W": [[-52582.6875, 52582.6875], [-44008.10546875, 44008.10546875], [-85049.5, 85049.5], [44559.828125, -44559.78515625], [-6.441132068634033, 6.441132068634033]]}, {"Param_b": [-2516.60888671875, 2516.60888671875]}, {"Param_m": [2036, 14.364242039620876]}]}