{"EntityID": "0", "Param": [{"Param_W": [[-45668.94140625, 45668.94140625], [-36402.390625, 36402.390625], [-133286.40625, 133286.46875], [-84593.5703125, 84593.6796875], [-5.395337104797363, 5.395337104797363]]}, {"Param_b": [-2172.892578125, 2172.892578125]}, {"Param_m": [2036, 11.411309030652045]}]}