{"EntityID": "0", "Param": [{"Param_W": [[-23459.873046875, 23459.873046875], [-16621.759765625, 16621.759765625], [151225.109375, -151225.109375], [-102014.7578125, 102014.84375], [-2.4415595531463623, 2.4415595531463623]]}, {"Param_b": [-1136.1715087890625, 1136.1715087890625]}, {"Param_m": [2036, 4.323349638844774]}]}