{"EntityID": "0", "Param": [{"Param_W": [[-8398.2548828125, 8398.2548828125], [-3943.31103515625, 3943.31103515625], [5312.07421875, -5312.10498046875], [-52823.25390625, 52823.24609375], [-0.6714821457862854, 0.6714821457862854]]}, {"Param_b": [-384.270751953125, 384.270751953125]}, {"Param_m": [2036, 1.639775003652925]}]}