{"EntityID": "0", "Param": [{"Param_W": [[-23987.0390625, 23987.0390625], [-17491.146484375, 17491.146484375], [164990.328125, -164990.328125], [-135154.140625, 135154.171875], [-2.5642178058624268, 2.5642178058624268]]}, {"Param_b": [-1165.14501953125, 1165.14501953125]}, {"Param_m": [2036, 4.18890295008521]}]}