{"EntityID": "0", "Param": [{"Param_W": [[-9399.19140625, 9399.19140625], [-2755.244873046875, 2755.244873046875], [-102760.3046875, 102760.3046875], [-17888.416015625, 17888.431640625], [-0.5958130359649658, 0.5958130359649658]]}, {"Param_b": [-400.85089111328125, 400.85089111328125]}, {"Param_m": [2036, 1.8033776461392992]}]}