{"EntityID": "0", "Param": [{"Param_W": [[-13349.541015625, 13349.541015625], [-7361.8828125, 7361.8828125], [-75012.7421875, 75012.7421875], [-63947.6171875, 63947.6328125], [-1.269783854484558, 1.269783854484558]]}, {"Param_b": [-595.01904296875, 595.01904296875]}, {"Param_m": [2036, 2.2032472826465965]}]}