{"EntityID": "0", "Param": [{"Param_W": [[-20195.908203125, 20195.908203125], [-10398.185546875, 10398.185546875], [269778.9375, -269778.90625], [231550.5, -231550.453125], [-1.4059526920318604, 1.4059526920318604]]}, {"Param_b": [-992.1837158203125, 992.1837158203125]}, {"Param_m": [2036, 3.8311227392329283]}]}