{"EntityID": "0", "Param": [{"Param_W": [[-6620.64599609375, 6620.64599609375], [-1116.951904296875, 1116.951904296875], [-46994.5625, 46994.5625], [-15353.9541015625, 15353.943359375], [-0.3396519124507904, 0.3396519124507904]]}, {"Param_b": [-273.9893798828125, 273.9893798828125]}, {"Param_m": [2036, 1.880794484361286]}]}