{"EntityID": "0", "Param": [{"Param_W": [[-9673.4541015625, 9673.4541015625], [-4082.141357421875, 4082.141357421875], [-73121.84375, 73121.84375], [-11246.3291015625, 11246.3134765625], [-0.7544989585876465, 0.7544989585876465]]}, {"Param_b": [-422.74029541015625, 422.74029541015625]}, {"Param_m": [2036, 1.896742972112191]}]}