{"EntityID": "0", "Param": [{"Param_W": [[-5491.55859375, 5491.55859375], [-385.180908203125, 385.180908203125], [-49274.30859375, 49274.30859375], [-8524.6279296875, 8524.634765625], [-0.20769016444683075, 0.20769016444683075]]}, {"Param_b": [-224.9922637939453, 224.9922637939453]}, {"Param_m": [2036, 1.640360149167941]}]}