{"EntityID": "0", "Param": [{"Param_W": [[-9896.748046875, 9896.748046875], [-4582.1240234375, 4582.1240234375], [-118585.546875, 118585.578125], [-122637.0703125, 122637.0703125], [-0.89280104637146, 0.89280104637146]]}, {"Param_b": [-424.5606384277344, 424.5606384277344]}, {"Param_m": [2036, 1.701236261660175]}]}