{"EntityID": "0", "Param": [{"Param_W": [[-9098.716796875, 9098.716796875], [-4429.216796875, 4429.216796875], [18893.009765625, -18892.91796875], [-59227.16015625, 59227.1484375], [-0.7252267599105835, 0.7252267599105835]]}, {"Param_b": [-422.84649658203125, 422.84649658203125]}, {"Param_m": [2036, 1.695366040147197]}]}