{"EntityID": "0", "Param": [{"Param_W": [[-21293.927734375, 21293.927734375], [-12892.2744140625, 12892.2744140625], [233635.8125, -233635.84375], [97779.7578125, -97779.7890625], [-1.8143409490585327, 1.8143409490585327]]}, {"Param_b": [-1043.7900390625, 1043.7900390625]}, {"Param_m": [2036, 3.757839822942435]}]}