{"EntityID": "0", "Param": [{"Param_W": [[-21570.6171875, 21570.6171875], [-13143.96484375, 13143.96484375], [214040.890625, -214040.890625], [78550.9765625, -78550.984375], [-1.866367220878601, 1.866367220878601]]}, {"Param_b": [-1054.0596923828125, 1054.0445556640625]}, {"Param_m": [2036, 3.591616044621856]}]}