{"EntityID": "0", "Param": [{"Param_W": [[-10250.1328125, 10250.1328125], [-5086.71875, 5086.71875], [211.24879455566406, -211.27914428710938], [-51309.21484375, 51309.19921875], [-0.848537266254425, 0.848537266254425]]}, {"Param_b": [-469.0069274902344, 469.0069274902344]}, {"Param_m": [2036, 1.8198619942739536]}]}