{"EntityID": "0", "Param": [{"Param_W": [[-9387.056640625, 9387.056640625], [-2896.016845703125, 2896.016845703125], [-113604.5234375, 113604.4921875], [-34919.5625, 34919.53515625], [-0.6207595467567444, 0.6207595467567444]]}, {"Param_b": [-400.45648193359375, 400.45648193359375]}, {"Param_m": [2036, 1.6712299065080587]}]}