{"EntityID": "0", "Param": [{"Param_W": [[-50262.95703125, 50262.95703125], [-43380.42578125, 43380.42578125], [141287.15625, -141287.15625], [60318.50390625, -60318.48046875], [-6.225949764251709, 6.225949764251709]]}, {"Param_b": [-2440.33642578125, 2440.33642578125]}, {"Param_m": [2036, 14.082736593484881]}]}