{"EntityID": "0", "Param": [{"Param_W": [[-10861.2763671875, 10861.2763671875], [-5087.44677734375, 5087.44677734375], [-54336.60546875, 54336.6328125], [-18615.5, 18615.462890625], [-0.9019856452941895, 0.9019856452941895]]}, {"Param_b": [-480.9300537109375, 480.9300537109375]}, {"Param_m": [2036, 2.0727438045740114]}]}