{"EntityID": "0", "Param": [{"Param_W": [[-17461.537109375, 17461.537109375], [-9056.7275390625, 9056.7275390625], [330959.59375, -330959.53125], [255186.703125, -255186.734375], [-1.1703534126281738, 1.1703534126281738]]}, {"Param_b": [-872.2545776367188, 872.2545776367188]}, {"Param_m": [2036, 3.955657897704625]}]}