{"EntityID": "0", "Param": [{"Param_W": [[-9048.2333984375, 9048.2333984375], [-3604.487548828125, 3604.487548828125], [-58660.546875, 58660.6015625], [-187.47837829589844, 187.40252685546875], [-0.674622654914856, 0.674622654914856]]}, {"Param_b": [-394.7073059082031, 394.7073059082031]}, {"Param_m": [2036, 1.8891008111983238]}]}