{"EntityID": "0", "Param": [{"Param_W": [[-11439.8974609375, 11439.8974609375], [-5827.95458984375, 5827.95458984375], [-143798.734375, 143798.734375], [-115287.6953125, 115287.6328125], [-1.0740633010864258, 1.0740633010864258]]}, {"Param_b": [-497.0247802734375, 497.0247802734375]}, {"Param_m": [2036, 1.6582071244716645]}]}