{"EntityID": "0", "Param": [{"Param_W": [[-14396.591796875, 14396.591796875], [-7949.2412109375, 7949.2412109375], [-105024.8203125, 105024.7890625], [-79226.3984375, 79226.40625], [-1.385391116142273, 1.385391116142273]]}, {"Param_b": [-637.553955078125, 637.553955078125]}, {"Param_m": [2036, 2.2780898742377755]}]}