{"EntityID": "0", "Param": [{"Param_W": [[-8521.06640625, 8521.06640625], [-3038.487548828125, 3038.487548828125], [-107530.1953125, 107530.1953125], [-77596.046875, 77596.015625], [-0.6486687660217285, 0.6486687660217285]]}, {"Param_b": [-360.8947448730469, 360.8947448730469]}, {"Param_m": [2036, 1.5534113693013494]}]}