{"EntityID": "0", "Param": [{"Param_W": [[-53470.12890625, 53470.12890625], [-45650.61328125, 45650.61328125], [57825.2890625, -57825.2578125], [-7689.169921875, 7689.154296875], [-6.572993755340576, 6.572993755340576]]}, {"Param_b": [-2591.214599609375, 2591.214599609375]}, {"Param_m": [2036, 16.372749430686238]}]}