{"EntityID": "0", "Param": [{"Param_W": [[-22789.9921875, 22789.9921875], [-14857.013671875, 14857.013671875], [187765.109375, -187765.140625], [18208.734375, -18208.7265625], [-2.1345572471618652, 2.1345572471618652]]}, {"Param_b": [-1110.9296875, 1110.9296875]}, {"Param_m": [2036, 3.5813717332156165]}]}