{"EntityID": "0", "Param": [{"Param_W": [[-21964.29296875, 21964.29296875], [-13791.0302734375, 13791.0302734375], [240693.359375, -240693.265625], [90469.234375, -90469.1796875], [-1.939132809638977, 1.939132809638977]]}, {"Param_b": [-1078.27001953125, 1078.27001953125]}, {"Param_m": [2036, 3.9220019177068672]}]}