{"EntityID": "0", "Param": [{"Param_W": [[-19285.259765625, 19285.259765625], [-11476.7890625, 11477.0322265625], [110686.8515625, -110686.8203125], [-36607.42578125, 36607.45703125], [-1.7135474681854248, 1.7135474681854248]]}, {"Param_b": [-923.6787719726562, 923.6787719726562]}, {"Param_m": [2036, 3.242032873570841]}]}