{"EntityID": "0", "Param": [{"Param_W": [[-14137.86328125, 14137.86328125], [-7691.96826171875, 7691.96826171875], [-97561.390625, 97561.390625], [-68906.265625, 68906.2578125], [-1.3368608951568604, 1.3368608951568604]]}, {"Param_b": [-627.46630859375, 627.46630859375]}, {"Param_m": [2036, 2.2806611098349094]}]}