{"EntityID": "0", "Param": [{"Param_W": [[-13101.005859375, 13101.005859375], [-6895.1513671875, 6895.1513671875], [-83071.0546875, 83071.0546875], [-47008.79296875, 47008.82421875], [-1.2057288885116577, 1.2057288885116577]]}, {"Param_b": [-580.5018920898438, 580.5018920898438]}, {"Param_m": [2036, 2.3148957502096894]}]}