{"EntityID": "0", "Param": [{"Param_W": [[-14431.5419921875, 14431.5419921875], [-8011.13232421875, 8011.13232421875], [-93885.578125, 93885.578125], [-77601.765625, 77601.8125], [-1.3881760835647583, 1.3881760835647583]]}, {"Param_b": [-641.0580444335938, 641.0580444335938]}, {"Param_m": [2036, 2.31972965747118]}]}