{"EntityID": "0", "Param": [{"Param_W": [[-21604.595703125, 21604.595703125], [-13073.09375, 13073.09375], [218647.3125, -218647.375], [88884.3125, -88884.328125], [-1.8580714464187622, 1.8580714464187622]]}, {"Param_b": [-1055.1063232421875, 1055.1063232421875]}, {"Param_m": [2036, 3.5897477656789056]}]}