{"EntityID": "0", "Param": [{"Param_W": [[-21767.697265625, 21767.697265625], [-13106.3447265625, 13106.3447265625], [217808.5, -217808.4375], [98125.7109375, -98125.7265625], [-1.85973060131073, 1.85973060131073]]}, {"Param_b": [-1062.82763671875, 1062.82763671875]}, {"Param_m": [2036, 3.6114933821043573]}]}