{"EntityID": "0", "Param": [{"Param_W": [[-13604.8720703125, 13604.8720703125], [-7110.1923828125, 7110.1923828125], [-119799.5546875, 119799.5546875], [-69484.3203125, 69484.2734375], [-1.2582882642745972, 1.2582882642745972]]}, {"Param_b": [-599.236083984375, 599.236083984375]}, {"Param_m": [2036, 2.0927615493535994]}]}