{"EntityID": "0", "Param": [{"Param_W": [[-16566.90625, 16566.90625], [-9087.3095703125, 9087.3095703125], [93541.265625, -93541.265625], [-22363.302734375, 22363.271484375], [-1.3955830335617065, 1.3955830335617065]]}, {"Param_b": [-783.0889282226562, 783.0889282226562]}, {"Param_m": [2036, 3.093106496474563]}]}