{"EntityID": "0", "Param": [{"Param_W": [[-8981.2451171875, 8981.2451171875], [-4123.1591796875, 4123.1591796875], [-80429.546875, 80429.578125], [-30031.38671875, 30031.431640625], [-0.7646908760070801, 0.7646908760070801]]}, {"Param_b": [-390.50537109375, 390.50537109375]}, {"Param_m": [2036, 1.6930653052379057]}]}