{"EntityID": "0", "Param": [{"Param_W": [[-18445.482421875, 18445.482421875], [-10645.5068359375, 10645.5068359375], [97142.3203125, -97142.3515625], [-33388.4765625, 33388.46875], [-1.606176733970642, 1.606176733970642]]}, {"Param_b": [-879.4448852539062, 879.4448852539062]}, {"Param_m": [2036, 3.074838235878381]}]}