{"EntityID": "0", "Param": [{"Param_W": [[-61966.31640625, 61966.31640625], [-61408.203125, 61408.203125], [210195.234375, -210195.265625], [-96640.4140625, 96640.421875], [-8.711906433105469, 8.711906433105469]]}, {"Param_b": [-3046.4404296875, 3046.4404296875]}, {"Param_m": [2036, 18.39366618990898]}]}