{"EntityID": "0", "Param": [{"Param_W": [[-11260.77734375, 11260.77734375], [-5481.36474609375, 5481.36474609375], [-68582.8984375, 68582.8984375], [-30936.943359375, 30936.9375], [-0.9795509576797485, 0.9795509576797485]]}, {"Param_b": [-496.43316650390625, 496.43316650390625]}, {"Param_m": [2036, 2.0557034172885325]}]}