{"EntityID": "0", "Param": [{"Param_W": [[-10557.4033203125, 10557.4033203125], [-5497.14111328125, 5496.89794921875], [18755.84765625, -18755.818359375], [-56621.421875, 56621.484375], [-0.8733652830123901, 0.8733652830123901]]}, {"Param_b": [-494.5521545410156, 494.5521545410156]}, {"Param_m": [2036, 1.7333982711787133]}]}