{"EntityID": "0", "Param": [{"Param_W": [[-21356.546875, 21356.546875], [-13503.904296875, 13503.904296875], [157261.453125, -157261.421875], [-26004.7109375, 26004.7109375], [-1.9602277278900146, 1.9602277278900146]]}, {"Param_b": [-1037.100341796875, 1037.100341796875]}, {"Param_m": [2036, 3.0647208558527272]}]}