{"EntityID": "0", "Param": [{"Param_W": [[-12911.69140625, 12911.69140625], [-6190.32080078125, 6190.078125], [36808.05078125, -36808.078125], [-16204.0244140625, 16204.001953125], [-0.9879652261734009, 0.9879652261734009]]}, {"Param_b": [-600.8743896484375, 600.8743896484375]}, {"Param_m": [2036, 2.4094427831056233]}]}