{"EntityID": "0", "Param": [{"Param_W": [[-8277.3857421875, 8277.3857421875], [-3934.330810546875, 3934.330810546875], [23316.552734375, -23316.552734375], [-64425.65234375, 64425.65234375], [-0.6497353911399841, 0.6497353911399841]]}, {"Param_b": [-384.4527893066406, 384.4527893066406]}, {"Param_m": [2036, 1.6650133601996686]}]}