{"EntityID": "0", "Param": [{"Param_W": [[-7732.74365234375, 7732.74365234375], [-2850.14453125, 2850.14453125], [-91397.5859375, 91397.5859375], [-17290.857421875, 17290.873046875], [-0.5673704147338867, 0.5673704147338867]]}, {"Param_b": [-332.0122375488281, 332.0122375488281]}, {"Param_m": [2036, 1.5541304508995382]}]}