{"EntityID": "0", "Param": [{"Param_W": [[-11600.5712890625, 11600.5712890625], [-4110.53857421875, 4110.53857421875], [-134217.234375, 134217.171875], [-24004.23828125, 24004.25390625], [-0.8128654956817627, 0.8128654956817627]]}, {"Param_b": [-501.3935546875, 501.3935546875]}, {"Param_m": [2036, 2.159818688972155]}]}