{"EntityID": "0", "Param": [{"Param_W": [[-19712.4296875, 19712.4296875], [-9821.0224609375, 9821.0224609375], [18876.4140625, -18876.4140625], [20371.2421875, -20371.25], [-1.5566391944885254, 1.5566391944885254]]}, {"Param_b": [-914.2889404296875, 914.2889404296875]}, {"Param_m": [2036, 3.373651394125236]}]}