{"EntityID": "0", "Param": [{"Param_W": [[-13559.2421875, 13559.2421875], [-6113.3818359375, 6113.13916015625], [59446.7109375, -59446.6796875], [14809.669921875, -14809.662109375], [-0.9696552753448486, 0.9696552753448486]]}, {"Param_b": [-632.1384887695312, 632.1384887695312]}, {"Param_m": [2036, 2.8288755526329683]}]}