{"EntityID": "0", "Param": [{"Param_W": [[-11585.5234375, 11585.5234375], [-5665.58154296875, 5665.58154296875], [-66796.21875, 66796.15625], [-30719.279296875, 30719.294921875], [-1.0077565908432007, 1.0077565908432007]]}, {"Param_b": [-511.5722351074219, 511.5722351074219]}, {"Param_m": [2036, 2.130741537264112]}]}