{"EntityID": "0", "Param": [{"Param_W": [[-5023.12841796875, 5023.12841796875], [-945.3558349609375, 945.3558349609375], [-41689.37109375, 41689.37109375], [-25107.578125, 25107.5859375], [-0.2768412232398987, 0.2768412232398987]]}, {"Param_b": [-208.04806518554688, 208.04806518554688]}, {"Param_m": [2036, 1.5217609349800523]}]}