{"EntityID": "0", "Param": [{"Param_W": [[-50310.04296875, 50310.04296875], [-42593.1953125, 42593.1953125], [-61975.69140625, 61975.69140625], [65186.34375, -65186.3984375], [-6.148932456970215, 6.148932456970215]]}, {"Param_b": [-2423.414794921875, 2423.414794921875]}, {"Param_m": [2036, 14.576954060792923]}]}