{"EntityID": "0", "Param": [{"Param_W": [[-5991.54150390625, 5991.54150390625], [-525.7100830078125, 525.7100830078125], [-113871.96875, 113871.96875], [-4621.42041015625, 4621.45068359375], [-0.24259158968925476, 0.24259158968925476]]}, {"Param_b": [-243.95399475097656, 243.95399475097656]}, {"Param_m": [2036, 1.230146255278669]}]}