{"EntityID": "0", "Param": [{"Param_W": [[-12342.779296875, 12342.779296875], [-6745.6416015625, 6745.6416015625], [-43326.1796875, 43326.1796875], [-14708.2314453125, 14708.28515625], [-1.1496139764785767, 1.1496139764785767]]}, {"Param_b": [-552.62060546875, 552.62060546875]}, {"Param_m": [2036, 2.5730406160254913]}]}