{"EntityID": "0", "Param": [{"Param_W": [[-12086.4775390625, 12086.4775390625], [-6179.39892578125, 6179.15625], [8418.7646484375, -8418.7646484375], [-41885.02734375, 41885.01171875], [-0.9809138178825378, 0.9809138178825378]]}, {"Param_b": [-564.1644897460938, 564.1644897460938]}, {"Param_m": [2036, 1.9143022103053675]}]}