{"EntityID": "0", "Param": [{"Param_W": [[-9331.71875, 9331.71875], [-2769.079345703125, 2769.079345703125], [-102826.5625, 102826.53125], [-8803.5087890625, 8803.5244140625], [-0.5913688540458679, 0.5913688540458679]]}, {"Param_b": [-398.92437744140625, 398.92437744140625]}, {"Param_m": [2036, 1.8694618282117585]}]}