{"EntityID": "0", "Param": [{"Param_W": [[-6638.6064453125, 6638.6064453125], [-2026.6292724609375, 2026.8720703125], [-76916.4453125, 76916.4453125], [12796.009765625, -12795.9951171875], [-0.417098730802536, 0.417098730802536]]}, {"Param_b": [-285.1085510253906, 285.1085510253906]}, {"Param_m": [2036, 1.5393592731356314]}]}