{"EntityID": "0", "Param": [{"Param_W": [[-9193.859375, 9193.859375], [-4995.7021484375, 4995.45947265625], [-37454.234375, 37454.20703125], [-73219.78125, 73219.828125], [-0.8679137825965881, 0.8679137825965881]]}, {"Param_b": [-413.2442626953125, 413.2442626953125]}, {"Param_m": [2036, 1.6679746762503818]}]}