{"EntityID": "0", "Param": [{"Param_W": [[-7201.69384765625, 7201.69384765625], [-1679.796630859375, 1679.796630859375], [-114374.375, 114374.375], [-8982.5107421875, 8982.5107421875], [-0.40690678358078003, 0.40690678358078003]]}, {"Param_b": [-303.1297607421875, 303.1297607421875]}, {"Param_m": [2036, 1.3155220976186683]}]}