{"EntityID": "0", "Param": [{"Param_W": [[-12381.126953125, 12381.126953125], [-6484.728515625, 6484.728515625], [-65730.171875, 65730.140625], [-26585.130859375, 26585.138671875], [-1.132785439491272, 1.132785439491272]]}, {"Param_b": [-548.78271484375, 548.78271484375]}, {"Param_m": [2036, 2.4016223399710728]}]}