{"EntityID": "0", "Param": [{"Param_W": [[-6326.966796875, 6326.966796875], [-2326.37646484375, 2326.37646484375], [-17088.458984375, 17088.490234375], [-23629.998046875, 23629.982421875], [-0.4499262273311615, 0.4499262273311615]]}, {"Param_b": [-278.7677307128906, 278.7677307128906]}, {"Param_m": [2036, 1.7043196808778984]}]}