{"EntityID": "0", "Param": [{"Param_W": [[-12862.6640625, 12862.6640625], [-6791.27099609375, 6791.27099609375], [5924.64453125, -5924.6748046875], [-41866.26953125, 41866.27734375], [-1.0712190866470337, 1.0712190866470337]]}, {"Param_b": [-601.5115356445312, 601.5115356445312]}, {"Param_m": [2036, 1.9942564429576803]}]}