{"EntityID": "0", "Param": [{"Param_W": [[-5678.4453125, 5678.4453125], [-1218.162109375, 1217.9193115234375], [-43415.04296875, 43415.07421875], [-11348.046875, 11348.046875], [-0.3102612793445587, 0.3102612793445587]]}, {"Param_b": [-239.70655822753906, 239.70655822753906]}, {"Param_m": [2036, 1.6128723919614292]}]}