{"EntityID": "0", "Param": [{"Param_W": [[-6953.15869140625, 6953.15869140625], [-3127.804931640625, 3127.804931640625], [-7970.93359375, 7970.9638671875], [-50129.17578125, 50129.16796875], [-0.5632818341255188, 0.5632818341255188]]}, {"Param_b": [-311.7914733886719, 311.7914733886719]}, {"Param_m": [2036, 1.6609234427548043]}]}