{"EntityID": "0", "Param": [{"Param_W": [[-6630.3544921875, 6630.3544921875], [-2614.7158203125, 2614.7158203125], [-18139.578125, 18139.578125], [-29770.373046875, 29770.388671875], [-0.49324190616607666, 0.49324190616607666]]}, {"Param_b": [-293.4516906738281, 293.4516906738281]}, {"Param_m": [2036, 1.7101716037503967]}]}