{"EntityID": "0", "Param": [{"Param_W": [[-5711.939453125, 5711.939453125], [-109.94767761230469, 109.94767761230469], [-62167.796875, 62167.796875], [-8952.7607421875, 8952.7568359375], [-0.1771143674850464, 0.1771143674850464]]}, {"Param_b": [-232.7438201904297, 232.7438201904297]}, {"Param_m": [2036, 1.5552384124101823]}]}