{"EntityID": "0", "Param": [{"Param_W": [[-8662.8095703125, 8662.8095703125], [-3535.557861328125, 3535.557861328125], [-49026.7421875, 49026.7421875], [-19234.3203125, 19234.3125], [-0.6644899845123291, 0.6644899845123291]]}, {"Param_b": [-378.8097839355469, 378.8097839355469]}, {"Param_m": [2036, 1.8807569275759155]}]}