{"EntityID": "0", "Param": [{"Param_W": [[-70121.5, 70121.5], [-70007.546875, 70007.546875], [288317.625, -288317.625], [-98216.546875, 98216.5234375], [-9.794073104858398, 9.794073104858398]]}, {"Param_b": [-3480.12158203125, 3480.12158203125]}, {"Param_m": [2036, 20.368961083889012]}]}