{"EntityID": "0", "Param": [{"Param_W": [[-4937.208984375, 4937.208984375], [191.01284790039062, -191.01284790039062], [-80641.3125, 80641.3125], [15252.3955078125, -15252.4033203125], [-0.10897067189216614, 0.10897067189216614]]}, {"Param_b": [-199.0829620361328, 199.0829620361328]}, {"Param_m": [2036, 1.3246093264519225]}]}