{"EntityID": "0", "Param": [{"Param_W": [[-10165.1845703125, 10165.1845703125], [-5458.79248046875, 5458.79248046875], [25433.318359375, -25433.34765625], [-65364.55078125, 65364.51171875], [-0.8660175800323486, 0.8660175800323486]]}, {"Param_b": [-477.0618591308594, 477.0618591308594]}, {"Param_m": [2036, 1.7915898640978818]}]}