{"EntityID": "0", "Param": [{"Param_W": [[-10026.83984375, 10026.83984375], [-5312.923828125, 5312.923828125], [30095.052734375, -30095.052734375], [-67669.15625, 67669.2109375], [-0.8387008309364319, 0.8387008309364319]]}, {"Param_b": [-472.2380065917969, 472.2380065917969]}, {"Param_m": [2036, 1.7593610123893808]}]}