{"EntityID": "0", "Param": [{"Param_W": [[-5556.60498046875, 5556.60498046875], [-1342.186767578125, 1341.944091796875], [-37293.16796875, 37293.22265625], [-22810.98046875, 22810.98046875], [-0.32797861099243164, 0.32797861099243164]]}, {"Param_b": [-234.79168701171875, 234.79168701171875]}, {"Param_m": [2036, 1.6636248522676513]}]}