{"EntityID": "0", "Param": [{"Param_W": [[-5098.36865234375, 5098.36865234375], [-131.06346130371094, 131.06346130371094], [-84622.0546875, 84622.0546875], [6262.70947265625, -6262.7021484375], [-0.1659151017665863, 0.1659151017665863]]}, {"Param_b": [-205.72714233398438, 205.72714233398438]}, {"Param_m": [2036, 1.3139330100985693]}]}