{"EntityID": "0", "Param": [{"Param_W": [[-50042.33203125, 50042.33203125], [-44290.83203125, 44290.83203125], [-71957.5390625, 71957.5390625], [-92421.078125, 92420.9765625], [-6.444350242614746, 6.444350242614746]]}, {"Param_b": [-2409.96728515625, 2409.96728515625]}, {"Param_m": [2036, 14.637036493420602]}]}