{"EntityID": "0", "Param": [{"Param_W": [[-8273.9873046875, 8273.9873046875], [-3829.2373046875, 3829.2373046875], [10713.52734375, -10713.52734375], [-48088.74609375, 48088.7265625], [-0.6456467509269714, 0.6456467509269714]]}, {"Param_b": [-380.190185546875, 380.190185546875]}, {"Param_m": [2036, 1.7046349378918637]}]}