{"EntityID": "0", "Param": [{"Param_W": [[-11863.18359375, 11863.18359375], [-6524.53271484375, 6524.775390625], [12054.470703125, -12054.470703125], [-54110.74609375, 54110.75390625], [-1.0251775979995728, 1.0251775979995728]]}, {"Param_b": [-557.0197143554688, 557.0197143554688]}, {"Param_m": [2036, 1.8503026427513558]}]}