{"EntityID": "0", "Param": [{"Param_W": [[-9790.92578125, 9790.92578125], [-4104.22802734375, 4104.22802734375], [-83071.2578125, 83071.2578125], [-18785.958984375, 18785.966796875], [-0.7657574415206909, 0.7657574415206909]]}, {"Param_b": [-428.489501953125, 428.489501953125]}, {"Param_m": [2036, 1.8701452529472733]}]}