{"EntityID": "0", "Param": [{"Param_W": [[-4528.0, 4528.0], [112.61748504638672, -112.61748504638672], [-78702.9375, 78702.96875], [17390.482421875, -17390.474609375], [-0.11294078081846237, 0.11294078081846237]]}, {"Param_b": [-181.5926513671875, 181.5926513671875]}, {"Param_m": [2036, 1.3263341573621006]}]}