{"EntityID": "0", "Param": [{"Param_W": [[-9843.8369140625, 9843.8369140625], [-3234.112060546875, 3234.112060546875], [-88223.15625, 88223.09375], [-4990.89306640625, 4990.923828125], [-0.6650825142860413, 0.6650825142860413]]}, {"Param_b": [-422.588623046875, 422.588623046875]}, {"Param_m": [2036, 2.179625064536056]}]}