{"EntityID": "0", "Param": [{"Param_W": [[-4178.98291015625, 4178.98291015625], [798.5162353515625, -798.5162353515625], [-83229.171875, 83229.171875], [7124.09521484375, -7124.080078125], [-0.025242798030376434, 0.025242798030376434]]}, {"Param_b": [-161.90280151367188, 161.90280151367188]}, {"Param_m": [2036, 1.1773843697383999]}]}