{"EntityID": "0", "Param": [{"Param_W": [[-5079.9228515625, 5079.9228515625], [246.5934600830078, -246.5934600830078], [-56400.3671875, 56400.3359375], [296.4248962402344, -296.46282958984375], [-0.11619982868432999, 0.11619982868432999]]}, {"Param_b": [-203.982666015625, 203.982666015625]}, {"Param_m": [2036, 1.6204450699542623]}]}