{"EntityID": "0", "Param": [{"Param_W": [[-8805.5224609375, 8805.5224609375], [-4417.32421875, 4417.32421875], [18636.43359375, -18636.43359375], [-56567.015625, 56566.9921875], [-0.7214344143867493, 0.7214344143867493]]}, {"Param_b": [-409.23956298828125, 409.23956298828125]}, {"Param_m": [2036, 1.7422732921916038]}]}