{"EntityID": "0", "Param": [{"Param_W": [[-5143.99755859375, 5143.99755859375], [-883.7074584960938, 883.7074584960938], [-40122.921875, 40122.921875], [-19345.126953125, 19345.1328125], [-0.2638050317764282, 0.2638050317764282]]}, {"Param_b": [-213.84275817871094, 213.84275817871094]}, {"Param_m": [2036, 1.593910047315066]}]}