{"EntityID": "0", "Param": [{"Param_W": [[-9785.5859375, 9785.5859375], [-4286.98876953125, 4286.98876953125], [-84021.109375, 84021.140625], [-17751.08203125, 17751.103515625], [-0.7923631072044373, 0.7923631072044373]]}, {"Param_b": [-426.47198486328125, 426.47198486328125]}, {"Param_m": [2036, 1.896686012845748]}]}