{"EntityID": "0", "Param": [{"Param_W": [[-9437.0546875, 9437.0546875], [-2926.598388671875, 2926.598388671875], [-81248.359375, 81248.359375], [5419.20849609375, -5419.2158203125], [-0.6119304895401001, 0.6119304895401001]]}, {"Param_b": [-404.6887512207031, 404.6887512207031]}, {"Param_m": [2036, 2.1892351485345056]}]}