{"EntityID": "0", "Param": [{"Param_W": [[-9879.2724609375, 9879.2724609375], [-5233.80029296875, 5233.80029296875], [25429.890625, -25429.921875], [-73438.703125, 73438.6875], [-0.8357380628585815, 0.8357380628585815]]}, {"Param_b": [-463.30322265625, 463.30322265625]}, {"Param_m": [2036, 1.767250362840655]}]}