{"EntityID": "0", "Param": [{"Param_W": [[-7731.77294921875, 7731.77294921875], [-3748.900146484375, 3748.900146484375], [-12494.5947265625, 12494.5341796875], [-40676.46875, 40676.46875], [-0.6490835547447205, 0.6490835547447205]]}, {"Param_b": [-350.10931396484375, 350.10931396484375]}, {"Param_m": [2036, 1.7669278793274292]}]}