{"EntityID": "0", "Param": [{"Param_W": [[-6848.30810546875, 6848.30810546875], [-1881.7314453125, 1881.7314453125], [-84291.9140625, 84291.859375], [17079.791015625, -17079.806640625], [-0.4031144380569458, 0.4031144380569458]]}, {"Param_b": [-292.89044189453125, 292.89044189453125]}, {"Param_m": [2036, 1.5795083942264314]}]}