{"EntityID": "0", "Param": [{"Param_W": [[-57518.89453125, 57518.89453125], [-55646.14453125, 55646.14453125], [252515.984375, -252515.984375], [31829.056640625, -31829.001953125], [-7.836822509765625, 7.836822509765625]]}, {"Param_b": [-2839.49560546875, 2839.49560546875]}, {"Param_m": [2036, 17.326650710403918]}]}