{"EntityID": "0", "Param": [{"Param_W": [[-9134.15234375, 9134.15234375], [-4567.5615234375, 4567.5615234375], [26642.5, -26642.470703125], [-60139.078125, 60139.09375], [-0.7342928647994995, 0.7342928647994995]]}, {"Param_b": [-427.60968017578125, 427.60968017578125]}, {"Param_m": [2036, 1.7482537659009043]}]}