{"EntityID": "0", "Param": [{"Param_W": [[-10879.72265625, 10879.72265625], [-4951.77197265625, 4951.77197265625], [-63451.03125, 63451.03125], [-7282.47119140625, 7282.49365234375], [-0.8842089772224426, 0.8842089772224426]]}, {"Param_b": [-480.5204772949219, 480.5204772949219]}, {"Param_m": [2036, 2.1111412935927505]}]}