{"EntityID": "0", "Param": [{"Param_W": [[-5829.896484375, 5829.896484375], [-1526.646484375, 1526.646484375], [-51118.359375, 51118.359375], [-24638.875, 24638.90625], [-0.36833152174949646, 0.36833152174949646]]}, {"Param_b": [-245.25856018066406, 245.25856018066406]}, {"Param_m": [2036, 1.5979876883386133]}]}