{"EntityID": "0", "Param": [{"Param_W": [[-5270.6923828125, 5270.6923828125], [-1028.60546875, 1028.60546875], [-41104.10546875, 41104.13671875], [-11617.2802734375, 11617.3037109375], [-0.27761155366897583, 0.27761155366897583]]}, {"Param_b": [-221.62466430664062, 221.62466430664062]}, {"Param_m": [2036, 1.6539929301064136]}]}