{"EntityID": "0", "Param": [{"Param_W": [[-11556.3984375, 11556.3984375], [-5727.47265625, 5727.47265625], [-52484.41796875, 52484.41796875], [-12039.4072265625, 12039.3916015625], [-1.004912257194519, 1.004912257194519]]}, {"Param_b": [-512.2093505859375, 512.2093505859375]}, {"Param_m": [2036, 2.31992446352914]}]}