{"EntityID": "0", "Param": [{"Param_W": [[-49414.68359375, 49414.68359375], [-42085.9296875, 42085.9296875], [-154060.671875, 154060.671875], [-59421.4609375, 59421.44921875], [-6.196188449859619, 6.196188449859619]]}, {"Param_b": [-2359.02099609375, 2359.02099609375]}, {"Param_m": [2036, 11.986332869529724]}]}