{"EntityID": "0", "Param": [{"Param_W": [[-4746.43896484375, 4746.43896484375], [-608.2315673828125, 608.2315673828125], [-36593.890625, 36593.94921875], [-14011.6083984375, 14011.59375], [-0.21640069782733917, 0.21640069782733917]]}, {"Param_b": [-196.41314697265625, 196.41314697265625]}, {"Param_m": [2036, 1.527131376189529]}]}