{"EntityID": "0", "Param": [{"Param_W": [[-6500.26171875, 6500.26171875], [-2204.050537109375, 2204.050537109375], [-32744.142578125, 32744.142578125], [-18991.830078125, 18991.853515625], [-0.4475559890270233, 0.4475559890270233]]}, {"Param_b": [-282.1505126953125, 282.1505126953125]}, {"Param_m": [2036, 1.746574100328691]}]}