{"EntityID": "0", "Param": [{"Param_W": [[-7706.04541015625, 7706.04541015625], [-3682.15478515625, 3682.15478515625], [-6109.7412109375, 6109.7412109375], [-42675.51171875, 42675.51953125], [-0.6339734792709351, 0.6339734792709351]]}, {"Param_b": [-350.2913513183594, 350.2913513183594]}, {"Param_m": [2036, 1.728500455616802]}]}