{"EntityID": "0", "Param": [{"Param_W": [[-5788.6357421875, 5788.6357421875], [-874.9699096679688, 874.9699096679688], [-90764.0546875, 90764.1171875], [22056.14453125, -22056.13671875], [-0.25977566838264465, 0.25977566838264465]]}, {"Param_b": [-241.07180786132812, 241.07180786132812]}, {"Param_m": [2036, 1.449953474320471]}]}