{"EntityID": "0", "Param": [{"Param_W": [[-12100.0693359375, 12100.0693359375], [-6014.11328125, 6014.11328125], [-80242.296875, 80242.328125], [-29973.794921875, 29973.84765625], [-1.0620344877243042, 1.0620344877243042]]}, {"Param_b": [-535.0847778320312, 535.0847778320312]}, {"Param_m": [2036, 2.20734623604294]}]}