{"EntityID": "0", "Param": [{"Param_W": [[-12190.8427734375, 12190.8427734375], [-6256.09521484375, 6256.09521484375], [-71738.890625, 71738.859375], [-26275.515625, 26275.455078125], [-1.0918992757797241, 1.0918992757797241]]}, {"Param_b": [-541.0918579101562, 541.0918579101562]}, {"Param_m": [2036, 2.3011632640911563]}]}