{"EntityID": "0", "Param": [{"Param_W": [[-12726.74609375, 12726.74609375], [-6744.91357421875, 6744.91357421875], [-70819.4375, 70819.4375], [-30791.462890625, 30791.408203125], [-1.1746790409088135, 1.1746790409088135]]}, {"Param_b": [-564.634765625, 564.634765625]}, {"Param_m": [2036, 2.4092990757453667]}]}