{"EntityID": "0", "Param": [{"Param_W": [[-46180.57421875, 46180.57421875], [-34202.94921875, 34202.94921875], [-110024.890625, 110024.890625], [-35539.61328125, 35539.65234375], [-5.140020370483398, 5.140020370483398]]}, {"Param_b": [-2182.517578125, 2182.517578125]}, {"Param_m": [2036, 10.722051569819449]}]}