{"EntityID": "0", "Param": [{"Param_W": [[-9963.25, 9963.25], [-4388.68408203125, 4388.68408203125], [-109267.03125, 109267.03125], [-15308.765625, 15308.7724609375], [-0.8165393471717834, 0.8165393471717834]]}, {"Param_b": [-433.9960021972656, 433.9960021972656]}, {"Param_m": [2036, 1.8222510304937019]}]}