{"EntityID": "0", "Param": [{"Param_W": [[-10177.3203125, 10177.3203125], [-4492.80712890625, 4492.80712890625], [-89259.125, 89259.15625], [-16827.591796875, 16827.607421875], [-0.8252498507499695, 0.8252498507499695]]}, {"Param_b": [-444.3415222167969, 444.3415222167969]}, {"Param_m": [2036, 1.9932504007199894]}]}