{"EntityID": "0", "Param": [{"Param_W": [[-7332.75732421875, 7332.75732421875], [-2781.943115234375, 2781.943115234375], [-73332.375, 73332.34375], [-41879.09765625, 41879.10546875], [-0.5702146887779236, 0.5702146887779236]]}, {"Param_b": [-313.3994445800781, 313.3994445800781]}, {"Param_m": [2036, 1.5913995485302401]}]}