{"EntityID": "0", "Param": [{"Param_W": [[-12839.3642578125, 12839.3642578125], [-6956.0712890625, 6956.0712890625], [-59069.51171875, 59069.453125], [-22139.994140625, 22139.962890625], [-1.1984996795654297, 1.1984996795654297]]}, {"Param_b": [-571.7036743164062, 571.7036743164062]}, {"Param_m": [2036, 2.592777653620215]}]}