{"EntityID": "0", "Param": [{"Param_W": [[-4911.96728515625, 4911.96728515625], [-733.4699096679688, 733.4699096679688], [-38610.01953125, 38610.01953125], [-13648.1806640625, 13648.1572265625], [-0.2351846694946289, 0.2351846694946289]]}, {"Param_b": [-204.1191864013672, 204.1191864013672]}, {"Param_m": [2036, 1.5424330309099314]}]}