{"EntityID": "0", "Param": [{"Param_W": [[-9082.6982421875, 9082.6982421875], [-3792.34521484375, 3792.34521484375], [-94748.078125, 94748.109375], [-11049.1201171875, 11049.08203125], [-0.7115980386734009, 0.7115980386734009]]}, {"Param_b": [-394.919677734375, 394.919677734375]}, {"Param_m": [2036, 1.7764903657465765]}]}