{"EntityID": "0", "Param": [{"Param_W": [[-5699.318359375, 5699.318359375], [-1338.060791015625, 1338.060791015625], [-48427.609375, 48427.58203125], [-18827.37109375, 18827.36328125], [-0.3345559537410736, 0.3345559537410736]]}, {"Param_b": [-239.91893005371094, 239.91893005371094]}, {"Param_m": [2036, 1.6330533454510496]}]}