{"EntityID": "0", "Param": [{"Param_W": [[-5410.0078125, 5410.0078125], [-974.7237548828125, 974.7237548828125], [-42120.8515625, 42120.87890625], [-5841.03125, 5841.0537109375], [-0.27239707112312317, 0.27239707112312317]]}, {"Param_b": [-227.23733520507812, 227.23733520507812]}, {"Param_m": [2036, 1.6721403015427927]}]}