{"EntityID": "0", "Param": [{"Param_W": [[-12769.94921875, 12769.94921875], [-7107.5224609375, 7107.5224609375], [-46605.0703125, 46605.1015625], [-18989.18359375, 18989.18359375], [-1.2075657844543457, 1.2075657844543457]]}, {"Param_b": [-572.007080078125, 572.007080078125]}, {"Param_m": [2036, 2.615850404090543]}]}