{"EntityID": "0", "Param": [{"Param_W": [[-3295.0322265625, 3295.0322265625], [677.8892822265625, -677.8892822265625], [-37139.7421875, 37139.7734375], [-1392.8221435546875, 1392.799560546875], [-0.007229158189147711, 0.007229158189147711]]}, {"Param_b": [-130.1836395263672, 130.1836395263672]}, {"Param_m": [2036, 1.348025007939231]}]}