{"EntityID": "0", "Param": [{"Param_W": [[-56237.17578125, 56237.17578125], [-48798.8203125, 48798.8046875], [-21670.21875, 21670.21875], [93389.6015625, -93389.578125], [-6.983733654022217, 6.983731746673584]]}, {"Param_b": [-2725.939697265625, 2725.939697265625]}, {"Param_m": [2036, 17.41005285978317]}]}