{"EntityID": "0", "Param": [{"Param_W": [[-54602.4921875, 54602.4921875], [-43694.25, 43694.25], [-5210.07568359375, 5210.07568359375], [23110.802734375, -23110.810546875], [-6.350460052490234, 6.350460052490234]]}, {"Param_b": [-2626.44189453125, 2626.44189453125]}, {"Param_m": [2036, 10.415967226028442]}]}