{"EntityID": "0", "Param": [{"Param_W": [[-48658.51953125, 48658.51953125], [-40417.05859375, 40417.05859375], [52116.95703125, -52116.95703125], [57773.46875, -57773.40625], [-5.838078498840332, 5.8380937576293945]]}, {"Param_b": [-2352.30078125, 2352.30078125]}, {"Param_m": [2036, 11.995920740604282]}]}