{"EntityID": "0", "Param": [{"Param_W": [[-49865.76171875, 49865.76171875], [-41046.5234375, 41046.5234375], [-153089.9375, 153089.9375], [-72895.9921875, 72896.0078125], [-6.0821075439453125, 6.0821075439453125]]}, {"Param_b": [-2374.334228515625, 2374.334228515625]}, {"Param_m": [2036, 12.090409910678863]}]}