{"EntityID": "0", "Param": [{"Param_W": [[-49528.39453125, 49528.39453125], [-40115.61328125, 40115.61328125], [-94369.6953125, 94369.6953125], [-42232.52734375, 42232.46484375], [-5.9193620681762695, 5.9193620681762695]]}, {"Param_b": [-2364.31494140625, 2364.31494140625]}, {"Param_m": [2036, 11.921103537082674]}]}