{"EntityID": "0", "Param": [{"Param_W": [[-47088.9140625, 47088.9140625], [-38532.29296875, 38532.29296875], [37610.48046875, -37610.51171875], [47324.73828125, -47324.7109375], [-5.5653557777404785, 5.5653557777404785]]}, {"Param_b": [-2271.584716796875, 2271.584716796875]}, {"Param_m": [2036, 13.86735168993473]}]}