{"EntityID": "0", "Param": [{"Param_W": [[-44424.9296875, 44424.9296875], [-39085.79296875, 39085.79296875], [-50003.46875, 50003.5625], [62082.20703125, -62082.203125], [-5.60256814956665, 5.60256814956665]]}, {"Param_b": [-2149.614990234375, 2149.614990234375]}, {"Param_m": [2036, 14.302052667737007]}]}