{"EntityID": "0", "Param": [{"Param_W": [[-38858.734375, 38858.734375], [-34012.30078125, 34012.30078125], [8535.5078125, -8535.5078125], [-63985.7265625, 63985.7734375], [-4.964269161224365, 4.964269161224365]]}, {"Param_b": [-1867.4114990234375, 1867.4114990234375]}, {"Param_m": [2036, 11.379999984055758]}]}