{"EntityID": "0", "Param": [{"Param_W": [[-55003.8125, 55003.8125], [-52751.94921875, 52751.94921875], [273079.375, -273079.375], [44037.99609375, -44037.98046875], [-7.412405967712402, 7.412405967712402]]}, {"Param_b": [-2717.23046875, 2717.222900390625]}, {"Param_m": [2036, 16.095853042602542]}]}