{"EntityID": "0", "Param": [{"Param_W": [[-34380.734375, 34380.734375], [-21103.279296875, 21103.279296875], [-100547.2109375, 100547.2109375], [194245.53125, -194245.546875], [-3.2575061321258545, 3.2575061321258545]]}, {"Param_b": [-1595.6141357421875, 1595.6141357421875]}, {"Param_m": [2036, 6.915045216679572]}]}