{"EntityID": "0", "Param": [{"Param_W": [[-46374.375, 46374.375], [-38909.34375, 38909.34375], [145208.78125, -145208.78125], [94897.765625, -94897.796875], [-5.546719551086426, 5.546719551086426]]}, {"Param_b": [-2259.835693359375, 2259.835693359375]}, {"Param_m": [2036, 11.565957084178851]}]}