{"EntityID": "0", "Param": [{"Param_W": [[-68226.765625, 68226.765625], [-64553.63671875, 64553.63671875], [102208.5, -102208.5], [-53907.27734375, 53907.27734375], [-9.192688941955566, 9.192688941955566]]}, {"Param_b": [-3339.04541015625, 3339.04541015625]}, {"Param_m": [2036, 18.555509597063065]}]}