{"EntityID": "0", "Param": [{"Param_W": [[-46545.0, 46545.0], [-38831.55078125, 38831.55078125], [-104586.640625, 104586.640625], [-16907.80078125, 16907.83203125], [-5.685258865356445, 5.685258865356445]]}, {"Param_b": [-2228.79931640625, 2228.79931640625]}, {"Param_m": [2036, 12.005639493465424]}]}