{"EntityID": "0", "Param": [{"Param_W": [[-29325.447265625, 29325.447265625], [-15660.140625, 15660.140625], [-90356.6328125, 90356.6328125], [253290.703125, -253290.6875], [-2.4741499423980713, 2.4741499423980713]]}, {"Param_b": [-1347.587158203125, 1347.587158203125]}, {"Param_m": [2036, 5.9548797294432]}]}