{"EntityID": "0", "Param": [{"Param_W": [[-44444.83203125, 44444.83203125], [-39632.859375, 39632.859375], [-83962.5546875, 83962.5546875], [13556.40234375, -13556.4169921875], [-5.694591522216797, 5.694591522216797]]}, {"Param_b": [-2149.804931640625, 2149.804931640625]}, {"Param_m": [2036, 13.442902463674544]}]}