{"EntityID": "0", "Param": [{"Param_W": [[-42846.58203125, 42846.58203125], [-30893.720703125, 30893.720703125], [-83787.3203125, 83787.3203125], [-55003.6484375, 55003.61328125], [-4.689323902130127, 4.689323902130127]]}, {"Param_b": [-2016.640380859375, 2016.640380859375]}, {"Param_m": [2036, 9.30928010419011]}]}