{"EntityID": "0", "Param": [{"Param_W": [[-51382.45703125, 51382.45703125], [-44211.09765625, 44211.09765625], [5803.1982421875, -5803.2587890625], [-43807.4140625, 43807.40625], [-6.447787284851074, 6.447787284851074]]}, {"Param_b": [-2472.722900390625, 2472.722900390625]}, {"Param_m": [2036, 11.687146639823915]}]}