{"EntityID": "0", "Param": [{"Param_W": [[-46305.4453125, 46305.4453125], [-35197.08984375, 35197.08984375], [-68221.8984375, 68221.8984375], [76366.578125, -76366.6484375], [-5.1782402992248535, 5.1782402992248535]]}, {"Param_b": [-2208.259765625, 2208.259765625]}, {"Param_m": [2036, 8.262295275926588]}]}