{"EntityID": "0", "Param": [{"Param_W": [[-43065.0234375, 43065.0234375], [-38043.109375, 38043.109375], [-67925.6640625, 67925.6640625], [41712.9609375, -41712.9453125], [-5.453273773193359, 5.453273773193359]]}, {"Param_b": [-2084.462646484375, 2084.462646484375]}, {"Param_m": [2036, 13.10858303308487]}]}