{"EntityID": "0", "Param": [{"Param_W": [[-44904.0390625, 44904.0390625], [-37115.95703125, 37115.95703125], [-84059.828125, 84059.828125], [-20535.453125, 20535.46484375], [-5.43075704574585, 5.43075704574585]]}, {"Param_b": [-2151.49609375, 2151.49609375]}, {"Param_m": [2036, 11.567682504653927]}]}