{"EntityID": "0", "Param": [{"Param_W": [[-42399.26953125, 42399.26953125], [-37636.0859375, 37636.0859375], [-43020.03515625, 43020.03515625], [27917.17578125, -27917.169921875], [-5.397900104522705, 5.397900104522705]]}, {"Param_b": [-2052.90283203125, 2052.90283203125]}, {"Param_m": [2036, 13.251035252213478]}]}