{"EntityID": "0", "Param": [{"Param_W": [[-49593.68359375, 49593.68359375], [-44681.95703125, 44681.95703125], [266843.4375, -266843.40625], [145426.484375, -145426.484375], [-6.274168968200684, 6.274168968200684]]}, {"Param_b": [-2443.7646484375, 2443.7646484375]}, {"Param_m": [2036, 13.66982037127018]}]}