{"EntityID": "0", "Param": [{"Param_W": [[-70614.2578125, 70614.2890625], [-66078.3984375, 66078.3984375], [102892.9375, -102892.9375], [-30913.2578125, 30913.2578125], [-9.391169548034668, 9.391169548034668]]}, {"Param_b": [-3459.512939453125, 3459.512939453125]}, {"Param_m": [2036, 20.506009483337404]}]}