{"EntityID": "0", "Param": [{"Param_W": [[-51547.015625, 51547.015625], [-45611.78125, 45611.78125], [170888.421875, -170888.421875], [44465.81640625, -44465.82421875], [-6.485443592071533, 6.485443592071533]]}, {"Param_b": [-2523.760498046875, 2523.760498046875]}, {"Param_m": [2036, 11.827197611451151]}]}