{"EntityID": "0", "Param": [{"Param_W": [[-43792.42578125, 43792.42578125], [-40441.0859375, 40441.0859375], [-69261.7578125, 69261.7578125], [-120446.765625, 120446.765625], [-5.853070259094238, 5.853070259094238]]}, {"Param_b": [-2118.032470703125, 2118.032470703125]}, {"Param_m": [2036, 12.903614115715028]}]}