{"EntityID": "0", "Param": [{"Param_W": [[-48986.1796875, 48985.9375], [-40569.234375, 40569.234375], [150617.625, -150617.625], [112421.46875, -112421.5390625], [-5.842818737030029, 5.842818737030029]]}, {"Param_b": [-2371.70263671875, 2371.70263671875]}, {"Param_m": [2036, 10.55922186076641]}]}