{"EntityID": "0", "Param": [{"Param_W": [[-50724.46875, 50724.46875], [-43496.07421875, 43496.07421875], [21261.525390625, -21261.525390625], [-110621.53125, 110621.5078125], [-6.32752799987793, 6.32752799987793]]}, {"Param_b": [-2448.906982421875, 2448.914794921875]}, {"Param_m": [2036, 13.046701373159884]}]}