{"EntityID": "0", "Param": [{"Param_W": [[-28680.08203125, 28680.08203125], [-14155.095703125, 14155.095703125], [-28942.390625, 28942.390625], [370878.0625, -370878.09375], [-2.0965449810028076, 2.0965449810028076]]}, {"Param_b": [-1348.042236328125, 1348.042236328125]}, {"Param_m": [2036, 6.135054029524326]}]}