{"EntityID": "0", "Param": [{"Param_W": [[-48669.19921875, 48669.19921875], [-44267.65234375, 44267.65234375], [245853.078125, -245853.078125], [106547.46875, -106547.4453125], [-6.24815559387207, 6.24815559387207]]}, {"Param_b": [-2393.09130859375, 2393.09130859375]}, {"Param_m": [2036, 12.415797463059425]}]}