{"EntityID": "0", "Param": [{"Param_W": [[-30147.75, 30147.75], [-18164.42578125, 18164.42578125], [-210819.515625, 210819.515625], [128521.9453125, -128521.9140625], [-2.8164682388305664, 2.8164682388305664]]}, {"Param_b": [-1393.6868896484375, 1393.6868896484375]}, {"Param_m": [2036, 4.506140279769897]}]}