{"EntityID": "0", "Param": [{"Param_W": [[-41376.48828125, 41376.48828125], [-36905.52734375, 36905.52734375], [-11512.953125, 11512.8935546875], [22500.931640625, -22500.919921875], [-5.286559104919434, 5.286559104919434]]}, {"Param_b": [-2006.135498046875, 2006.135498046875]}, {"Param_m": [2036, 12.573497939109805]}]}