{"EntityID": "0", "Param": [{"Param_W": [[-49180.83203125, 49180.83203125], [-41576.96875, 41576.96875], [87265.140625, -87265.078125], [-1951.47265625, 1951.4461669921875], [-6.000823497772217, 6.000823497772217]]}, {"Param_b": [-2381.9267578125, 2381.9267578125]}, {"Param_m": [2036, 10.238772131502627]}]}