{"EntityID": "0", "Param": [{"Param_W": [[-30724.671875, 30724.671875], [-18519.99609375, 18519.99609375], [-287938.90625, 287938.90625], [33827.67578125, -33827.671875], [-2.938504695892334, 2.938504695892334]]}, {"Param_b": [-1406.65673828125, 1406.65673828125]}, {"Param_m": [2036, 4.5861214503645895]}]}