{"EntityID": "0", "Param": [{"Param_W": [[-53370.1015625, 53370.1015625], [-41743.37890625, 41743.37890625], [883.28271484375, -883.28271484375], [218491.015625, -218491.09375], [-5.993445873260498, 5.993445873260498]]}, {"Param_b": [-2573.517822265625, 2573.517822265625]}, {"Param_m": [2036, 15.474240791797635]}]}