{"EntityID": "0", "Param": [{"Param_W": [[-37069.84375, 37069.84375], [-26488.166015625, 26488.166015625], [-71276.40625, 71276.40625], [-25186.80078125, 25186.8125], [-3.990969657897949, 3.990969657897949]]}, {"Param_b": [-1749.1812744140625, 1749.1812744140625]}, {"Param_m": [2036, 8.250129324011505]}]}