{"EntityID": "0", "Param": [{"Param_W": [[-38021.265625, 38021.265625], [-32835.28125, 32835.28125], [-7483.0556640625, 7483.08642578125], [-63542.953125, 63542.94921875], [-4.757052898406982, 4.757052898406982]]}, {"Param_b": [-1834.706298828125, 1834.706298828125]}, {"Param_m": [2036, 7.843411422479221]}]}