{"EntityID": "0", "Param": [{"Param_W": [[-39557.13671875, 39557.13671875], [-32597.1796875, 32597.1796875], [19036.0859375, -19036.025390625], [25892.2265625, -25892.236328125], [-4.759719371795654, 4.759719371795654]]}, {"Param_b": [-1898.7059326171875, 1898.7059326171875]}, {"Param_m": [2036, 11.469822448492046]}]}