{"EntityID": "0", "Param": [{"Param_W": [[-40659.0390625, 40659.0390625], [-35611.3984375, 35611.3984375], [64247.2734375, -64247.3046875], [-72398.6640625, 72398.6875], [-5.189705848693848, 5.189705848693848]]}, {"Param_b": [-1961.3858642578125, 1961.3858642578125]}, {"Param_m": [2036, 9.386896416544914]}]}