{"EntityID": "0", "Param": [{"Param_W": [[-47801.75390625, 47801.75390625], [-39773.6328125, 39773.6328125], [32342.576171875, -32342.63671875], [2014.2208251953125, -2014.217041015625], [-5.730678081512451, 5.730678081512451]]}, {"Param_b": [-2313.9072265625, 2313.9072265625]}, {"Param_m": [2036, 11.609719504415988]}]}