{"EntityID": "0", "Param": [{"Param_W": [[-16660.59375, 16660.59375], [-3445.027099609375, 3445.027099609375], [-157404.53125, 157404.53125], [345747.1875, -345747.1875], [-0.6476614475250244, 0.6476614475250244]]}, {"Param_b": [-736.7464599609375, 736.7464599609375]}, {"Param_m": [2036, 2.8979806691408156]}]}