{"EntityID": "0", "Param": [{"Param_W": [[-44563.515625, 44563.515625], [-39436.265625, 39436.265625], [-50046.3359375, 50046.3359375], [-224506.546875, 224506.484375], [-5.847648620605469, 5.847648620605469]]}, {"Param_b": [-2130.145263671875, 2130.145263671875]}, {"Param_m": [2036, 11.38932114094496]}]}