{"EntityID": "0", "Param": [{"Param_W": [[-41470.17578125, 41470.17578125], [-33457.34375, 33457.34375], [-34062.2421875, 34062.1796875], [-95001.1796875, 95001.296875], [-4.986638069152832, 4.986638069152832]]}, {"Param_b": [-1972.110595703125, 1972.110595703125]}, {"Param_m": [2036, 9.813283631205557]}]}