{"EntityID": "0", "Param": [{"Param_W": [[-27456.580078125, 27456.580078125], [-16558.169921875, 16558.169921875], [-220126.625, 220126.65625], [15405.8759765625, -15405.908203125], [-2.634702205657959, 2.634702205657959]]}, {"Param_b": [-1254.9326171875, 1254.9326171875]}, {"Param_m": [2036, 5.212230983376503]}]}