{"EntityID": "0", "Param": [{"Param_W": [[-36547.7734375, 36547.7734375], [-29296.322265625, 29296.322265625], [-70007.1484375, 70007.1484375], [-75520.5234375, 75520.515625], [-4.31681489944458, 4.31681489944458]]}, {"Param_b": [-1745.267578125, 1745.267578125]}, {"Param_m": [2036, 8.953818690776826]}]}