{"EntityID": "0", "Param": [{"Param_W": [[-66728.5625, 66728.5625], [-66080.890625, 66080.890625], [126948.7265625, -126948.7890625], [-70893.6953125, 70893.671875], [-9.323310852050781, 9.323314666748047]]}, {"Param_b": [-3286.052001953125, 3286.052001953125]}, {"Param_m": [2036, 22.816990208625793]}]}