{"EntityID": "0", "Param": [{"Param_W": [[-40242.0625, 40242.0625], [-27704.873046875, 27704.873046875], [-113223.75, 113223.75], [-45995.609375, 45995.58984375], [-4.1671061515808105, 4.1671061515808105]]}, {"Param_b": [-1902.19482421875, 1902.19482421875]}, {"Param_m": [2036, 6.5889668524265295]}]}