{"EntityID": "0", "Param": [{"Param_W": [[-36001.67578125, 36001.67578125], [-27315.564453125, 27315.564453125], [-50313.41015625, 50313.41015625], [-29299.47265625, 29299.439453125], [-4.031856060028076, 4.031856060028076]]}, {"Param_b": [-1716.809814453125, 1716.809814453125]}, {"Param_m": [2036, 8.206161425036056]}]}