{"EntityID": "0", "Param": [{"Param_W": [[-20063.388671875, 20063.388671875], [-9473.21875, 9473.21875], [-282659.53125, 282659.53125], [27064.759765625, -27064.7578125], [-1.6304417848587036, 1.6304417848587036]]}, {"Param_b": [-891.9141235351562, 891.9141235351562]}, {"Param_m": [2036, 2.380240690708161]}]}