{"EntityID": "0", "Param": [{"Param_W": [[-33288.17578125, 33288.17578125], [-23440.697265625, 23440.697265625], [-144154.75, 144154.75], [-58881.640625, 58881.72265625], [-3.585632801055908, 3.585632801055908]]}, {"Param_b": [-1560.64111328125, 1560.64111328125]}, {"Param_m": [2036, 4.698341585695744]}]}