{"EntityID": "0", "Param": [{"Param_W": [[-38865.8984375, 38865.8984375], [-32675.818359375, 32675.818359375], [22824.48828125, -22824.48828125], [-4553.8447265625, 4553.85986328125], [-4.776814937591553, 4.776814937591553]]}, {"Param_b": [-1866.33447265625, 1866.33447265625]}, {"Param_m": [2036, 10.432960733026269]}]}