{"EntityID": "0", "Param": [{"Param_W": [[-28217.232421875, 28217.232421875], [-18559.556640625, 18559.556640625], [-176435.5, 176435.5], [-30232.1171875, 30232.111328125], [-2.8976480960845947, 2.8976480960845947]]}, {"Param_b": [-1303.413818359375, 1303.413818359375]}, {"Param_m": [2036, 4.8265854626893985]}]}