{"EntityID": "0", "Param": [{"Param_W": [[-13301.7265625, 13301.7265625], [-4802.01953125, 4802.01953125], [-226054.03125, 226054.03125], [38749.2265625, -38749.24609375], [-0.8926825523376465, 0.8926825523376465]]}, {"Param_b": [-583.7329711914062, 583.7329711914062]}, {"Param_m": [2036, 1.3835420608520506]}]}