{"EntityID": "0", "Param": [{"Param_W": [[-45833.1328125, 45833.1328125], [-39231.41796875, 39231.41796875], [17283.08203125, -17283.11328125], [-110827.328125, 110827.328125], [-5.687747478485107, 5.687747478485107]]}, {"Param_b": [-2217.445068359375, 2217.445068359375]}, {"Param_m": [2036, 10.396003397938332]}]}