{"EntityID": "0", "Param": [{"Param_W": [[-24909.580078125, 24909.580078125], [-14166.5029296875, 14166.5029296875], [-267641.4375, 267641.4375], [-2317.76025390625, 2317.798095703125], [-2.3160860538482666, 2.3160860538482666]]}, {"Param_b": [-1127.0244140625, 1127.0244140625]}, {"Param_m": [2036, 4.184955656528474]}]}