{"EntityID": "0", "Param": [{"Param_W": [[-46450.828125, 46450.828125], [-39378.74609375, 39378.74609375], [78263.9921875, -78263.9921875], [20778.0234375, -20778.107421875], [-5.62775182723999, 5.62775182723999]]}, {"Param_b": [-2260.63232421875, 2260.63232421875]}, {"Param_m": [2036, 11.196866019070148]}]}