{"EntityID": "0", "Param": [{"Param_W": [[-52727.890625, 52727.890625], [-41628.97265625, 41628.94140625], [-27955.865234375, 27955.865234375], [180227.359375, -180227.34375], [-5.995245933532715, 5.995253562927246]]}, {"Param_b": [-2540.11865234375, 2540.11865234375]}, {"Param_m": [2036, 14.481210720539092]}]}