{"EntityID": "0", "Param": [{"Param_W": [[-28270.14453125, 28270.14453125], [-16965.6796875, 16965.6796875], [-205240.734375, 205240.734375], [12612.513671875, -12612.509765625], [-2.6583449840545654, 2.6583449840545654]]}, {"Param_b": [-1304.1268310546875, 1304.1268310546875]}, {"Param_m": [2036, 4.187298575043677]}]}