{"EntityID": "0", "Param": [{"Param_W": [[-25328.25390625, 25328.25390625], [-15449.2255859375, 15449.2255859375], [-187865.5, 187865.5], [12877.3974609375, -12877.40234375], [-2.4473960399627686, 2.4473960399627686]]}, {"Param_b": [-1161.4437255859375, 1161.4437255859375]}, {"Param_m": [2036, 4.362229973077774]}]}