{"EntityID": "0", "Param": [{"Param_W": [[-27739.580078125, 27739.580078125], [-17423.431640625, 17423.431640625], [-130668.0234375, 130668.0234375], [-11346.7197265625, 11346.73828125], [-2.7188448905944824, 2.7188448905944824]]}, {"Param_b": [-1285.1043701171875, 1285.1043701171875]}, {"Param_m": [2036, 4.815629473328591]}]}