{"EntityID": "0", "Param": [{"Param_W": [[-24202.080078125, 24202.080078125], [-14316.2548828125, 14316.2548828125], [-179405.9375, 179405.9375], [12718.0048828125, -12717.978515625], [-2.2916135787963867, 2.2916135787963867]]}, {"Param_b": [-1103.2843017578125, 1103.2843017578125]}, {"Param_m": [2036, 4.6253083735704426]}]}