{"EntityID": "0", "Param": [{"Param_W": [[-39314.66796875, 39314.66796875], [-29242.92578125, 29242.92578125], [249920.734375, -249920.734375], [123917.109375, -123917.109375], [-4.167847156524658, 4.167847156524658]]}, {"Param_b": [-1911.9639892578125, 1911.9639892578125]}, {"Param_m": [2036, 8.75396124869585]}]}