{"EntityID": "0", "Param": [{"Param_W": [[-23173.474609375, 23173.474609375], [-13385.947265625, 13385.947265625], [-215433.328125, 215433.328125], [-34225.5859375, 34225.61328125], [-2.199826955795288, 2.199826955795288]]}, {"Param_b": [-1047.1424560546875, 1047.1424560546875]}, {"Param_m": [2036, 3.6690195560455323]}]}