{"EntityID": "0", "Param": [{"Param_W": [[-21794.15234375, 21794.15234375], [-11542.078125, 11542.078125], [-173723.0625, 173723.0], [53948.9765625, -53948.95703125], [-1.8915507793426514, 1.8915507793426514]]}, {"Param_b": [-984.1591186523438, 984.1591186523438]}, {"Param_m": [2036, 3.9507315158843994]}]}