{"EntityID": "0", "Param": [{"Param_W": [[-16223.7138671875, 16223.7138671875], [-8278.841796875, 8278.841796875], [-182877.234375, 182877.234375], [-16437.615234375, 16437.650390625], [-1.4317880868911743, 1.4317880868911743]]}, {"Param_b": [-719.9691772460938, 719.9691772460938]}, {"Param_m": [2036, 2.1874246306717398]}]}