{"EntityID": "0", "Param": [{"Param_W": [[-22663.783203125, 22663.783203125], [-14151.697265625, 14151.697265625], [-103909.984375, 103909.984375], [-43284.48046875, 43284.47265625], [-2.256593704223633, 2.256593704223633]]}, {"Param_b": [-1043.1983642578125, 1043.1983642578125]}, {"Param_m": [2036, 3.185288008600901]}]}