{"EntityID": "0", "Param": [{"Param_W": [[-23211.580078125, 23211.580078125], [-13587.6396484375, 13587.6396484375], [-190788.75, 190788.75], [7130.966796875, -7130.974609375], [-2.191709041595459, 2.191709041595459]]}, {"Param_b": [-1055.3642578125, 1055.3642578125]}, {"Param_m": [2036, 4.178378945589065]}]}