{"EntityID": "0", "Param": [{"Param_W": [[-56779.0546875, 56779.0546875], [-50001.375, 50001.40625], [-21621.314453125, 21621.314453125], [-23467.064453125, 23467.064453125], [-7.216211318969727, 7.216211318969727]]}, {"Param_b": [-2746.21923828125, 2746.21923828125]}, {"Param_m": [2036, 17.00648580789566]}]}