{"EntityID": "0", "Param": [{"Param_W": [[-22181.517578125, 22181.517578125], [-11852.5048828125, 11852.5048828125], [-211531.953125, 211531.828125], [16802.751953125, -16802.73046875], [-1.9695900678634644, 1.9695900678634644]]}, {"Param_b": [-996.673828125, 996.673828125]}, {"Param_m": [2036, 3.7721579402685164]}]}