{"EntityID": "0", "Param": [{"Param_W": [[-21840.025390625, 21840.025390625], [-13248.3310546875, 13248.3310546875], [59596.22265625, -59596.28515625], [165793.84375, -165793.84375], [-1.9102754592895508, 1.9102754592895508]]}, {"Param_b": [-1043.365234375, 1043.365234375]}, {"Param_m": [2036, 4.61461084028706]}]}