{"EntityID": "0", "Param": [{"Param_W": [[-30567.39453125, 30567.39453125], [-19763.642578125, 19763.642578125], [51422.74609375, -51422.74609375], [195590.6875, -195590.734375], [-2.885974645614624, 2.885974645614624]]}, {"Param_b": [-1457.6865234375, 1457.6865234375]}, {"Param_m": [2036, 7.088994646072388]}]}