{"EntityID": "0", "Param": [{"Param_W": [[-39040.1640625, 39040.1640625], [-31417.609375, 31417.609375], [-55797.08203125, 55797.140625], [-94309.609375, 94309.59375], [-4.658363342285156, 4.658363342285156]]}, {"Param_b": [-1861.7684326171875, 1861.7684326171875]}, {"Param_m": [2036, 8.58058992870183]}]}