{"EntityID": "0", "Param": [{"Param_W": [[-16195.8017578125, 16195.8017578125], [-6686.6630859375, 6686.6630859375], [-248758.65625, 248758.65625], [39245.68359375, -39245.67578125], [-1.211180329322815, 1.211180329322815]]}, {"Param_b": [-711.38330078125, 711.38330078125]}, {"Param_m": [2036, 1.9144892528653148]}]}