{"EntityID": "0", "Param": [{"Param_W": [[-40455.1640625, 40455.1640625], [-33883.7890625, 33883.7890625], [122853.515625, -122853.578125], [-52813.89453125, 52813.9140625], [-4.844425201416016, 4.844425201416016]]}, {"Param_b": [-1971.306640625, 1971.306640625]}, {"Param_m": [2036, 9.796042608336757]}]}