{"EntityID": "0", "Param": [{"Param_W": [[-22860.37890625, 22860.37890625], [-14228.1513671875, 14228.1513671875], [-24490.359375, 24490.359375], [-22633.14453125, 22633.140625], [-2.1643922328948975, 2.1643922328948975]]}, {"Param_b": [-1072.035400390625, 1072.035400390625]}, {"Param_m": [2036, 3.6002800884743915]}]}