{"EntityID": "0", "Param": [{"Param_W": [[-29886.8359375, 29886.8359375], [-24531.6796875, 24531.6796875], [121732.703125, -121732.796875], [109646.09375, -109646.09375], [-3.4834468364715576, 3.4834468364715576]]}, {"Param_b": [-1455.092529296875, 1455.092529296875]}, {"Param_m": [2036, 8.771390009310561]}]}