{"EntityID": "0", "Param": [{"Param_W": [[-31274.16796875, 31274.16796875], [-26000.076171875, 26000.076171875], [52050.609375, -52050.546875], [-123046.109375, 123046.1171875], [-3.8491415977478027, 3.8491415977478027]]}, {"Param_b": [-1498.73486328125, 1498.73486328125]}, {"Param_m": [2036, 7.758039911836385]}]}