{"EntityID": "0", "Param": [{"Param_W": [[-27126.251953125, 27126.251953125], [-17997.197265625, 17997.197265625], [1036.4632568359375, -1036.432861328125], [68610.890625, -68610.8984375], [-2.6806843280792236, 2.6806843280792236]]}, {"Param_b": [-1283.6937255859375, 1283.6937255859375]}, {"Param_m": [2036, 4.742426918447018]}]}