{"EntityID": "1", "Param": [{"Param_W": [[-72422.8671875, 72422.8671875], [-75446.078125, 75446.078125], [433208.84375, -433208.84375], [-132547.015625, 132546.96875], [-10.498276710510254, 10.498276710510254]]}, {"Param_b": [-3618.62353515625, 3618.62353515625]}, {"Param_m": [2036, 26.257799530029295]}]}