{"EntityID": "1", "Param": [{"Param_W": [[-66742.9765625, 66742.9765625], [-61538.67578125, 61538.69140625], [144861.046875, -144861.046875], [-18925.244140625, 18925.244140625], [-8.7803316116333, 8.7803316116333]]}, {"Param_b": [-3264.21630859375, 3264.21630859375]}, {"Param_m": [2036, 22.671853274106976]}]}