{"EntityID": "1", "Param": [{"Param_W": [[-35046.85546875, 35046.85546875], [-27190.326171875, 27190.326171875], [15664.5400390625, -15664.509765625], [34498.15234375, -34498.17578125], [-3.91595196723938, 3.91595196723938]]}, {"Param_b": [-1690.946044921875, 1690.946044921875]}, {"Param_m": [2036, 8.482343761622905]}]}