{"EntityID": "1", "Param": [{"Param_W": [[-39087.4921875, 39087.4921875], [-33210.0234375, 33210.0234375], [141791.1875, -141791.21875], [-77230.53125, 77230.484375], [-4.818648815155029, 4.818648815155029]]}, {"Param_b": [-1891.409423828125, 1891.409423828125]}, {"Param_m": [2036, 8.301263134926558]}]}