{"EntityID": "1", "Param": [{"Param_W": [[-35056.5625, 35056.5625], [-30476.865234375, 30476.865234375], [96794.9765625, -96794.9140625], [-82571.71875, 82571.7578125], [-4.476093769073486, 4.476093769073486]]}, {"Param_b": [-1683.679931640625, 1683.679931640625]}, {"Param_m": [2036, 9.017034302651883]}]}