{"EntityID": "1", "Param": [{"Param_W": [[-32841.10546875, 32841.10546875], [-28005.10546875, 28005.10546875], [59145.328125, -59145.296875], [-60489.35546875, 60489.34765625], [-4.155640602111816, 4.155640602111816]]}, {"Param_b": [-1568.0740966796875, 1568.0740966796875]}, {"Param_m": [2036, 8.145044802874326]}]}