{"EntityID": "1", "Param": [{"Param_W": [[-8100.6923828125, 8100.6923828125], [-1091.9527587890625, 1091.9527587890625], [-58378.03125, 58378.03125], [-11567.677734375, 11567.6318359375], [-0.2921883761882782, 0.2921883761882782]]}, {"Param_b": [-352.3543701171875, 352.3543701171875]}, {"Param_m": [2036, 2.612341716553055]}]}