{"EntityID": "1", "Param": [{"Param_W": [[-57240.93359375, 57240.93359375], [-49579.84765625, 49579.84765625], [-79004.53125, 79004.40625], [1824.739990234375, -1824.7552490234375], [-7.161444664001465, 7.161444664001465]]}, {"Param_b": [-2769.849365234375, 2769.849365234375]}, {"Param_m": [2036, 13.524764657020569]}]}