{"EntityID": "1", "Param": [{"Param_W": [[-41637.40234375, 41637.40234375], [-34503.18359375, 34503.18359375], [126332.671875, -126332.640625], [-51825.3671875, 51825.375], [-5.026694297790527, 5.026694297790527]]}, {"Param_b": [-2011.126220703125, 2011.126220703125]}, {"Param_m": [2036, 9.051724729835973]}]}