{"EntityID": "1", "Param": [{"Param_W": [[-28616.005859375, 28616.005859375], [-20870.3984375, 20870.3984375], [137136.1875, -137136.15625], [67243.9140625, -67243.9375], [-2.9208760261535645, 2.9208760261535645]]}, {"Param_b": [-1397.828125, 1397.828125]}, {"Param_m": [2036, 6.246281646192075]}]}