{"EntityID": "1", "Param": [{"Param_W": [[-21755.5625, 21755.5625], [-16980.484375, 16980.484375], [159426.5, -159426.5], [16358.4111328125, -16358.3876953125], [-2.3545725345611572, 2.3545725345611572]]}, {"Param_b": [-1066.346923828125, 1066.346923828125]}, {"Param_m": [2036, 5.577896302938461]}]}