{"EntityID": "1", "Param": [{"Param_W": [[-39504.953125, 39504.953125], [-33377.25, 33377.25], [166022.859375, -166022.828125], [-74335.8203125, 74335.859375], [-4.850883960723877, 4.850883960723877]]}, {"Param_b": [-1912.4039306640625, 1912.388671875]}, {"Param_m": [2036, 8.521101358532905]}]}