{"EntityID": "1", "Param": [{"Param_W": [[-33092.06640625, 33092.06640625], [-30262.794921875, 30262.794921875], [99513.0234375, -99513.0234375], [-81084.15625, 81084.09375], [-4.3006978034973145, 4.3006978034973145]]}, {"Param_b": [-1620.9090576171875, 1620.9090576171875]}, {"Param_m": [2036, 8.341742448881268]}]}