{"EntityID": "1", "Param": [{"Param_W": [[-12270.451171875, 12270.451171875], [-3973.649658203125, 3973.649658203125], [-114492.0, 114491.96875], [52772.28125, -52772.25390625], [-0.7306190133094788, 0.7306190133094788]]}, {"Param_b": [-540.5912475585938, 540.5912475585938]}, {"Param_m": [2036, 2.6385322747752067]}]}