{"EntityID": "1", "Param": [{"Param_W": [[1088.797607421875, -1088.797607421875], [7308.486328125, -7308.486328125], [-30438.8203125, 30438.849609375], [11169.154296875, -11169.1474609375], [0.9629001617431641, -0.9629001617431641]]}, {"Param_b": [85.11539459228516, -85.11539459228516]}, {"Param_m": [2036, 1.1212266202917816]}]}