{"EntityID": "1", "Param": [{"Param_W": [[-24081.6953125, 24081.6953125], [-16858.88671875, 16858.88671875], [-34456.00390625, 34455.9453125], [-6271.12646484375, 6271.2080078125], [-2.5175838470458984, 2.5175838470458984]]}, {"Param_b": [-1142.2847900390625, 1142.2847900390625]}, {"Param_m": [2036, 5.430506126210093]}]}