{"EntityID": "1", "Param": [{"Param_W": [[-29337.33984375, 29337.33984375], [-25028.265625, 25028.265625], [208027.984375, -208028.046875], [55438.703125, -55438.67578125], [-3.4716551303863525, 3.4716551303863525]]}, {"Param_b": [-1447.0224609375, 1447.0224609375]}, {"Param_m": [2036, 7.323602931201458]}]}