{"EntityID": "1", "Param": [{"Param_W": [[-5151.27880859375, 5151.27880859375], [1531.743408203125, -1531.743408203125], [-73815.6015625, 73815.6015625], [42449.140625, -42449.09765625], [0.11140014231204987, -0.11140014231204987]]}, {"Param_b": [-211.14260864257812, 211.14260864257812]}, {"Param_m": [2036, 2.1811557139757496]}]}