{"EntityID": "1", "Param": [{"Param_W": [[-32895.47265625, 32895.47265625], [-28120.634765625, 28120.634765625], [223473.359375, -223473.265625], [40182.2421875, -40182.21875], [-3.939239501953125, 3.939239501953125]]}, {"Param_b": [-1620.1505126953125, 1620.1505126953125]}, {"Param_m": [2036, 8.025504894927144]}]}