{"EntityID": "1", "Param": [{"Param_W": [[-66570.46875, 66570.46875], [-64475.75390625, 64475.75390625], [239280.390625, -239280.484375], [-135061.265625, 135061.234375], [-9.148937225341797, 9.148937225341797]]}, {"Param_b": [-3277.9384765625, 3277.9384765625]}, {"Param_m": [2036, 21.26067654490471]}]}