{"EntityID": "1", "Param": [{"Param_W": [[-34680.36328125, 34680.36328125], [-26595.443359375, 26595.443359375], [55445.33203125, -55445.33203125], [-72610.1484375, 72610.1640625], [-3.95103120803833, 3.95103120803833]]}, {"Param_b": [-1656.693603515625, 1656.693603515625]}, {"Param_m": [2036, 6.280826884880661]}]}