{"EntityID": "1", "Param": [{"Param_W": [[-686.3841552734375, 686.3841552734375], [5784.26708984375, -5784.26708984375], [-11585.5849609375, 11585.5849609375], [1828.0166015625, -1828.00146484375], [0.7354779243469238, -0.7354779243469238]]}, {"Param_b": [1.5624462366104126, -1.5624462366104126]}, {"Param_m": [2036, 1.263111020065844]}]}