{"EntityID": "1", "Param": [{"Param_W": [[-34738.61328125, 34738.61328125], [-27061.689453125, 27061.93359375], [91660.8671875, -91660.8046875], [-49105.1796875, 49105.15625], [-3.943861246109009, 3.943861246109009]]}, {"Param_b": [-1675.1092529296875, 1675.1092529296875]}, {"Param_m": [2036, 6.513203552365302]}]}