{"EntityID": "1", "Param": [{"Param_W": [[-17601.822265625, 17601.822265625], [-10271.9765625, 10271.9765625], [-167061.734375, 167061.734375], [-118536.7578125, 118536.7109375], [-1.7133697271347046, 1.7133697271347046]]}, {"Param_b": [-794.2081298828125, 794.2081298828125]}, {"Param_m": [2036, 4.251682540401817]}]}