{"EntityID": "1", "Param": [{"Param_W": [[1574.703125, -1574.703125], [8079.0908203125, -8079.0908203125], [-20293.62890625, 20293.658203125], [33013.640625, -33013.640625], [1.0837219953536987, -1.0837219953536987]]}, {"Param_b": [107.91497802734375, -107.91497802734375]}, {"Param_m": [2036, 1.1331335475792002]}]}