{"EntityID": "1", "Param": [{"Param_W": [[2343.12353515625, -2343.12353515625], [9084.396484375, -9084.396484375], [-5980.31591796875, 5980.3466796875], [46196.25, -46196.2578125], [1.2342307567596436, -1.2342307567596436]]}, {"Param_b": [144.5035400390625, -144.5035400390625]}, {"Param_m": [2036, 1.1227630473760655]}]}