{"EntityID": "1", "Param": [{"Param_W": [[-31601.826171875, 31601.826171875], [-27794.91796875, 27794.91796875], [73554.0234375, -73554.0234375], [-94666.296875, 94666.28125], [-4.00264310836792, 4.00264310836792]]}, {"Param_b": [-1531.83447265625, 1531.83447265625]}, {"Param_m": [2036, 7.169602443277836]}]}