{"EntityID": "1", "Param": [{"Param_W": [[329.1148986816406, -329.1148986816406], [7320.37939453125, -7320.37939453125], [-25072.771484375, 25072.833984375], [37180.3125, -37180.3125], [0.9656259417533875, -0.9656259417533875]]}, {"Param_b": [50.8022575378418, -50.8022575378418]}, {"Param_m": [2036, 1.1846754376776516]}]}