{"EntityID": "1", "Param": [{"Param_W": [[-17280.474609375, 17280.474609375], [-9264.9736328125, 9264.9736328125], [-93621.6640625, 93621.6640625], [19556.74609375, -19556.798828125], [-1.5046721696853638, 1.5046721696853638]]}, {"Param_b": [-787.8369750976562, 787.8369750976562]}, {"Param_m": [2036, 4.340413099527359]}]}