{"EntityID": "1", "Param": [{"Param_W": [[-28741.73046875, 28741.73046875], [-26105.412109375, 26105.412109375], [188745.203125, -188745.203125], [-91485.765625, 91485.7578125], [-3.6953442096710205, 3.6953442096710205]]}, {"Param_b": [-1409.0079345703125, 1409.0079345703125]}, {"Param_m": [2036, 7.553219459205866]}]}