{"EntityID": "1", "Param": [{"Param_W": [[-81297.625, 81297.625], [-80059.265625, 80059.265625], [67003.1875, -67003.15625], [-491416.6875, 491416.65625], [-11.526826858520508, 11.526826858520508]]}, {"Param_b": [-3983.304931640625, 3983.30126953125]}, {"Param_m": [2036, 16.67994154691696]}]}