{"EntityID": "1", "Param": [{"Param_W": [[-2160.1201171875, 2160.1201171875], [4814.88330078125, -4814.88330078125], [-45620.09765625, 45620.09765625], [43041.88671875, -43041.859375], [0.5970574021339417, -0.5970574021339417]]}, {"Param_b": [-67.60993957519531, 67.60993957519531]}, {"Param_m": [2036, 1.7786152386524352]}]}