{"EntityID": "1", "Param": [{"Param_W": [[733.955322265625, -733.955322265625], [7105.09521484375, -7105.09521484375], [-38155.6953125, 38155.6953125], [9867.7958984375, -9867.7880859375], [0.9256877899169922, -0.9256877899169922]]}, {"Param_b": [69.18755340576172, -69.18755340576172]}, {"Param_m": [2036, 1.1404470704385632]}]}