{"EntityID": "1", "Param": [{"Param_W": [[-6527.4453125, 6527.4453125], [513.8173217773438, -513.8173217773438], [-72462.7109375, 72462.7421875], [-47920.09765625, 47920.12109375], [-0.08787574619054794, 0.08787574619054794]]}, {"Param_b": [-270.62176513671875, 270.62176513671875]}, {"Param_m": [2036, 1.79459531470621]}]}