{"EntityID": "1", "Param": [{"Param_W": [[98.54029846191406, -98.54029846191406], [6306.5791015625, -6306.5791015625], [-22780.103515625, 22780.103515625], [5458.7705078125, -5458.7548828125], [0.8131025433540344, -0.8131025433540344]]}, {"Param_b": [38.5453987121582, -38.5453987121582]}, {"Param_m": [2036, 1.1885351194418035]}]}