{"EntityID": "1", "Param": [{"Param_W": [[-2758.157470703125, 2758.157470703125], [4525.8154296875, -4525.8154296875], [-53735.95703125, 53735.92578125], [51843.3828125, -51843.37109375], [0.5539194941520691, -0.5539194941520691]]}, {"Param_b": [-95.35472869873047, 95.35472869873047]}, {"Param_m": [2036, 1.970607137198385]}]}