{"EntityID": "1", "Param": [{"Param_W": [[583.47509765625, -583.47509765625], [7193.6845703125, -7193.6845703125], [-39435.26171875, 39435.26171875], [23771.58203125, -23771.56640625], [0.9419237375259399, -0.9419237375259399]]}, {"Param_b": [61.83039855957031, -61.83039855957031]}, {"Param_m": [2036, 1.1345404448584304]}]}