{"EntityID": "1", "Param": [{"Param_W": [[2375.646484375, -2375.646484375], [9092.40625, -9092.40625], [-5648.34912109375, 5648.34912109375], [46839.41796875, -46839.41796875], [1.236660122871399, -1.236660122871399]]}, {"Param_b": [145.82327270507812, -145.82327270507812]}, {"Param_m": [2036, 1.1277047003575713]}]}