{"EntityID": "1", "Param": [{"Param_W": [[-52612.0859375, 52612.0859375], [-43492.4375, 43492.4375], [-62104.75390625, 62104.75390625], [142891.953125, -142891.90625], [-6.311277389526367, 6.311277389526367]]}, {"Param_b": [-2528.15185546875, 2528.15185546875]}, {"Param_m": [2036, 14.906177963316441]}]}