{"EntityID": "1", "Param": [{"Param_W": [[-715.02392578125, 715.02392578125], [6064.59716796875, -6064.59716796875], [-7566.123046875, 7566.15380859375], [17698.451171875, -17698.443359375], [0.7767789363861084, -0.7767789363861084]]}, {"Param_b": [0.9860097765922546, -0.9860097765922546]}, {"Param_m": [2036, 1.356045499746688]}]}