{"EntityID": "1", "Param": [{"Param_W": [[-493.1869201660156, 493.1869201660156], [6298.3271484375, -6298.3271484375], [-5277.3974609375, 5277.36669921875], [24321.65234375, -24321.65234375], [0.8193243145942688, -0.8193243145942688]]}, {"Param_b": [10.315178871154785, -10.315178871154785]}, {"Param_m": [2036, 1.353146098856814]}]}