{"EntityID": "1", "Param": [{"Param_W": [[-188.82846069335938, 188.82846069335938], [6445.65185546875, -6445.65185546875], [-2096.135498046875, 2096.105224609375], [26874.40234375, -26874.40234375], [0.8468188643455505, -0.8468188643455505]]}, {"Param_b": [23.37601661682129, -23.37601661682129]}, {"Param_m": [2036, 1.340001566079445]}]}