{"EntityID": "1", "Param": [{"Param_W": [[2466.420166015625, -2466.420166015625], [9272.982421875, -9272.982421875], [-3226.31494140625, 3226.31494140625], [49293.07421875, -49293.07421875], [1.259710431098938, -1.259710431098938]]}, {"Param_b": [151.08705139160156, -151.08705139160156]}, {"Param_m": [2036, 1.1205673159276557]}]}