{"EntityID": "1", "Param": [{"Param_W": [[2290.697998046875, -2290.697998046875], [9002.603515625, -9002.603515625], [-6840.693359375, 6840.693359375], [46446.30078125, -46446.2890625], [1.2237424850463867, -1.2237424850463867]]}, {"Param_b": [141.7275390625, -141.7275390625]}, {"Param_m": [2036, 1.131812773943966]}]}