{"EntityID": "1", "Param": [{"Param_W": [[-17391.150390625, 17391.150390625], [-10229.9873046875, 10229.9873046875], [-17323.828125, 17323.828125], [-97210.484375, 97210.421875], [-1.5652904510498047, 1.5652904510498047]]}, {"Param_b": [-818.8128662109375, 818.8128662109375]}, {"Param_m": [2036, 3.1074274055659767]}]}