{"EntityID": "1", "Param": [{"Param_W": [[-580.0771484375, 580.0771484375], [6816.02783203125, -6816.02783203125], [-30973.69140625, 30973.69140625], [44386.4296875, -44386.4296875], [0.8848015666007996, -0.8848015666007996]]}, {"Param_b": [8.965105056762695, -8.965105056762695]}, {"Param_m": [2036, 1.2493903214111923]}]}