{"EntityID": "1", "Param": [{"Param_W": [[-66542.6171875, 66542.6171875], [-63793.0703125, 63793.0703125], [182302.078125, -182302.078125], [-156820.65625, 156820.765625], [-9.074593544006348, 9.074593544006348]]}, {"Param_b": [-3273.048095703125, 3273.048095703125]}, {"Param_m": [2036, 19.424917471408843]}]}