{"EntityID": "1", "Param": [{"Param_W": [[2126.6259765625, -2126.6259765625], [8634.412109375, -8634.412109375], [-10896.5302734375, 10896.5908203125], [35696.46875, -35696.453125], [1.169938564300537, -1.169938564300537]]}, {"Param_b": [133.2478485107422, -133.2478485107422]}, {"Param_m": [2036, 1.1186912728306195]}]}