{"EntityID": "1", "Param": [{"Param_W": [[-45.62949752807617, 45.62949752807617], [6829.8623046875, -6829.8623046875], [3804.3896484375, -3804.3896484375], [34125.703125, -34125.703125], [0.9025189280509949, -0.9025189280509949]]}, {"Param_b": [30.80901336669922, -30.80901336669922]}, {"Param_m": [2036, 1.3543983561219646]}]}