{"EntityID": "1", "Param": [{"Param_W": [[2176.138916015625, -2176.138916015625], [8799.6982421875, -8799.6982421875], [-6430.17919921875, 6430.14892578125], [29922.021484375, -29922.0078125], [1.183508038520813, -1.183508038520813]]}, {"Param_b": [137.58628845214844, -137.58628845214844]}, {"Param_m": [2036, 1.1017935524417606]}]}