{"EntityID": "1", "Param": [{"Param_W": [[-981.5196533203125, 981.5196533203125], [6366.5283203125, -6366.5283203125], [-26488.10546875, 26488.10546875], [37736.76171875, -37736.75390625], [0.8173689246177673, -0.8173689246177673]]}, {"Param_b": [-9.78425121307373, 9.78425121307373]}, {"Param_m": [2036, 1.313107329071499]}]}