{"EntityID": "1", "Param": [{"Param_W": [[950.4527587890625, -950.4527587890625], [7172.56884765625, -7172.56884765625], [-32544.451171875, 32544.482421875], [11057.3564453125, -11057.3642578125], [0.9419237375259399, -0.9419237375259399]]}, {"Param_b": [78.63807678222656, -78.63807678222656]}, {"Param_m": [2036, 1.1561892312118291]}]}