{"EntityID": "1", "Param": [{"Param_W": [[2364.48193359375, -2364.48193359375], [8953.3330078125, -8953.3330078125], [-3125.772216796875, 3125.772216796875], [33094.41015625, -33094.39453125], [1.2062621116638184, -1.2062621116638184]]}, {"Param_b": [146.61207580566406, -146.61207580566406]}, {"Param_m": [2036, 1.0998482251298283]}]}