{"EntityID": "1", "Param": [{"Param_W": [[2357.20068359375, -2357.20068359375], [9019.3505859375, -9019.3505859375], [-6238.31689453125, 6238.28662109375], [45673.17578125, -45673.171875], [1.2269423007965088, -1.2269423007965088]]}, {"Param_b": [144.59454345703125, -144.59454345703125]}, {"Param_m": [2036, 1.1292398410174427]}]}