{"EntityID": "1", "Param": [{"Param_W": [[-5572.62353515625, 5572.62353515625], [3103.048583984375, -3103.048583984375], [-79993.546875, 79993.578125], [74950.9296875, -74950.875], [0.3256676495075226, -0.3256676495075226]]}, {"Param_b": [-222.76235961914062, 222.76235961914062]}, {"Param_m": [2036, 1.668618737719953]}]}