{"EntityID": "1", "Param": [{"Param_W": [[2282.44580078125, -2282.44580078125], [8993.1376953125, -8993.1376953125], [-6788.87451171875, 6788.90478515625], [42248.48046875, -42248.48828125], [1.220009446144104, -1.220009446144104]]}, {"Param_b": [141.6516876220703, -141.6516876220703]}, {"Param_m": [2036, 1.1205236733264428]}]}