{"EntityID": "1", "Param": [{"Param_W": [[-202.42022705078125, 202.42022705078125], [6126.9736328125, -6126.9736328125], [-23762.53125, 23762.53125], [5396.39404296875, -5396.37109375], [0.7878004908561707, -0.7878004908561707]]}, {"Param_b": [23.800758361816406, -23.800758361816406]}, {"Param_m": [2036, 1.2171624430688095]}]}