{"EntityID": "1", "Param": [{"Param_W": [[-692.2091674804688, 692.2091674804688], [5930.1357421875, -5930.1357421875], [-10743.68359375, 10743.6533203125], [17354.462890625, -17354.455078125], [0.7578172087669373, -0.7578172087669373]]}, {"Param_b": [1.5169380903244019, -1.5169380903244019]}, {"Param_m": [2036, 1.366915267612785]}]}