{"EntityID": "1", "Param": [{"Param_W": [[-68355.84375, 68355.84375], [-66155.6796875, 66155.6796875], [183935.578125, -183935.578125], [-180239.859375, 180239.890625], [-9.39786148071289, 9.39786148071289]]}, {"Param_b": [-3365.70263671875, 3365.70263671875]}, {"Param_m": [2036, 18.502475786209107]}]}