{"EntityID": "1", "Param": [{"Param_W": [[1094.13720703125, -1094.13720703125], [7814.29443359375, -7814.29443359375], [-24422.33984375, 24422.33984375], [38266.83984375, -38266.81640625], [1.0441986322402954, -1.0441986322402954]]}, {"Param_b": [85.60081481933594, -85.60081481933594]}, {"Param_m": [2036, 1.163586434628814]}]}