{"EntityID": "1", "Param": [{"Param_W": [[2460.59521484375, -2460.59521484375], [9187.3056640625, -9187.3056640625], [-4213.8720703125, 4213.841796875], [48237.1015625, -48237.0859375], [1.250881314277649, -1.250881314277649]]}, {"Param_b": [149.82798767089844, -149.82798767089844]}, {"Param_m": [2036, 1.1245547996450114]}]}