{"EntityID": "1", "Param": [{"Param_W": [[1669.845458984375, -1669.845458984375], [7932.73681640625, -7932.73681640625], [-20247.30078125, 20247.33203125], [28669.712890625, -28669.712890625], [1.0578866004943848, -1.0578866004943848]]}, {"Param_b": [112.70850372314453, -112.70850372314453]}, {"Param_m": [2036, 1.1437086405338048]}]}