{"EntityID": "1", "Param": [{"Param_W": [[-616.4837036132812, 616.4837036132812], [6184.01025390625, -6184.01025390625], [-6907.68115234375, 6907.71142578125], [22094.552734375, -22094.544921875], [0.7990589737892151, -0.7990589737892151]]}, {"Param_b": [5.005895614624023, -5.005895614624023]}, {"Param_m": [2036, 1.369733095867559]}]}