{"EntityID": "1", "Param": [{"Param_W": [[2358.17138671875, -2358.17138671875], [8952.1201171875, -8952.1201171875], [-3125.8330078125, 3125.86328125], [33345.83203125, -33345.84765625], [1.2059658765792847, -1.2059658765792847]]}, {"Param_b": [146.3390350341797, -146.3390350341797]}, {"Param_m": [2036, 1.0990002283977593]}]}