{"EntityID": "1", "Param": [{"Param_W": [[2364.48193359375, -2364.48193359375], [8840.958984375, -8840.958984375], [-7585.99560546875, 7585.99560546875], [43614.0625, -43614.01953125], [1.2035956382751465, -1.2035956382751465]]}, {"Param_b": [144.15463256835938, -144.15463256835938]}, {"Param_m": [2036, 1.1245225469679099]}]}