{"EntityID": "1", "Param": [{"Param_W": [[1876.634521484375, -1876.634521484375], [8311.1220703125, -8311.1220703125], [-15726.279296875, 15726.3095703125], [43691.9921875, -43691.984375], [1.1253784894943237, -1.1253784894943237]]}, {"Param_b": [120.9151382446289, -120.9151382446289]}, {"Param_m": [2036, 1.1541996376850876]}]}