{"EntityID": "1", "Param": [{"Param_W": [[66.50257110595703, -66.50257110595703], [6952.18798828125, -6952.18798828125], [4964.271484375, -4964.30126953125], [36184.625, -36184.6328125], [0.9211251139640808, -0.9211251139640808]]}, {"Param_b": [36.19414520263672, -36.19414520263672]}, {"Param_m": [2036, 1.3486407327814962]}]}