{"EntityID": "1", "Param": [{"Param_W": [[2143.13037109375, -2143.13037109375], [8810.8623046875, -8810.8623046875], [-8047.87255859375, 8047.87255859375], [35516.3984375, -35516.4140625], [1.190974235534668, -1.190974235534668]]}, {"Param_b": [135.1288604736328, -135.1288604736328]}, {"Param_m": [2036, 1.1126600926135324]}]}