{"EntityID": "1", "Param": [{"Param_W": [[-2710.100830078125, 2710.100830078125], [4121.94580078125, -4121.94580078125], [-56231.47265625, 56231.47265625], [41889.73046875, -41889.75390625], [0.4951973259449005, -0.4951973259449005]]}, {"Param_b": [-94.30804443359375, 94.30804443359375]}, {"Param_m": [2036, 1.9444702759701613]}]}