{"EntityID": "1", "Param": [{"Param_W": [[-688.3258056640625, 688.3258056640625], [5903.9228515625, -5903.9228515625], [-9940.525390625, 9940.556640625], [18880.662109375, -18880.646484375], [0.7543804049491882, -0.7543804049491882]]}, {"Param_b": [1.6989706754684448, -1.6989706754684448]}, {"Param_m": [2036, 1.3871671805158259]}]}