{"EntityID": "1", "Param": [{"Param_W": [[-23.78558921813965, 23.78558921813965], [6345.6552734375, -6345.6552734375], [-11232.0166015625, 11231.986328125], [21216.25390625, -21216.24609375], [0.8261979818344116, -0.8261979818344116]]}, {"Param_b": [31.719175338745117, -31.719175338745117]}, {"Param_m": [2036, 1.2765078431926669]}]}