{"EntityID": "1", "Param": [{"Param_W": [[2417.392822265625, -2417.392822265625], [8989.01171875, -8989.01171875], [-5604.7529296875, 5604.8134765625], [46776.93359375, -46776.91015625], [1.2242165803909302, -1.2242165803909302]]}, {"Param_b": [147.0368194580078, -147.0368194580078]}, {"Param_m": [2036, 1.1355670656586883]}]}