{"EntityID": "1", "Param": [{"Param_W": [[1650.4287109375, -1650.4287109375], [7894.63134765625, -7894.63134765625], [-20626.900390625, 20626.900390625], [27179.3359375, -27179.3359375], [1.051961064338684, -1.051961064338684]]}, {"Param_b": [111.78317260742188, -111.78317260742188]}, {"Param_m": [2036, 1.1441578186975672]}]}