{"EntityID": "1", "Param": [{"Param_W": [[935.89013671875, -935.89013671875], [7126.2109375, -7126.2109375], [-33081.265625, 33081.296875], [15299.837890625, -15299.837890625], [0.9377166032791138, -0.9377166032791138]]}, {"Param_b": [77.4852066040039, -77.4852066040039]}, {"Param_m": [2036, 1.1655417696420045]}]}