{"EntityID": "1", "Param": [{"Param_W": [[-664.5402221679688, 664.5402221679688], [6675.01318359375, -6675.01318359375], [-40097.62109375, 40097.62109375], [41071.3046875, -41071.296875], [0.8584921360015869, -0.8584921360015869]]}, {"Param_b": [5.5368242263793945, -5.5368242263793945]}, {"Param_m": [2036, 1.2270397834014146]}]}