{"EntityID": "1", "Param": [{"Param_W": [[2318.366943359375, -2318.366943359375], [8984.400390625, -8984.400390625], [-5987.6884765625, 5987.6884765625], [41894.1953125, -41894.1953125], [1.2192983627319336, -1.2192983627319336]]}, {"Param_b": [143.09278869628906, -143.09278869628906]}, {"Param_m": [2036, 1.1151792696013216]}]}