{"EntityID": "1", "Param": [{"Param_W": [[1475.19189453125, -1475.19189453125], [7874.9716796875, -7874.9716796875], [-22425.109375, 22425.138671875], [32266.982421875, -32266.966796875], [1.0486427545547485, -1.0486427545547485]]}, {"Param_b": [103.84957885742188, -103.84957885742188]}, {"Param_m": [2036, 1.1569711581731097]}]}