{"EntityID": "1", "Param": [{"Param_W": [[2263.514404296875, -2263.514404296875], [8626.6455078125, -8626.4033203125], [-9640.263671875, 9640.263671875], [45273.03125, -45273.078125], [1.1740272045135498, -1.1740272045135498]]}, {"Param_b": [138.83018493652344, -138.83018493652344]}, {"Param_m": [2036, 1.1430174724224345]}]}