{"EntityID": "1", "Param": [{"Param_W": [[-44233.30859375, 44233.30859375], [-33557.64453125, 33557.64453125], [-207354.59375, 207354.59375], [51642.00390625, -51641.99609375], [-5.035797595977783, 5.035797595977783]]}, {"Param_b": [-2086.15771484375, 2086.15771484375]}, {"Param_m": [2036, 10.07248879522085]}]}