{"EntityID": "1", "Param": [{"Param_W": [[-10981.17578125, 10981.17578125], [-5131.376953125, 5131.376953125], [-104658.203125, 104658.203125], [-117463.5390625, 117463.5234375], [-0.9250359535217285, 0.9250359535217285]]}, {"Param_b": [-483.3268127441406, 483.3268127441406]}, {"Param_m": [2036, 2.9199749292849435]}]}