{"EntityID": "1", "Param": [{"Param_W": [[2175.16796875, -2175.16796875], [8755.2822265625, -8755.2822265625], [-7739.0849609375, 7739.11474609375], [33883.2578125, -33883.2734375], [1.1850486993789673, -1.1850486993789673]]}, {"Param_b": [136.0238494873047, -136.0238494873047]}, {"Param_m": [2036, 1.1128499519564228]}]}