{"EntityID": "1", "Param": [{"Param_W": [[-53284.515625, 53284.515625], [-46609.92578125, 46609.92578125], [-72347.9375, 72347.9375], [-43865.8203125, 43865.859375], [-6.76638126373291, 6.76638126373291]]}, {"Param_b": [-2574.308349609375, 2574.308349609375]}, {"Param_m": [2036, 13.237767922878264]}]}