{"EntityID": "1", "Param": [{"Param_W": [[-1663.049560546875, 1663.049560546875], [4644.74365234375, -4644.74365234375], [-63768.89453125, 63768.89453125], [-26522.791015625, 26522.783203125], [0.5303950905799866, -0.5303950905799866]]}, {"Param_b": [-39.531410217285156, 39.531410217285156]}, {"Param_m": [2036, 1.3124511792259053]}]}