{"EntityID": "1", "Param": [{"Param_W": [[2543.116455078125, -2543.116455078125], [9133.181640625, -9133.181640625], [-3698.38623046875, 3698.41650390625], [48836.6171875, -48836.609375], [1.2469114065170288, -1.2469114065170288]]}, {"Param_b": [152.8163604736328, -152.8163604736328]}, {"Param_m": [2036, 1.129454711532162]}]}