{"EntityID": "1", "Param": [{"Param_W": [[2564.474853515625, -2564.474853515625], [9122.0166015625, -9122.0166015625], [-3443.8134765625, 3443.8134765625], [49861.1328125, -49861.1328125], [1.2453707456588745, -1.2453707456588745]]}, {"Param_b": [153.8023681640625, -153.8023681640625]}, {"Param_m": [2036, 1.1353564437586101]}]}