{"EntityID": "1", "Param": [{"Param_W": [[-256.3018798828125, 256.3018798828125], [6334.248046875, -6334.248046875], [-5470.29150390625, 5470.29150390625], [25219.611328125, -25219.58984375], [0.8295162916183472, -0.8295162916183472]]}, {"Param_b": [20.205615997314453, -20.205615997314453]}, {"Param_m": [2036, 1.3495362986403052]}]}