{"EntityID": "1", "Param": [{"Param_W": [[2485.8369140625, -2485.8369140625], [9084.6396484375, -9084.6396484375], [-4593.04638671875, 4593.04638671875], [47280.44140625, -47280.46484375], [1.2389711141586304, -1.2389711141586304]]}, {"Param_b": [150.1768798828125, -150.1768798828125]}, {"Param_m": [2036, 1.127294218551106]}]}