{"EntityID": "1", "Param": [{"Param_W": [[2063.035888671875, -2063.035888671875], [8447.7685546875, -8447.7685546875], [-10820.775390625, 10820.744140625], [27186.982421875, -27186.974609375], [1.1406664848327637, -1.1406664848327637]]}, {"Param_b": [130.0167694091797, -130.0167694091797]}, {"Param_m": [2036, 1.109403648522948]}]}