{"EntityID": "1", "Param": [{"Param_W": [[2504.282958984375, -2504.282958984375], [9196.771484375, -9196.771484375], [-3450.36669921875, 3450.36669921875], [48041.21484375, -48041.21484375], [1.253251552581787, -1.253251552581787]]}, {"Param_b": [151.6483154296875, -151.6483154296875]}, {"Param_m": [2036, 1.1212287620322972]}]}