{"EntityID": "1", "Param": [{"Param_W": [[83.97769165039062, -83.97769165039062], [6825.0078125, -6825.0078125], [3941.30859375, -3941.30859375], [39018.66796875, -39018.65234375], [0.9033485054969788, -0.9033485054969788]]}, {"Param_b": [36.69473648071289, -36.69473648071289]}, {"Param_m": [2036, 1.3850051160901786]}]}