{"EntityID": "1", "Param": [{"Param_W": [[-3071.739013671875, 3071.739013671875], [4642.07373046875, -4642.07373046875], [-74249.9296875, 74249.9296875], [31443.458984375, -31443.458984375], [0.5410017967224121, -0.5410017967224121]]}, {"Param_b": [-105.563720703125, 105.563720703125]}, {"Param_m": [2036, 1.3483648211956023]}]}