{"EntityID": "1", "Param": [{"Param_W": [[1845.0821533203125, -1845.0821533203125], [7991.47265625, -7991.47265625], [-18547.935546875, 18547.935546875], [29733.845703125, -29733.853515625], [1.0695006847381592, -1.0695006847381592]]}, {"Param_b": [120.26285552978516, -120.26285552978516]}, {"Param_m": [2036, 1.151119880936858]}]}