{"EntityID": "1", "Param": [{"Param_W": [[1114.0394287109375, -1114.0394287109375], [7665.2705078125, -7665.2705078125], [-31291.82421875, 31291.82421875], [34952.015625, -34952.03125], [1.0179485082626343, -1.0179485082626343]]}, {"Param_b": [85.98004913330078, -85.98004913330078]}, {"Param_m": [2036, 1.151378680143898]}]}