{"EntityID": "1", "Param": [{"Param_W": [[2479.526611328125, -2479.526611328125], [8752.126953125, -8752.126953125], [-6905.4970703125, 6905.4970703125], [45948.56640625, -45948.52734375], [1.194766640663147, -1.194766640663147]]}, {"Param_b": [148.46273803710938, -148.46273803710938]}, {"Param_m": [2036, 1.1460434184913535]}]}