{"EntityID": "1", "Param": [{"Param_W": [[-1074.7203369140625, 1074.7203369140625], [6234.0087890625, -6234.0087890625], [-46658.76953125, 46658.76953125], [35705.765625, -35705.73828125], [0.7922446131706238, -0.7922446131706238]]}, {"Param_b": [-14.092354774475098, 14.092354774475098]}, {"Param_m": [2036, 1.2671431283466519]}]}