{"EntityID": "1", "Param": [{"Param_W": [[-619.396240234375, 619.396240234375], [6667.24609375, -6667.24609375], [-28710.9375, 28710.9375], [45212.05859375, -45212.04296875], [0.8684470653533936, -0.8684470653533936]]}, {"Param_b": [5.931228160858154, -5.931228160858154]}, {"Param_m": [2036, 1.2862688828958198]}]}