{"EntityID": "1", "Param": [{"Param_W": [[-25835.51953125, 25835.51953125], [-21749.494140625, 21749.494140625], [160983.1875, -160983.1875], [-87601.03125, 87601.03125], [-3.0945537090301514, 3.0945537090301514]]}, {"Param_b": [-1258.98291015625, 1258.98291015625]}, {"Param_m": [2036, 6.0559470593929285]}]}