{"EntityID": "1", "Param": [{"Param_W": [[2452.828369140625, -2452.828369140625], [8907.7041015625, -8907.7041015625], [-6000.0966796875, 6000.0966796875], [46713.3984375, -46713.375], [1.2159208059310913, -1.2159208059310913]]}, {"Param_b": [147.7952880859375, -147.7952880859375]}, {"Param_m": [2036, 1.141796867913399]}]}