{"EntityID": "1", "Param": [{"Param_W": [[2092.1611328125, -2092.1611328125], [8374.2265625, -8374.2265625], [-13474.384765625, 13474.384765625], [42822.57421875, -42822.57421875], [1.1393035650253296, -1.1393035650253296]]}, {"Param_b": [129.9561004638672, -129.9561004638672]}, {"Param_m": [2036, 1.1554091813646663]}]}