{"EntityID": "1", "Param": [{"Param_W": [[-65072.09765625, 65072.09765625], [-62669.38671875, 62669.38671875], [250473.515625, -250473.609375], [-145863.65625, 145863.640625], [-8.91534423828125, 8.91534423828125]]}, {"Param_b": [-3200.60302734375, 3200.60302734375]}, {"Param_m": [2036, 19.831268763542177]}]}