{"EntityID": "1", "Param": [{"Param_W": [[546.5831909179688, -546.5831909179688], [6944.1787109375, -6944.1787109375], [-3109.905029296875, 3109.905029296875], [36450.921875, -36450.9453125], [0.9304282069206238, -0.9304282069206238]]}, {"Param_b": [56.278404235839844, -56.278404235839844]}, {"Param_m": [2036, 1.2775386702211107]}]}