{"EntityID": "1", "Param": [{"Param_W": [[2676.12158203125, -2676.12158203125], [9026.875, -9026.875], [-3009.33203125, 3009.33203125], [50842.375, -50842.3828125], [1.2361268997192383, -1.2361268997192383]]}, {"Param_b": [157.8525848388672, -157.8525848388672]}, {"Param_m": [2036, 1.1437479526901826]}]}