{"EntityID": "1", "Param": [{"Param_W": [[1723.24169921875, -1723.24169921875], [7867.205078125, -7867.205078125], [-20293.38671875, 20293.38671875], [26743.26171875, -26743.2109375], [1.0508352518081665, -1.0508352518081665]]}, {"Param_b": [114.42263793945312, -114.42263793945312]}, {"Param_m": [2036, 1.1586023383686552]}]}