{"EntityID": "1", "Param": [{"Param_W": [[2521.758056640625, -2521.758056640625], [8756.4951171875, -8756.4951171875], [-6486.5791015625, 6486.609375], [46000.109375, -46000.1015625], [1.1964257955551147, -1.1964257955551147]]}, {"Param_b": [150.2678985595703, -150.2678985595703]}, {"Param_m": [2036, 1.1437743111222969]}]}