{"EntityID": "1", "Param": [{"Param_W": [[-52427.32421875, 52427.32421875], [-45572.88671875, 45572.88671875], [-122283.6953125, 122283.75], [1625.1109619140625, -1625.1109619140625], [-6.578859806060791, 6.578859806060791]]}, {"Param_b": [-2533.544677734375, 2533.544677734375]}, {"Param_m": [2036, 12.555369812250136]}]}