{"EntityID": "1", "Param": [{"Param_W": [[-6076.00439453125, 6076.00439453125], [1266.46142578125, -1266.46142578125], [-56344.51171875, 56344.54296875], [29586.1796875, -29586.1484375], [0.0653587058186531, -0.0653587058186531]]}, {"Param_b": [-251.6600341796875, 251.6600341796875]}, {"Param_m": [2036, 1.8118304095580242]}]}