{"EntityID": "1", "Param": [{"Param_W": [[212.61404418945312, -212.61404418945312], [7120.62890625, -7120.62890625], [-42886.359375, 42886.359375], [45079.9453125, -45079.9609375], [0.9326798915863037, -0.9326798915863037]]}, {"Param_b": [44.96204376220703, -44.96204376220703]}, {"Param_m": [2036, 1.163864222311531]}]}