{"EntityID": "1", "Param": [{"Param_W": [[2406.71337890625, -2406.71337890625], [8586.35546875, -8586.35546875], [-7974.119140625, 7974.1494140625], [38761.89453125, -38761.91015625], [1.1698793172836304, -1.1698793172836304]]}, {"Param_b": [144.80691528320312, -144.80691528320312]}, {"Param_m": [2036, 1.121146533511978]}]}