{"EntityID": "1", "Param": [{"Param_W": [[2785.341064453125, -2785.341064453125], [9175.8984375, -9175.8984375], [-1119.3487548828125, 1119.3487548828125], [53532.17578125, -53532.16015625], [1.2580512762069702, -1.2580512762069702]]}, {"Param_b": [163.25286865234375, -163.25286865234375]}, {"Param_m": [2036, 1.1318210806372233]}]}