{"EntityID": "1", "Param": [{"Param_W": [[1824.6944580078125, -1824.6944580078125], [7995.5986328125, -7995.5986328125], [-18768.892578125, 18768.953125], [31370.60546875, -31370.60546875], [1.0708636045455933, -1.0708636045455933]]}, {"Param_b": [119.12515258789062, -119.12515258789062]}, {"Param_m": [2036, 1.1613125510000828]}]}