{"EntityID": "1", "Param": [{"Param_W": [[2297.008544921875, -2297.008544921875], [8413.7890625, -8413.7890625], [-11565.65234375, 11565.65234375], [39607.609375, -39607.609375], [1.1470659971237183, -1.1470659971237183]]}, {"Param_b": [139.01222229003906, -139.01222229003906]}, {"Param_m": [2036, 1.1483109998316652]}]}