{"EntityID": "1", "Param": [{"Param_W": [[2454.77001953125, -2454.77001953125], [9013.525390625, -9013.525390625], [-4636.642578125, 4636.61279296875], [42893.78515625, -42893.76953125], [1.227949619293213, -1.227949619293213]]}, {"Param_b": [148.52342224121094, -148.52342224121094]}, {"Param_m": [2036, 1.1236420285528308]}]}