{"EntityID": "1", "Param": [{"Param_W": [[-57268.0703125, 57268.0703125], [-50146.609375, 50146.625], [-147015.390625, 147015.328125], [-2682.65966796875, 2682.644287109375], [-7.231780529022217, 7.231783866882324]]}, {"Param_b": [-2772.49560546875, 2772.49560546875]}, {"Param_m": [2036, 14.206323873996732]}]}