{"EntityID": "1", "Param": [{"Param_W": [[1402.8643798828125, -1402.8643798828125], [7923.0283203125, -7923.0283203125], [-13430.6669921875, 13430.6669921875], [42267.03125, -42267.0390625], [1.0691452026367188, -1.0691452026367188]]}, {"Param_b": [98.1458969116211, -98.1458969116211]}, {"Param_m": [2036, 1.214131254144013]}]}