{"EntityID": "1", "Param": [{"Param_W": [[912.5899658203125, -912.5899658203125], [8033.46142578125, -8033.46142578125], [-19816.06640625, 19816.06640625], [58674.86328125, -58674.85546875], [1.0792186260223389, -1.0792186260223389]]}, {"Param_b": [77.24249267578125, -77.24249267578125]}, {"Param_m": [2036, 1.250104319024831]}]}