{"EntityID": "1", "Param": [{"Param_W": [[-59600.2578125, 59600.2578125], [-52451.59375, 52451.71875], [-92043.3515625, 92043.2890625], [-189318.546875, 189318.5625], [-7.621488094329834, 7.621488094329834]]}, {"Param_b": [-2886.84326171875, 2886.84326171875]}, {"Param_m": [2036, 12.738423335552215]}]}