{"EntityID": "1", "Param": [{"Param_W": [[2530.49560546875, -2530.49560546875], [8811.5908203125, -8811.5908203125], [-5810.20703125, 5810.20703125], [47709.36328125, -47709.35546875], [1.2041289806365967, -1.2041289806365967]]}, {"Param_b": [150.82916259765625, -150.82916259765625]}, {"Param_m": [2036, 1.1527603648200966]}]}