{"EntityID": "1", "Param": [{"Param_W": [[2496.51611328125, -2496.51611328125], [8560.6279296875, -8560.6279296875], [-7998.72412109375, 7998.72412109375], [42297.24609375, -42297.25390625], [1.1697015762329102, -1.1697015762329102]]}, {"Param_b": [148.37171936035156, -148.37171936035156]}, {"Param_m": [2036, 1.1310018427217752]}]}