{"EntityID": "1", "Param": [{"Param_W": [[-666.9673461914062, 666.9673461914062], [6441.04052734375, -6441.04052734375], [-41981.01953125, 41980.98828125], [37402.171875, -37402.1484375], [0.824894368648529, -0.824894368648529]]}, {"Param_b": [4.717678070068359, -4.717678070068359]}, {"Param_m": [2036, 1.241416351334192]}]}