{"EntityID": "1", "Param": [{"Param_W": [[445.6157531738281, -445.6157531738281], [6723.7978515625, -6723.7978515625], [-39148.078125, 39148.078125], [7742.48291015625, -7742.48291015625], [0.8729504942893982, -0.8729504942893982]]}, {"Param_b": [54.92832946777344, -54.92832946777344]}, {"Param_m": [2036, 1.196325246947981]}]}