{"EntityID": "1", "Param": [{"Param_W": [[-24668.083984375, 24668.083984375], [-21842.451171875, 21842.451171875], [191134.078125, -191134.109375], [-59096.20703125, 59096.20703125], [-3.0738143920898438, 3.0738143920898438]]}, {"Param_b": [-1211.3662109375, 1211.3662109375]}, {"Param_m": [2036, 6.317985390126705]}]}