{"EntityID": "1", "Param": [{"Param_W": [[2604.7646484375, -2604.7646484375], [8830.279296875, -8830.279296875], [-5093.87841796875, 5093.84814453125], [47003.1328125, -47003.125], [1.2089287042617798, -1.2089287042617798]]}, {"Param_b": [153.9388885498047, -153.9388885498047]}, {"Param_m": [2036, 1.136823886696675]}]}