{"EntityID": "1", "Param": [{"Param_W": [[1814.500732421875, -1814.500732421875], [8149.962890625, -8149.962890625], [-21026.5234375, 21026.552734375], [35350.9453125, -35350.9453125], [1.0996617078781128, -1.0996617078781128]]}, {"Param_b": [117.2289810180664, -117.2289810180664]}, {"Param_m": [2036, 1.1522578307985187]}]}