{"EntityID": "1", "Param": [{"Param_W": [[2281.96044921875, -2281.96044921875], [8797.9990234375, -8797.9990234375], [-6269.26220703125, 6269.26220703125], [34128.05078125, -34128.04296875], [1.1924556493759155, -1.1924556493759155]]}, {"Param_b": [140.7263641357422, -140.7263641357422]}, {"Param_m": [2036, 1.11796927323943]}]}