{"EntityID": "1", "Param": [{"Param_W": [[2421.276123046875, -2421.276123046875], [8706.01171875, -8706.01171875], [-7991.62451171875, 7991.65478515625], [48122.03515625, -48122.01953125], [1.1886039972305298, -1.1886039972305298]]}, {"Param_b": [145.5653839111328, -145.5653839111328]}, {"Param_m": [2036, 1.1651238233796903]}]}