{"EntityID": "1", "Param": [{"Param_W": [[-2000.4166259765625, 2000.4166259765625], [5513.8876953125, -5513.8876953125], [-60745.63671875, 60745.6640625], [24622.62890625, -24622.583984375], [0.675807774066925, -0.675807774066925]]}, {"Param_b": [-56.23289489746094, 56.23289489746094]}, {"Param_m": [2036, 1.2965385688468816]}]}