{"EntityID": "1", "Param": [{"Param_W": [[2499.9140625, -2499.9140625], [8616.9375, -8616.9375], [-8233.8193359375, 8233.8193359375], [45749.6796875, -45749.6875], [1.1794195175170898, -1.1794195175170898]]}, {"Param_b": [148.29588317871094, -148.29588317871094]}, {"Param_m": [2036, 1.159552833549424]}]}