{"EntityID": "1", "Param": [{"Param_W": [[2409.6259765625, -2409.6259765625], [8484.4169921875, -8484.4169921875], [-8658.3798828125, 8658.4091796875], [37470.8359375, -37470.8203125], [1.1560728549957275, -1.1560728549957275]]}, {"Param_b": [144.4883575439453, -144.4883575439453]}, {"Param_m": [2036, 1.1278161464700358]}]}