{"EntityID": "1", "Param": [{"Param_W": [[2587.28955078125, -2587.28955078125], [8671.546875, -8671.546875], [-7071.72265625, 7071.72265625], [46519.8203125, -46519.8046875], [1.188544750213623, -1.188544750213623]]}, {"Param_b": [152.2550811767578, -152.2550811767578]}, {"Param_m": [2036, 1.1546192371716189]}]}