{"EntityID": "1", "Param": [{"Param_W": [[2729.0322265625, -2729.0322265625], [8964.9833984375, -8964.9833984375], [-2845.229736328125, 2845.229736328125], [51010.3515625, -51010.359375], [1.2288384437561035, -1.2288384437561035]]}, {"Param_b": [159.82460021972656, -159.82460021972656]}, {"Param_m": [2036, 1.1508924757334622]}]}