{"EntityID": "1", "Param": [{"Param_W": [[2632.43359375, -2632.43359375], [8893.626953125, -8893.626953125], [-4218.392578125, 4218.392578125], [48422.62109375, -48422.61328125], [1.2179946899414062, -1.2179946899414062]]}, {"Param_b": [155.27378845214844, -155.27378845214844]}, {"Param_m": [2036, 1.1489591360846136]}]}