{"EntityID": "1", "Param": [{"Param_W": [[-5117.29931640625, 5117.29931640625], [363.3370056152344, -363.3370056152344], [-59869.75390625, 59869.7265625], [-90637.03125, 90637.0703125], [-0.09042373299598694, 0.09042373299598694]]}, {"Param_b": [-208.1390838623047, 208.1390838623047]}, {"Param_m": [2036, 2.1266193261253648]}]}