{"EntityID": "1", "Param": [{"Param_W": [[2695.538330078125, -2695.538330078125], [9197.0146484375, -9197.0146484375], [-1706.91943359375, 1706.91943359375], [50610.95703125, -50610.96484375], [1.2581697702407837, -1.2582290172576904]]}, {"Param_b": [159.4908905029297, -159.4908905029297]}, {"Param_m": [2036, 1.1345705004768663]}]}