{"EntityID": "1", "Param": [{"Param_W": [[-49289.8125, 49289.8125], [-40828.5703125, 40828.5703125], [-13058.228515625, 13058.2880859375], [75497.7734375, -75497.8203125], [-5.905170917510986, 5.905170917510986]]}, {"Param_b": [-2377.334228515625, 2377.334228515625]}, {"Param_m": [2036, 15.290313017368316]}]}