{"EntityID": "1", "Param": [{"Param_W": [[-1350.43896484375, 1350.43896484375], [4756.87548828125, -4756.87548828125], [-57778.8984375, 57778.9296875], [-19984.126953125, 19984.142578125], [0.5702739357948303, -0.5702739357948303]]}, {"Param_b": [-29.914020538330078, 29.914020538330078]}, {"Param_m": [2036, 1.3606599149019944]}]}