{"EntityID": "1", "Param": [{"Param_W": [[2637.287841796875, -2637.287841796875], [8787.3193359375, -8787.3193359375], [-5593.77001953125, 5593.7392578125], [48357.57421875, -48357.57421875], [1.2043659687042236, -1.2043659687042236]]}, {"Param_b": [154.92489624023438, -154.92489624023438]}, {"Param_m": [2036, 1.1605613021449133]}]}