{"EntityID": "1", "Param": [{"Param_W": [[2819.805908203125, -2819.805908203125], [9075.4169921875, -9075.4169921875], [-1247.105224609375, 1247.1356201171875], [53097.703125, -53097.7109375], [1.244659662246704, -1.244659662246704]]}, {"Param_b": [164.42091369628906, -164.42091369628906]}, {"Param_m": [2036, 1.1442093155352042]}]}