{"EntityID": "1", "Param": [{"Param_W": [[-7650.22216796875, 7650.22216796875], [-421.1020202636719, 421.1020202636719], [-91075.328125, 91075.359375], [-6683.32568359375, 6683.3486328125], [-0.20786792039871216, 0.20786792039871216]]}, {"Param_b": [-323.3201904296875, 323.3201904296875]}, {"Param_m": [2036, 1.8822024825960402]}]}