{"EntityID": "1", "Param": [{"Param_W": [[2565.93115234375, -2565.93115234375], [8587.083984375, -8587.083984375], [-7840.5068359375, 7840.5068359375], [44165.4921875, -44165.5234375], [1.1762789487838745, -1.1762789487838745]]}, {"Param_b": [151.08705139160156, -151.08705139160156]}, {"Param_m": [2036, 1.1505862382018335]}]}