{"EntityID": "1", "Param": [{"Param_W": [[2591.1728515625, -2591.1728515625], [8823.4833984375, -8823.4833984375], [-5303.24609375, 5303.24609375], [48813.17578125, -48813.16796875], [1.2079212665557861, -1.2079212665557861]]}, {"Param_b": [153.21075439453125, -153.21075439453125]}, {"Param_m": [2036, 1.1602272519422512]}]}