{"EntityID": "1", "Param": [{"Param_W": [[-2609.618896484375, 2609.618896484375], [4023.16259765625, -4023.16259765625], [-42018.18359375, 42018.21484375], [-20504.740234375, 20504.763671875], [0.45917004346847534, -0.45917004346847534]]}, {"Param_b": [-87.49698638916016, 87.49698638916016]}, {"Param_m": [2036, 1.4391450821771286]}]}