{"EntityID": "1", "Param": [{"Param_W": [[-3448.425048828125, 3448.425048828125], [3102.3203125, -3102.3203125], [-58642.43359375, 58642.4921875], [-16429.15234375, 16429.15234375], [0.31707561016082764, -0.31707561016082764]]}, {"Param_b": [-126.10306549072266, 126.10306549072266]}, {"Param_m": [2036, 1.5112403988838197]}]}