{"EntityID": "1", "Param": [{"Param_W": [[-50640.85546875, 50640.85546875], [-44203.578125, 44203.578125], [-65914.0859375, 65914.0234375], [-2884.79931640625, 2884.814208984375], [-6.389820575714111, 6.389820575714111]]}, {"Param_b": [-2449.559326171875, 2449.559326171875]}, {"Param_m": [2036, 12.709706997871399]}]}