{"EntityID": "1", "Param": [{"Param_W": [[-5587.671875, 5587.671875], [1712.5625, -1712.5625], [-60948.84375, 60948.875], [24680.62890625, -24680.62890625], [0.13279135525226593, -0.13279135525226593]]}, {"Param_b": [-229.69476318359375, 229.69476318359375]}, {"Param_m": [2036, 1.659546808747109]}]}