{"EntityID": "1", "Param": [{"Param_W": [[2623.696044921875, -2623.696044921875], [8683.6826171875, -8683.6826171875], [-6638.181640625, 6638.181640625], [46552.90625, -46552.890625], [1.1903817653656006, -1.1903817653656006]]}, {"Param_b": [153.863037109375, -153.863037109375]}, {"Param_m": [2036, 1.152611154902695]}]}