{"EntityID": "1", "Param": [{"Param_W": [[-1279.567626953125, 1279.567626953125], [4851.5322265625, -4851.5322265625], [-57128.2265625, 57128.2265625], [-19268.640625, 19268.640625], [0.5785104632377625, -0.5785104632377625]]}, {"Param_b": [-25.605915069580078, 25.605915069580078]}, {"Param_m": [2036, 1.3415863937132242]}]}