{"EntityID": "1", "Param": [{"Param_W": [[2575.154052734375, -2575.154052734375], [8590.966796875, -8590.966796875], [-6068.57177734375, 6068.57177734375], [41341.0, -41341.0], [1.1727828979492188, -1.1727828979492188]]}, {"Param_b": [152.30059814453125, -152.30059814453125]}, {"Param_m": [2036, 1.1416080093777254]}]}