{"EntityID": "1", "Param": [{"Param_W": [[2585.347900390625, -2585.347900390625], [9052.8447265625, -9052.8447265625], [-3039.39794921875, 3039.39794921875], [44027.60546875, -44027.6171875], [1.2357712984085083, -1.2357712984085083]]}, {"Param_b": [154.19676208496094, -154.19676208496094]}, {"Param_m": [2036, 1.1352908345202453]}]}