{"EntityID": "1", "Param": [{"Param_W": [[-489.7889709472656, 489.7889709472656], [5685.7265625, -5685.7265625], [-19077.044921875, 19077.07421875], [18302.21484375, -18302.21484375], [0.7357149720191956, -0.7357149720191956]]}, {"Param_b": [8.024602890014648, -8.024602890014648]}, {"Param_m": [2036, 1.3739622694440188]}]}