{"EntityID": "1", "Param": [{"Param_W": [[2741.6533203125, -2741.6533203125], [9077.3583984375, -9077.3583984375], [-2205.142822265625, 2205.142822265625], [50355.6171875, -50355.6171875], [1.2444819211959839, -1.2444819211959839]]}, {"Param_b": [160.7044219970703, -160.7044219970703]}, {"Param_m": [2036, 1.1436692648656617]}]}