{"EntityID": "1", "Param": [{"Param_W": [[1714.504150390625, -1714.504150390625], [7569.1572265625, -7569.1572265625], [-23171.8984375, 23171.8984375], [21180.337890625, -21180.326171875], [1.0133857727050781, -1.0133857727050781]]}, {"Param_b": [112.13206481933594, -112.13206481933594]}, {"Param_m": [2036, 1.1716852111056713]}]}