{"EntityID": "1", "Param": [{"Param_W": [[-12829.169921875, 12829.169921875], [-4829.6884765625, 4829.6884765625], [-109415.5390625, 109415.5078125], [36294.1015625, -36294.1484375], [-0.8438560962677002, 0.8438560962677002]]}, {"Param_b": [-572.1739501953125, 572.1739501953125]}, {"Param_m": [2036, 2.8300477325916296]}]}