{"EntityID": "1", "Param": [{"Param_W": [[2579.037353515625, -2579.037353515625], [8583.9287109375, -8583.9287109375], [-6681.9609375, 6681.93017578125], [42198.26953125, -42198.26953125], [1.173197627067566, -1.173197627067566]]}, {"Param_b": [152.22474670410156, -152.22474670410156]}, {"Param_m": [2036, 1.1424565239217597]}]}