{"EntityID": "1", "Param": [{"Param_W": [[1858.1884765625, -1858.1884765625], [7870.845703125, -7870.845703125], [-19508.734375, 19508.765625], [29318.607421875, -29318.599609375], [1.0561681985855103, -1.0561681985855103]]}, {"Param_b": [119.64090728759766, -119.64090728759766]}, {"Param_m": [2036, 1.1770534820866945]}]}