{"EntityID": "1", "Param": [{"Param_W": [[2721.265625, -2721.265625], [9107.939453125, -9107.939453125], [-2120.89208984375, 2120.89208984375], [49514.79296875, -49514.78515625], [1.247326135635376, -1.247326135635376]]}, {"Param_b": [160.11280822753906, -160.11280822753906]}, {"Param_m": [2036, 1.1398403062197184]}]}