{"EntityID": "1", "Param": [{"Param_W": [[2498.4580078125, -2498.4580078125], [8500.921875, -8500.921875], [-9128.0234375, 9128.0849609375], [41653.36328125, -41653.37109375], [1.1633611917495728, -1.1633611917495728]]}, {"Param_b": [147.734619140625, -147.734619140625]}, {"Param_m": [2036, 1.1505619976303025]}]}