{"EntityID": "1", "Param": [{"Param_W": [[-48597.84375, 48597.84375], [-42637.73046875, 42637.73046875], [-27170.697265625, 27170.728515625], [33768.640625, -33768.66015625], [-6.1469621658325195, 6.1469621658325195]]}, {"Param_b": [-2352.56640625, 2352.56640625]}, {"Param_m": [2036, 13.439658242464068]}]}