{"EntityID": "1", "Param": [{"Param_W": [[2796.020263671875, -2796.020263671875], [9109.3955078125, -9109.3955078125], [-1398.07080078125, 1398.07080078125], [51528.37109375, -51528.36328125], [1.2493406534194946, -1.2493406534194946]]}, {"Param_b": [163.26805114746094, -163.26805114746094]}, {"Param_m": [2036, 1.1429209030451117]}]}