{"EntityID": "1", "Param": [{"Param_W": [[-47753.94140625, 47753.94140625], [-41640.4375, 41640.4375], [-25894.83203125, 25894.83203125], [36445.92578125, -36445.94140625], [-6.037161827087402, 6.037161827087402]]}, {"Param_b": [-2303.205078125, 2303.205078125]}, {"Param_m": [2036, 13.881967353820798]}]}