{"EntityID": "1", "Param": [{"Param_W": [[2736.799072265625, -2736.799072265625], [8910.130859375, -8910.130859375], [-3112.119873046875, 3112.119873046875], [48366.4453125, -48366.4140625], [1.2206019163131714, -1.2206019163131714]]}, {"Param_b": [160.17349243164062, -160.17349243164062]}, {"Param_m": [2036, 1.1423780892249966]}]}