{"EntityID": "1", "Param": [{"Param_W": [[1807.2193603515625, -1807.2193603515625], [7637.35888671875, -7637.35888671875], [-21461.73046875, 21461.73046875], [21961.21484375, -21961.19140625], [1.0223333835601807, -1.0223333835601807]]}, {"Param_b": [116.81940460205078, -116.81940460205078]}, {"Param_m": [2036, 1.1552269885199564]}]}