{"EntityID": "1", "Param": [{"Param_W": [[-496.5848693847656, 496.5848693847656], [5924.06787109375, -5924.06787109375], [-9797.9951171875, 9797.9951171875], [32124.630859375, -32124.623046875], [0.7752383351325989, -0.7752383351325989]]}, {"Param_b": [7.402657985687256, -7.402657985687256]}, {"Param_m": [2036, 1.4100495174683603]}]}