{"EntityID": "1", "Param": [{"Param_W": [[1611.5950927734375, -1611.5950927734375], [7821.09033203125, -7821.09033203125], [-21898.517578125, 21898.548828125], [33831.28515625, -33831.28515625], [1.0466281175613403, -1.0466281175613403]]}, {"Param_b": [108.7947998046875, -108.7947998046875]}, {"Param_m": [2036, 1.1860129802462327]}]}