{"EntityID": "1", "Param": [{"Param_W": [[-3715.8916015625, 3715.8916015625], [3271.4892578125, -3271.4892578125], [-51189.16796875, 51189.140625], [35407.9453125, -35407.9765625], [0.36999067664146423, -0.36999067664146423]]}, {"Param_b": [-142.07643127441406, 142.07643127441406]}, {"Param_m": [2036, 1.539456898724893]}]}