{"EntityID": "1", "Param": [{"Param_W": [[1589.2657470703125, -1589.2657470703125], [7940.01806640625, -7940.01806640625], [-2584.407470703125, 2584.407470703125], [45027.66796875, -45027.67578125], [1.0773223638534546, -1.0773223638534546]]}, {"Param_b": [105.82160186767578, -105.82160186767578]}, {"Param_m": [2036, 1.2278645199257876]}]}