{"EntityID": "1", "Param": [{"Param_W": [[-1448.979248046875, 1448.979248046875], [5623.83544921875, -5623.83544921875], [-31306.478515625, 31306.447265625], [34141.8984375, -34141.87109375], [0.7095833420753479, -0.7095833420753479]]}, {"Param_b": [-33.14509963989258, 33.14509963989258]}, {"Param_m": [2036, 1.4277097027748822]}]}