{"EntityID": "1", "Param": [{"Param_W": [[-271.8353271484375, 271.8353271484375], [6524.775390625, -6524.775390625], [-40363.11328125, 40363.11328125], [34542.3046875, -34542.28125], [0.8417229056358337, -0.8417229056358337]]}, {"Param_b": [22.147296905517578, -22.147296905517578]}, {"Param_m": [2036, 1.2180475822095105]}]}