{"EntityID": "1", "Param": [{"Param_W": [[2234.389404296875, -2234.389404296875], [8349.470703125, -8349.470703125], [-9241.6123046875, 9241.58203125], [25435.162109375, -25435.154296875], [1.1264451742172241, -1.1264451742172241]]}, {"Param_b": [137.64697265625, -137.64697265625]}, {"Param_m": [2036, 1.1329981210709295]}]}