{"EntityID": "1", "Param": [{"Param_W": [[1430.5333251953125, -1430.5333251953125], [7346.34912109375, -7346.34912109375], [-29913.01953125, 29913.01953125], [17476.970703125, -17476.978515625], [0.9799064993858337, -0.9799064993858337]]}, {"Param_b": [98.00936889648438, -98.00936889648438]}, {"Param_m": [2036, 1.191873303937561]}]}