{"EntityID": "1", "Param": [{"Param_W": [[2220.31201171875, -2220.31201171875], [8562.5703125, -8562.5703125], [-10956.2373046875, 10956.267578125], [52208.76953125, -52208.76171875], [1.167331337928772, -1.167331337928772]]}, {"Param_b": [136.09970092773438, -136.09970092773438]}, {"Param_m": [2036, 1.1905670050364279]}]}