{"EntityID": "1", "Param": [{"Param_W": [[-650.4630737304688, 650.4630737304688], [5500.2958984375, -5500.2958984375], [-18743.408203125, 18743.376953125], [16139.8955078125, -16139.9111328125], [0.7079241871833801, -0.7079241871833801]]}, {"Param_b": [0.34889575839042664, -0.34889575839042664]}, {"Param_m": [2036, 1.395722133317031]}]}