{"EntityID": "1", "Param": [{"Param_W": [[2720.780029296875, -2720.780029296875], [8735.6220703125, -8735.6220703125], [-5211.744140625, 5211.744140625], [47686.8828125, -47686.8828125], [1.1982626914978027, -1.1982626914978027]]}, {"Param_b": [158.44419860839844, -158.44419860839844]}, {"Param_m": [2036, 1.1523585337690858]}]}