{"EntityID": "1", "Param": [{"Param_W": [[2567.387451171875, -2567.387451171875], [8585.8701171875, -8585.8701171875], [-7919.7822265625, 7919.8125], [45306.46875, -45306.4921875], [1.1770492792129517, -1.1770492792129517]]}, {"Param_b": [150.85951232910156, -150.85951232910156]}, {"Param_m": [2036, 1.170041983316787]}]}