{"EntityID": "1", "Param": [{"Param_W": [[2319.8232421875, -2319.8232421875], [8415.9736328125, -8415.9736328125], [-14073.3330078125, 14073.3330078125], [42108.8984375, -42108.91015625], [1.1497917175292969, -1.1497917175292969]]}, {"Param_b": [138.83018493652344, -138.83018493652344]}, {"Param_m": [2036, 1.1786039168089346]}]}