{"EntityID": "1", "Param": [{"Param_W": [[2806.699462890625, -2806.699462890625], [8907.7041015625, -8907.7041015625], [-984.7355346679688, 984.765869140625], [48281.6328125, -48281.640625], [1.2179946899414062, -1.2179946899414062]]}, {"Param_b": [163.78379821777344, -163.78379821777344]}, {"Param_m": [2036, 1.1466559065525501]}]}