{"EntityID": "1", "Param": [{"Param_W": [[-48074.55859375, 48074.55859375], [-42687.00390625, 42687.00390625], [-38139.890625, 38139.921875], [-8479.6767578125, 8479.6689453125], [-6.166175365447998, 6.166175365447998]]}, {"Param_b": [-2327.70361328125, 2327.70361328125]}, {"Param_m": [2036, 13.258299762010575]}]}