{"EntityID": "1", "Param": [{"Param_W": [[2790.1953125, -2790.1953125], [9059.3974609375, -9059.3974609375], [-1713.2298583984375, 1713.26025390625], [50716.125, -50716.125], [1.2424079179763794, -1.2424079179763794]]}, {"Param_b": [162.828125, -162.828125]}, {"Param_m": [2036, 1.1452032363089786]}]}