{"EntityID": "1", "Param": [{"Param_W": [[2489.23486328125, -2489.23486328125], [8409.177734375, -8409.177734375], [-6953.97802734375, 6953.97802734375], [36493.04296875, -36493.01953125], [1.1448142528533936, -1.1448142528533936]]}, {"Param_b": [148.14418029785156, -148.14418029785156]}, {"Param_m": [2036, 1.1441140197848483]}]}