{"EntityID": "1", "Param": [{"Param_W": [[2674.665283203125, -2674.665283203125], [8748.728515625, -8748.728515625], [-5892.72802734375, 5892.69775390625], [48379.92578125, -48379.91796875], [1.1996254920959473, -1.1996254920959473]]}, {"Param_b": [156.3204803466797, -156.3204803466797]}, {"Param_m": [2036, 1.1660646146581881]}]}