{"EntityID": "1", "Param": [{"Param_W": [[2639.2294921875, -2639.2294921875], [8748.728515625, -8748.728515625], [-6190.80615234375, 6190.7763671875], [48934.90625, -48934.90625], [1.1990922689437866, -1.1990922689437866]]}, {"Param_b": [154.75804138183594, -154.75804138183594]}, {"Param_m": [2036, 1.173068045520972]}]}