{"EntityID": "1", "Param": [{"Param_W": [[2390.209228515625, -2390.209228515625], [8654.7998046875, -8654.7998046875], [-8673.125, 8673.125], [51682.50390625, -51682.5], [1.1817896366119385, -1.1817896366119385]]}, {"Param_b": [143.86642456054688, -143.86642456054688]}, {"Param_m": [2036, 1.188178758639151]}]}