{"EntityID": "1", "Param": [{"Param_W": [[-2578.552001953125, 2578.552001953125], [4074.132080078125, -4074.132080078125], [-40437.77734375, 40437.77734375], [33215.26171875, -33215.25390625], [0.4921160638332367, -0.4921160638332367]]}, {"Param_b": [-89.63587188720703, 89.63587188720703]}, {"Param_m": [2036, 1.4668411221355198]}]}