{"EntityID": "1", "Param": [{"Param_W": [[-8951.1494140625, 8951.1494140625], [-1057.730712890625, 1057.730712890625], [-84401.8671875, 84401.921875], [39983.19921875, -39983.16796875], [-0.29603996872901917, 0.29603996872901917]]}, {"Param_b": [-384.0280456542969, 384.0280456542969]}, {"Param_m": [2036, 2.3282243987661793]}]}