{"EntityID": "1", "Param": [{"Param_W": [[2836.795654296875, -2836.795654296875], [8975.6630859375, -8975.6630859375], [-2140.156982421875, 2140.1875], [52403.95703125, -52403.98046875], [1.231742024421692, -1.231742024421692]]}, {"Param_b": [164.57261657714844, -164.57261657714844]}, {"Param_m": [2036, 1.156677654189673]}]}