{"EntityID": "1", "Param": [{"Param_W": [[2732.43017578125, -2732.43017578125], [8829.55078125, -8829.55078125], [-4351.125, 4351.15478515625], [49280.74609375, -49280.72265625], [1.2107656002044678, -1.2107656002044678]]}, {"Param_b": [159.30885314941406, -159.30885314941406]}, {"Param_m": [2036, 1.1572839957180063]}]}