{"EntityID": "1", "Param": [{"Param_W": [[2013.03759765625, -2013.03759765625], [8136.1279296875, -8136.1279296875], [-16089.130859375, 16089.130859375], [41626.30078125, -41626.29296875], [1.1083722114562988, -1.1083722114562988]]}, {"Param_b": [124.93502044677734, -124.93502044677734]}, {"Param_m": [2036, 1.1849342662229903]}]}