{"EntityID": "1", "Param": [{"Param_W": [[2677.09228515625, -2677.09228515625], [8777.1259765625, -8777.1259765625], [-5619.19384765625, 5619.22412109375], [48883.609375, -48883.6015625], [1.2031809091567993, -1.2031809091567993]]}, {"Param_b": [156.59353637695312, -156.59353637695312]}, {"Param_m": [2036, 1.167711706491673]}]}