{"EntityID": "1", "Param": [{"Param_W": [[2542.631103515625, -2542.631103515625], [8435.6328125, -8435.6328125], [-6338.22265625, 6338.2529296875], [38098.18359375, -38098.18359375], [1.1497917175292969, -1.1497917175292969]]}, {"Param_b": [150.37408447265625, -150.37408447265625]}, {"Param_m": [2036, 1.1460191557500397]}]}