{"EntityID": "1", "Param": [{"Param_W": [[-47125.44140625, 47125.44140625], [-38608.50390625, 38608.50390625], [-133880.71875, 133880.71875], [-2948.224365234375, 2948.205322265625], [-5.617737293243408, 5.617737293243408]]}, {"Param_b": [-2267.739013671875, 2267.739013671875]}, {"Param_m": [2036, 9.845053052902225]}]}