{"EntityID": "1", "Param": [{"Param_W": [[2510.10791015625, -2510.10791015625], [8489.7568359375, -8489.7568359375], [-9009.1865234375, 9009.216796875], [44600.953125, -44600.984375], [1.1635390520095825, -1.1635390520095825]]}, {"Param_b": [147.8711395263672, -147.8711395263672]}, {"Param_m": [2036, 1.1753236552656514]}]}