{"EntityID": "1", "Param": [{"Param_W": [[1607.2261962890625, -1607.2261962890625], [7944.87255859375, -7944.87255859375], [-20459.03515625, 20459.03515625], [51773.92578125, -51773.92578125], [1.076789140701294, -1.076789140701294]]}, {"Param_b": [106.89862823486328, -106.89862823486328]}, {"Param_m": [2036, 1.2089126242790371]}]}