{"EntityID": "1", "Param": [{"Param_W": [[-809.1954345703125, 809.1954345703125], [5551.0224609375, -5551.0224609375], [-15831.4638671875, 15831.4345703125], [25151.478515625, -25151.45703125], [0.7085760235786438, -0.7085760235786438]]}, {"Param_b": [-5.491315841674805, 5.491315841674805]}, {"Param_m": [2036, 1.4186611188575622]}]}