{"EntityID": "1", "Param": [{"Param_W": [[96.11319732666016, -96.11319732666016], [6334.00537109375, -6334.00537109375], [-2281.44482421875, 2281.44482421875], [37662.14453125, -37662.15234375], [0.8407155275344849, -0.8407155275344849]]}, {"Param_b": [34.46483612060547, -34.46483612060547]}, {"Param_m": [2036, 1.4097863608039913]}]}