{"EntityID": "1", "Param": [{"Param_W": [[2544.08740234375, -2544.08740234375], [8474.466796875, -8474.466796875], [-8943.412109375, 8943.412109375], [42993.71875, -42993.703125], [1.160872459411621, -1.160872459411621]]}, {"Param_b": [149.50942993164062, -149.50942993164062]}, {"Param_m": [2036, 1.1678141976618974]}]}