{"EntityID": "1", "Param": [{"Param_W": [[2756.2158203125, -2756.2158203125], [8874.4521484375, -8874.4521484375], [-3771.350830078125, 3771.320556640625], [50346.75390625, -50346.74609375], [1.2169281244277954, -1.2169281244277954]]}, {"Param_b": [160.4617156982422, -160.4617156982422]}, {"Param_m": [2036, 1.1617389563023126]}]}