{"EntityID": "1", "Param": [{"Param_W": [[2587.77490234375, -2587.77490234375], [8789.9892578125, -8789.9892578125], [-4037.361083984375, 4037.361083984375], [40750.51171875, -40750.52734375], [1.1983811855316162, -1.1983811855316162]]}, {"Param_b": [153.52931213378906, -153.52931213378906]}, {"Param_m": [2036, 1.1358332358173382]}]}