{"EntityID": "1", "Param": [{"Param_W": [[2724.177978515625, -2724.177978515625], [8810.6201171875, -8810.6201171875], [-4658.54736328125, 4658.54736328125], [49566.46875, -49566.4453125], [1.2079212665557861, -1.2079212665557861]]}, {"Param_b": [158.7930908203125, -158.7930908203125]}, {"Param_m": [2036, 1.1639470788471524]}]}