{"EntityID": "1", "Param": [{"Param_W": [[2621.75439453125, -2621.75439453125], [8568.3955078125, -8568.3955078125], [-7427.93017578125, 7427.96044921875], [44904.69921875, -44904.69140625], [1.1745012998580933, -1.1745012998580933]]}, {"Param_b": [153.36245727539062, -153.36245727539062]}, {"Param_m": [2036, 1.1647016507780876]}]}