{"EntityID": "1", "Param": [{"Param_W": [[1788.2879638671875, -1788.2879638671875], [8076.42138671875, -8076.42138671875], [-22332.515625, 22332.515625], [48263.94140625, -48263.94140625], [1.1017948389053345, -1.1017948389053345]]}, {"Param_b": [113.25460052490234, -113.25460052490234]}, {"Param_m": [2036, 1.1729035281545297]}]}