{"EntityID": "1", "Param": [{"Param_W": [[-49364.078125, 49364.078125], [-43772.765625, 43772.64453125], [-74009.828125, 74009.828125], [-24281.181640625, 24281.173828125], [-6.353007793426514, 6.353007793426514]]}, {"Param_b": [-2380.402099609375, 2380.402099609375]}, {"Param_m": [2036, 12.678126382827758]}]}