{"EntityID": "1", "Param": [{"Param_W": [[-1320.3428955078125, 1320.3428955078125], [5460.97705078125, -5460.97705078125], [-31332.630859375, 31332.599609375], [32830.96875, -32830.9765625], [0.6890217065811157, -0.6890217065811157]]}, {"Param_b": [-28.15437126159668, 28.15437126159668]}, {"Param_m": [2036, 1.4184993501752619]}]}