{"EntityID": "1", "Param": [{"Param_W": [[-1160.154296875, 1160.154296875], [4854.2021484375, -4854.2021484375], [-25442.75390625, 25442.78515625], [16424.01171875, -16424.01171875], [0.6144784688949585, -0.6144784688949585]]}, {"Param_b": [-24.635074615478516, 24.635074615478516]}, {"Param_m": [2036, 1.4242920357151883]}]}