{"EntityID": "1", "Param": [{"Param_W": [[2445.061767578125, -2445.061767578125], [8296.07421875, -8296.07421875], [-10679.275390625, 10679.275390625], [38058.7109375, -38058.7109375], [1.133792757987976, -1.1337335109710693]]}, {"Param_b": [144.68556213378906, -144.68556213378906]}, {"Param_m": [2036, 1.1507588555558188]}]}