{"EntityID": "1", "Param": [{"Param_W": [[-746.5762329101562, 746.5762329101562], [5490.83056640625, -5490.83056640625], [-17858.578125, 17858.609375], [21769.51171875, -21769.51953125], [0.6988581418991089, -0.6988581418991089]]}, {"Param_b": [-2.6698110103607178, 2.6698110103607178]}, {"Param_m": [2036, 1.4154963145032526]}]}