{"EntityID": "1", "Param": [{"Param_W": [[2605.25, -2605.25], [8778.8251953125, -8778.8251953125], [-3768.9541015625, 3768.9541015625], [40988.72265625, -40988.6953125], [1.196010947227478, -1.196010947227478]]}, {"Param_b": [154.54566955566406, -154.54566955566406]}, {"Param_m": [2036, 1.1371072169349152]}]}