{"EntityID": "1", "Param": [{"Param_W": [[2825.630859375, -2825.630859375], [8895.8115234375, -8895.8115234375], [-2934.21337890625, 2934.18310546875], [51786.8359375, -51786.84375], [1.2207797765731812, -1.2207797765731812]]}, {"Param_b": [163.7079620361328, -163.7079620361328]}, {"Param_m": [2036, 1.158215681822193]}]}