{"EntityID": "1", "Param": [{"Param_W": [[2723.692626953125, -2723.692626953125], [8719.3603515625, -8719.3603515625], [-4977.58984375, 4977.58984375], [47800.8359375, -47800.828125], [1.1951221227645874, -1.1951221227645874]]}, {"Param_b": [158.61105346679688, -158.61105346679688]}, {"Param_m": [2036, 1.1544929488906215]}]}