{"EntityID": "1", "Param": [{"Param_W": [[508.2349548339844, -508.2349548339844], [6592.2490234375, -6592.2490234375], [-4110.9326171875, 4110.9326171875], [38790.1484375, -38790.1328125], [0.8840312361717224, -0.8840312361717224]]}, {"Param_b": [52.78944778442383, -52.78944778442383]}, {"Param_m": [2036, 1.3340496112214169]}]}