{"EntityID": "1", "Param": [{"Param_W": [[1635.380615234375, -1635.380615234375], [8051.421875, -8051.421875], [-15491.1845703125, 15491.21484375], [49059.76953125, -49059.76171875], [1.0930250883102417, -1.0930250883102417]]}, {"Param_b": [108.12734985351562, -108.12734985351562]}, {"Param_m": [2036, 1.2030155662272592]}]}