{"EntityID": "1", "Param": [{"Param_W": [[-6872.09375, 6872.09375], [-141.25729370117188, 141.25729370117188], [-72819.671875, 72819.671875], [22337.224609375, -22337.248046875], [-0.14085008203983307, 0.14085008203983307]]}, {"Param_b": [-291.19146728515625, 291.19146728515625]}, {"Param_m": [2036, 1.9582466741441749]}]}