{"EntityID": "1", "Param": [{"Param_W": [[2816.893310546875, -2816.893310546875], [8900.1796875, -8900.1796875], [-3191.759033203125, 3191.759033203125], [52144.12109375, -52144.09765625], [1.221490740776062, -1.221490740776062]]}, {"Param_b": [163.34388732910156, -163.34388732910156]}, {"Param_m": [2036, 1.1631732988873693]}]}