{"EntityID": "1", "Param": [{"Param_W": [[-45443.82421875, 45443.82421875], [-37918.9609375, 37918.9609375], [3502.124755859375, -3502.124755859375], [-40599.75390625, 40599.8125], [-5.522321701049805, 5.522321701049805]]}, {"Param_b": [-2190.701416015625, 2190.693603515625]}, {"Param_m": [2036, 11.810640408933157]}]}