{"EntityID": "1", "Param": [{"Param_W": [[2777.57421875, -2777.57421875], [8750.427734375, -8750.427734375], [-2721.78125, 2721.842041015625], [46728.4609375, -46728.46875], [1.1977885961532593, -1.1977885961532593]]}, {"Param_b": [161.5539093017578, -161.5539093017578]}, {"Param_m": [2036, 1.1527307591144889]}]}