{"EntityID": "1", "Param": [{"Param_W": [[-1151.9022216796875, 1151.9022216796875], [4819.251953125, -4819.251953125], [-27068.69921875, 27068.69921875], [17079.74609375, -17079.71484375], [0.6102713346481323, -0.6102713346481323]]}, {"Param_b": [-24.544057846069336, 24.544057846069336]}, {"Param_m": [2036, 1.422942239121767]}]}