{"EntityID": "1", "Param": [{"Param_W": [[-1570.8197021484375, 1570.8197021484375], [4946.6748046875, -4946.6748046875], [-53290.09765625, 53290.12890625], [44703.81640625, -44703.7890625], [0.6229519844055176, -0.6229519844055176]]}, {"Param_b": [-42.35291290283203, 42.35291290283203]}, {"Param_m": [2036, 1.3367801612243058]}]}