{"EntityID": "1", "Param": [{"Param_W": [[268.92279052734375, -268.92279052734375], [6283.0361328125, -6283.0361328125], [-18754.2109375, 18754.271484375], [26227.919921875, -26227.884765625], [0.8214575052261353, -0.8214575052261353]]}, {"Param_b": [44.021541595458984, -44.021541595458984]}, {"Param_m": [2036, 1.285272058099508]}]}