{"EntityID": "1", "Param": [{"Param_W": [[2712.528076171875, -2712.528076171875], [8786.833984375, -8786.833984375], [-2126.777587890625, 2126.777587890625], [37124.12109375, -37124.15625], [1.1938778162002563, -1.1938778162002563]]}, {"Param_b": [159.9156036376953, -159.9156036376953]}, {"Param_m": [2036, 1.1490699023532218]}]}