{"EntityID": "1", "Param": [{"Param_W": [[2747.963623046875, -2747.963623046875], [8774.212890625, -8774.212890625], [-4665.130859375, 4665.1611328125], [49709.62109375, -49709.6015625], [1.2031216621398926, -1.2031216621398926]]}, {"Param_b": [159.7032470703125, -159.7032470703125]}, {"Param_m": [2036, 1.167838108788299]}]}