{"EntityID": "1", "Param": [{"Param_W": [[-55456.7109375, 55456.7109375], [-50575.80859375, 50575.80859375], [233855.359375, -233855.359375], [-24290.123046875, 24290.09375], [-7.141371726989746, 7.141371726989746]]}, {"Param_b": [-2730.71630859375, 2730.71630859375]}, {"Param_m": [2036, 15.06718090631939]}]}