{"EntityID": "1", "Param": [{"Param_W": [[-6461.42822265625, 6461.42822265625], [523.5256958007812, -523.5256958007812], [-74846.96875, 74846.96875], [29446.166015625, -29446.173828125], [-0.048233892768621445, 0.048233892768621445]]}, {"Param_b": [-269.9846496582031, 269.9846496582031]}, {"Param_m": [2036, 1.8746274643577636]}]}