{"EntityID": "1", "Param": [{"Param_W": [[1561.5968017578125, -1561.5968017578125], [7202.90771484375, -7202.90771484375], [-27248.970703125, 27248.970703125], [14078.8544921875, -14078.8466796875], [0.9607077240943909, -0.9607077240943909]]}, {"Param_b": [103.97093963623047, -103.97093963623047]}, {"Param_m": [2036, 1.1767871520191029]}]}