{"EntityID": "1", "Param": [{"Param_W": [[2523.21435546875, -2523.21435546875], [8368.1591796875, -8368.1591796875], [-9726.9716796875, 9726.9716796875], [40873.9453125, -40873.921875], [1.1455845832824707, -1.1455845832824707]]}, {"Param_b": [148.29588317871094, -148.29588317871094]}, {"Param_m": [2036, 1.159087057870437]}]}