{"EntityID": "1", "Param": [{"Param_W": [[-6416.76953125, 6416.76953125], [595.610595703125, -595.610595703125], [-79961.71875, 79961.71875], [24765.8515625, -24765.873046875], [-0.036323558539152145, 0.036323558539152145]]}, {"Param_b": [-268.28570556640625, 268.28570556640625]}, {"Param_m": [2036, 1.8451681169404766]}]}