{"EntityID": "1", "Param": [{"Param_W": [[-70329.2890625, 70329.2890625], [-69168.953125, 69168.96875], [158200.8125, -158200.8125], [-179780.953125, 179780.984375], [-9.854449272155762, 9.854451179504395]]}, {"Param_b": [-3455.451416015625, 3455.451416015625]}, {"Param_m": [2036, 20.892043000319976]}]}