{"EntityID": "1", "Param": [{"Param_W": [[-49432.40234375, 49432.40234375], [-42329.85546875, 42329.85546875], [-68091.890625, 68091.953125], [-77590.1796875, 77590.140625], [-6.175745487213135, 6.175745487213135]]}, {"Param_b": [-2382.32861328125, 2382.32861328125]}, {"Param_m": [2036, 11.485607966501266]}]}