{"EntityID": "1", "Param": [{"Param_W": [[-49053.16796875, 49053.16796875], [-41518.11328125, 41518.11328125], [31431.98828125, -31431.98828125], [36682.21875, -36682.21875], [-6.024362564086914, 6.024362564086914]]}, {"Param_b": [-2365.94580078125, 2365.94580078125]}, {"Param_m": [2036, 12.872287774085999]}]}