{"EntityID": "1", "Param": [{"Param_W": [[-48372.3671875, 48372.3671875], [-41856.9375, 41856.9375], [-127393.6796875, 127393.6796875], [-27242.0390625, 27242.0390625], [-6.067070960998535, 6.067070960998535]]}, {"Param_b": [-2335.8798828125, 2335.8798828125]}, {"Param_m": [2036, 11.531872063875198]}]}