{"EntityID": "1", "Param": [{"Param_W": [[-45970.9921875, 45970.9921875], [-39236.2734375, 39236.2734375], [-126558.1171875, 126558.0859375], [-13513.0478515625, 13513.0712890625], [-5.681718826293945, 5.681718826293945]]}, {"Param_b": [-2219.841796875, 2219.841796875]}, {"Param_m": [2036, 10.118663427233692]}]}