{"EntityID": "1", "Param": [{"Param_W": [[-45554.3828125, 45554.3828125], [-39725.45703125, 39725.45703125], [-5050.16015625, 5050.25146484375], [56493.296875, -56493.28125], [-5.732381820678711, 5.732381820678711]]}, {"Param_b": [-2202.806640625, 2202.806640625]}, {"Param_m": [2036, 13.018478071689605]}]}