{"EntityID": "1", "Param": [{"Param_W": [[-44152.12109375, 44152.12109375], [-37639.484375, 37639.484375], [-98280.265625, 98280.265625], [-10052.3583984375, 10052.4150390625], [-5.445852279663086, 5.445852279663086]]}, {"Param_b": [-2134.37744140625, 2134.37744140625]}, {"Param_m": [2036, 10.517937225103381]}]}