{"EntityID": "1", "Param": [{"Param_W": [[-46988.796875, 46988.796875], [-42851.31640625, 42851.31640625], [-10087.791015625, 10087.7294921875], [-28637.267578125, 28637.28125], [-6.154428482055664, 6.154428482055664]]}, {"Param_b": [-2283.7958984375, 2283.7958984375]}, {"Param_m": [2036, 12.243954455852512]}]}