{"EntityID": "1", "Param": [{"Param_W": [[-56212.875, 56212.875], [-49824.625, 49824.625], [-237393.359375, 237393.359375], [-436724.65625, 436724.65625], [-7.42831563949585, 7.42831563949585]]}, {"Param_b": [-2687.703369140625, 2687.703369140625]}, {"Param_m": [2036, 5.529393829941684]}]}