{"EntityID": "1", "Param": [{"Param_W": [[-41907.78125, 41907.78125], [-33393.1484375, 33393.1484375], [24631.798828125, -24631.798828125], [88730.921875, -88730.9296875], [-4.81773042678833, 4.81773042678833]]}, {"Param_b": [-2022.526123046875, 2022.526123046875]}, {"Param_m": [2036, 11.163391333818435]}]}