{"EntityID": "1", "Param": [{"Param_W": [[-48424.546875, 48424.546875], [-40444.2421875, 40444.2421875], [-23641.662109375, 23641.662109375], [-9892.4921875, 9892.4462890625], [-5.8976006507873535, 5.8976006507873535]]}, {"Param_b": [-2330.2900390625, 2330.2900390625]}, {"Param_m": [2036, 11.209909365604654]}]}