{"EntityID": "1", "Param": [{"Param_W": [[-57637.14453125, 57637.14453125], [-49241.90625, 49241.90625], [-154010.953125, 154010.953125], [15042.2919921875, -15042.322265625], [-7.211566925048828, 7.211566925048828]]}, {"Param_b": [-2760.4765625, 2760.4765625]}, {"Param_m": [2036, 15.329350104928015]}]}