{"EntityID": "1", "Param": [{"Param_W": [[-55142.27734375, 55142.27734375], [-49133.74609375, 49133.74609375], [-316412.75, 316412.75], [-510415.9375, 510416.0], [-7.362008571624756, 7.362008571624756]]}, {"Param_b": [-2630.552734375, 2630.552734375]}, {"Param_m": [2036, 5.818915766477584]}]}