{"EntityID": "1", "Param": [{"Param_W": [[-42191.75, 42191.75], [-34819.91796875, 34819.91796875], [-18399.640625, 18399.640625], [146982.703125, -146982.75], [-4.977334976196289, 4.977334976196289]]}, {"Param_b": [-2042.7393798828125, 2042.746826171875]}, {"Param_m": [2036, 11.445192599296572]}]}