{"EntityID": "1", "Param": [{"Param_W": [[-45010.1015625, 45010.1015625], [-38705.34375, 38705.34375], [-102946.9765625, 102946.9765625], [-43162.828125, 43162.8203125], [-5.603279113769531, 5.603279113769531]]}, {"Param_b": [-2174.78125, 2174.78125]}, {"Param_m": [2036, 10.544972848892211]}]}