{"EntityID": "1", "Param": [{"Param_W": [[-47273.6171875, 47273.6171875], [-41660.4609375, 41660.4609375], [7126.66650390625, -7126.66650390625], [-42948.0625, 42948.12109375], [-5.962692737579346, 5.962692737579346]]}, {"Param_b": [-2303.319091796875, 2303.319091796875]}, {"Param_m": [2036, 11.353193840384485]}]}