{"EntityID": "1", "Param": [{"Param_W": [[-42974.25, 42974.25], [-37195.6875, 37195.6875], [-78791.25, 78791.1875], [-2644.90283203125, 2644.92578125], [-5.3429107666015625, 5.3429107666015625]]}, {"Param_b": [-2083.931640625, 2083.931640625]}, {"Param_m": [2036, 9.910894739627842]}]}