{"EntityID": "1", "Param": [{"Param_W": [[-44236.5859375, 44236.5859375], [-38960.1875, 38960.1875], [-40375.82421875, 40375.88671875], [-2474.330810546875, 2474.380126953125], [-5.566066741943359, 5.566066741943359]]}, {"Param_b": [-2153.445556640625, 2153.445556640625]}, {"Param_m": [2036, 10.250465378165249]}]}