{"EntityID": "1", "Param": [{"Param_W": [[-45555.95703125, 45555.95703125], [-38395.0390625, 38395.0390625], [101383.046875, -101383.046875], [100125.890625, -100125.875], [-5.405365943908691, 5.405365943908691]]}, {"Param_b": [-2234.26806640625, 2234.26806640625]}, {"Param_m": [2036, 11.335009276866915]}]}