{"EntityID": "1", "Param": [{"Param_W": [[-28869.638671875, 28869.638671875], [-18786.734375, 18786.734375], [-280058.03125, 280058.03125], [-26162.6328125, 26162.625], [-2.9571404457092285, 2.9571404457092285]]}, {"Param_b": [-1327.6849365234375, 1327.6849365234375]}, {"Param_m": [2036, 4.589119908570334]}]}