{"EntityID": "1", "Param": [{"Param_W": [[-42987.35546875, 42987.35546875], [-38264.4609375, 38264.4609375], [-37599.6171875, 37599.5546875], [-47945.01953125, 47945.015625], [-5.498841285705566, 5.498841285705566]]}, {"Param_b": [-2088.217041015625, 2088.217041015625]}, {"Param_m": [2036, 10.711048635840415]}]}