{"EntityID": "1", "Param": [{"Param_W": [[-42648.046875, 42648.046875], [-37757.92578125, 37757.92578125], [-30274.748046875, 30274.77734375], [-11121.314453125, 11121.3046875], [-5.4016923904418945, 5.4016923904418945]]}, {"Param_b": [-2075.27001953125, 2075.27001953125]}, {"Param_m": [2036, 10.564155438542368]}]}