{"EntityID": "1", "Param": [{"Param_W": [[-56612.828125, 56612.828125], [-50763.453125, 50763.484375], [-42431.9140625, 42431.9140625], [5431.7763671875, -5431.806640625], [-7.299383640289307, 7.299383640289307]]}, {"Param_b": [-2745.827880859375, 2745.827880859375]}, {"Param_m": [2036, 16.532947587966923]}]}