{"EntityID": "1", "Param": [{"Param_W": [[-27978.6484375, 27978.6484375], [-17739.439453125, 17739.439453125], [-360854.84375, 360854.84375], [-26081.09765625, 26081.095703125], [-2.809149980545044, 2.809149980545044]]}, {"Param_b": [-1283.1627197265625, 1283.1627197265625]}, {"Param_m": [2036, 3.8644088804721832]}]}