{"EntityID": "1", "Param": [{"Param_W": [[-43540.25, 43540.25], [-37706.71484375, 37706.71484375], [-111004.890625, 111004.890625], [-44596.87109375, 44596.8515625], [-5.464532375335693, 5.464532375335693]]}, {"Param_b": [-2102.5673828125, 2102.5673828125]}, {"Param_m": [2036, 10.039097598195077]}]}