{"EntityID": "1", "Param": [{"Param_W": [[-43292.19921875, 43292.19921875], [-36954.796875, 36954.796875], [-48985.1171875, 48985.1171875], [47976.45703125, -47976.46875], [-5.317638397216797, 5.317638397216797]]}, {"Param_b": [-2094.58056640625, 2094.58056640625]}, {"Param_m": [2036, 10.954087191820147]}]}