{"EntityID": "1", "Param": [{"Param_W": [[-49980.3203125, 49980.3203125], [-43184.6796875, 43184.6796875], [117788.2421875, -117788.2421875], [-67450.2890625, 67450.328125], [-6.209224700927734, 6.209224700927734]]}, {"Param_b": [-2432.812255859375, 2432.804931640625]}, {"Param_m": [2036, 12.104476666450502]}]}