{"EntityID": "1", "Param": [{"Param_W": [[-37278.57421875, 37278.57421875], [-31055.728515625, 31055.728515625], [-36002.1015625, 36002.1015625], [73436.28125, -73436.328125], [-4.415356636047363, 4.415356636047363]]}, {"Param_b": [-1808.03857421875, 1808.03857421875]}, {"Param_m": [2036, 9.161591517925263]}]}