{"EntityID": "1", "Param": [{"Param_W": [[-43409.4296875, 43409.4296875], [-40889.61328125, 40889.61328125], [-36876.28125, 36876.28125], [-158257.15625, 158257.15625], [-5.9706034660339355, 5.9706034660339355]]}, {"Param_b": [-2093.041015625, 2093.041015625]}, {"Param_m": [2036, 11.061612710535526]}]}