{"EntityID": "1", "Param": [{"Param_W": [[-26418.0234375, 26418.0234375], [-16154.0556640625, 16154.0556640625], [-271473.4375, 271473.4375], [29551.3125, -29551.306640625], [-2.5716841220855713, 2.5716841220855713]]}, {"Param_b": [-1207.2703857421875, 1207.2703857421875]}, {"Param_m": [2036, 4.589250401020049]}]}