{"EntityID": "1", "Param": [{"Param_W": [[-49865.51953125, 49865.51953125], [-49722.3203125, 49722.3203125], [259292.59375, -259292.6875], [-52304.23046875, 52304.2421875], [-6.899490833282471, 6.899490833282471]]}, {"Param_b": [-2488.85546875, 2488.85546875]}, {"Param_m": [2036, 14.946743679046632]}]}