{"EntityID": "1", "Param": [{"Param_W": [[-42348.05859375, 42348.05859375], [-36738.54296875, 36738.54296875], [-112561.359375, 112561.328125], [-38507.078125, 38507.08203125], [-5.308009624481201, 5.308009624481201]]}, {"Param_b": [-2048.291259765625, 2048.291259765625]}, {"Param_m": [2036, 9.405738127231597]}]}