{"EntityID": "1", "Param": [{"Param_W": [[-37201.390625, 37201.390625], [-29757.71484375, 29757.71484375], [26071.373046875, -26071.373046875], [78529.4921875, -78529.53125], [-4.285765171051025, 4.285765171051025]]}, {"Param_b": [-1792.8236083984375, 1792.8236083984375]}, {"Param_m": [2036, 9.945607961714266]}]}