{"EntityID": "1", "Param": [{"Param_W": [[-57399.78515625, 57399.78515625], [-48885.2734375, 48885.2734375], [-153650.0625, 153650.0625], [12479.076171875, -12479.060546875], [-7.1684250831604, 7.1684250831604]]}, {"Param_b": [-2747.123779296875, 2747.123779296875]}, {"Param_m": [2036, 15.019793651252986]}]}