{"EntityID": "1", "Param": [{"Param_W": [[-35325.0, 35325.0], [-26076.7734375, 26076.7734375], [-116003.4140625, 116003.4453125], [26613.462890625, -26613.474609375], [-3.8200767040252686, 3.8200767040252686]]}, {"Param_b": [-1688.867919921875, 1688.867919921875]}, {"Param_m": [2036, 7.05177928954363]}]}