{"EntityID": "1", "Param": [{"Param_W": [[-39290.640625, 39290.640625], [-33405.6484375, 33405.6484375], [6907.98486328125, -6907.9541015625], [41033.765625, -41033.74609375], [-4.7947096824646, 4.7947096824646]]}, {"Param_b": [-1902.2403564453125, 1902.2403564453125]}, {"Param_m": [2036, 10.791949424147607]}]}