{"EntityID": "1", "Param": [{"Param_W": [[-39277.046875, 39277.046875], [-33847.62109375, 33847.62109375], [35801.4375, -35801.4375], [35421.21484375, -35421.2421875], [-4.841017723083496, 4.841017723083496]]}, {"Param_b": [-1907.731689453125, 1907.731689453125]}, {"Param_m": [2036, 10.732369363307955]}]}