{"EntityID": "1", "Param": [{"Param_W": [[-50649.71484375, 50649.71484375], [-50158.953125, 50158.953125], [216310.015625, -216309.984375], [-39434.98828125, 39435.046875], [-6.950716972351074, 6.950716972351074]]}, {"Param_b": [-2527.689208984375, 2527.689208984375]}, {"Param_m": [2036, 13.561894774436949]}]}