{"EntityID": "1", "Param": [{"Param_W": [[-38969.05078125, 38969.05078125], [-33063.18359375, 33063.18359375], [72131.859375, -72131.921875], [-14634.3916015625, 14634.3642578125], [-4.690716743469238, 4.690716743469238]]}, {"Param_b": [-1906.6395263671875, 1906.6395263671875]}, {"Param_m": [2036, 9.979453903436662]}]}