{"EntityID": "1", "Param": [{"Param_W": [[-44475.16796875, 44475.16796875], [-38827.79296875, 38827.79296875], [147850.0625, -147850.0625], [4748.0732421875, -4747.9541015625], [-5.455140590667725, 5.455140590667725]]}, {"Param_b": [-2188.896240234375, 2188.896240234375]}, {"Param_m": [2036, 11.13630768060684]}]}