{"EntityID": "1", "Param": [{"Param_W": [[-44110.1328125, 44110.1328125], [-40452.0078125, 40452.0078125], [168561.59375, -168561.59375], [-177542.078125, 177542.078125], [-5.759002208709717, 5.759002208709717]]}, {"Param_b": [-2164.185302734375, 2164.185302734375]}, {"Param_m": [2036, 11.037897494435313]}]}