{"EntityID": "1", "Param": [{"Param_W": [[-42674.98828125, 42674.98828125], [-36158.70703125, 36158.70703125], [140040.140625, -140040.140625], [9973.4365234375, -9973.4052734375], [-5.086897850036621, 5.086897850036621]]}, {"Param_b": [-2096.560302734375, 2096.560302734375]}, {"Param_m": [2036, 10.384129965305329]}]}