{"EntityID": "1", "Param": [{"Param_W": [[-33056.87109375, 33056.87109375], [-27665.068359375, 27665.068359375], [-14445.31640625, 14445.31640625], [56061.41015625, -56061.390625], [-3.9207518100738525, 3.9207518100738525]]}, {"Param_b": [-1609.1375732421875, 1609.1375732421875]}, {"Param_m": [2036, 8.90060330480337]}]}