{"EntityID": "1", "Param": [{"Param_W": [[-49172.578125, 49172.578125], [-48286.203125, 48286.203125], [225787.75, -225787.75], [-38420.53125, 38420.50390625], [-6.6934895515441895, 6.6934895515441895]]}, {"Param_b": [-2453.086181640625, 2453.086181640625]}, {"Param_m": [2036, 13.161957371234893]}]}