{"EntityID": "1", "Param": [{"Param_W": [[-68450.890625, 68450.890625], [-68538.96875, 68539.0], [139658.96875, -139658.96875], [-104274.828125, 104274.734375], [-9.678116798400879, 9.678120613098145]]}, {"Param_b": [-3378.2080078125, 3378.2080078125]}, {"Param_m": [2036, 21.1896444439888]}]}