{"EntityID": "1", "Param": [{"Param_W": [[-33560.5, 33560.5], [-28202.669921875, 28202.669921875], [62582.49609375, -62582.49609375], [73856.8984375, -73856.9375], [-3.9864661693573, 3.9864661693573]]}, {"Param_b": [-1634.13671875, 1634.13671875]}, {"Param_m": [2036, 9.14088178873062]}]}