{"EntityID": "1", "Param": [{"Param_W": [[-48057.328125, 48057.328125], [-45786.046875, 45786.046875], [245330.5, -245330.5], [27613.001953125, -27612.978515625], [-6.331261157989502, 6.331261157989502]]}, {"Param_b": [-2394.00146484375, 2394.00146484375]}, {"Param_m": [2036, 13.147954860329628]}]}