{"EntityID": "1", "Param": [{"Param_W": [[-34083.78125, 34083.78125], [-28574.98828125, 28574.98828125], [80132.3203125, -80132.3203125], [48264.68359375, -48264.765625], [-4.054965496063232, 4.054965496063232]]}, {"Param_b": [-1660.0308837890625, 1660.0308837890625]}, {"Param_m": [2036, 9.305957055079535]}]}