{"EntityID": "1", "Param": [{"Param_W": [[-36480.78515625, 36480.78515625], [-29674.94921875, 29674.94921875], [-87072.6171875, 87072.6171875], [-19212.94140625, 19212.923828125], [-4.314474105834961, 4.314474105834961]]}, {"Param_b": [-1756.1744384765625, 1756.1744384765625]}, {"Param_m": [2036, 7.975049377977849]}]}