{"EntityID": "1", "Param": [{"Param_W": [[-47899.56640625, 47899.56640625], [-45607.16796875, 45607.16796875], [273729.96875, -273729.96875], [48118.953125, -48118.9375], [-6.291619300842285, 6.291619300842285]]}, {"Param_b": [-2388.434326171875, 2388.434326171875]}, {"Param_m": [2036, 13.379714816808702]}]}