{"EntityID": "1", "Param": [{"Param_W": [[-38538.484375, 38538.484375], [-28070.63671875, 28070.63671875], [-19510.3125, 19510.43359375], [-1208.555908203125, 1208.533203125], [-4.18473482131958, 4.18473482131958]]}, {"Param_b": [-1832.794921875, 1832.794921875]}, {"Param_m": [2036, 7.713236377140857]}]}