{"EntityID": "1", "Param": [{"Param_W": [[-45576.1015625, 45576.1015625], [-42530.33203125, 42530.33203125], [216491.46875, -216491.484375], [23861.103515625, -23861.099609375], [-5.862669467926025, 5.862669467926025]]}, {"Param_b": [-2273.040771484375, 2273.040771484375]}, {"Param_m": [2036, 11.983697474002838]}]}