{"EntityID": "1", "Param": [{"Param_W": [[-47824.08203125, 47824.08203125], [-48040.09375, 48040.09375], [269747.6875, -269747.71875], [-11139.330078125, 11139.41015625], [-6.632604598999023, 6.632604598999023]]}, {"Param_b": [-2394.577880859375, 2394.577880859375]}, {"Param_m": [2036, 13.312714275717733]}]}