{"EntityID": "1", "Param": [{"Param_W": [[-33129.9296875, 33129.9296875], [-27611.9140625, 27611.9140625], [49931.11328125, -49931.11328125], [72890.953125, -72890.9375], [-3.903360366821289, 3.903360366821289]]}, {"Param_b": [-1612.5203857421875, 1612.5203857421875]}, {"Param_m": [2036, 8.990763301312635]}]}