{"EntityID": "1", "Param": [{"Param_W": [[-36589.51953125, 36589.51953125], [-29429.328125, 29429.328125], [145866.109375, -145866.109375], [59735.125, -59735.18359375], [-4.151136875152588, 4.151136875152588]]}, {"Param_b": [-1790.017333984375, 1790.017333984375]}, {"Param_m": [2036, 9.262345336005092]}]}