{"EntityID": "1", "Param": [{"Param_W": [[-74702.3125, 74702.4375], [-69730.4921875, 69730.5234375], [-122019.8671875, 122019.8671875], [-439621.59375, 439621.53125], [-10.120169639587402, 10.120169639587402]]}, {"Param_b": [-3634.056640625, 3634.056640625]}, {"Param_m": [2036, 13.448725235462188]}]}