{"EntityID": "1", "Param": [{"Param_W": [[-36156.52734375, 36156.52734375], [-31418.580078125, 31418.580078125], [165410.15625, -165410.15625], [14207.9990234375, -14208.009765625], [-4.425815105438232, 4.425815105438232]]}, {"Param_b": [-1775.1209716796875, 1775.1209716796875]}, {"Param_m": [2036, 9.58867833964614]}]}