{"EntityID": "1", "Param": [{"Param_W": [[-39060.55078125, 39060.55078125], [-33867.0390625, 33867.0390625], [138606.9375, -138606.9375], [32189.7578125, -32189.724609375], [-4.751157283782959, 4.751157283782959]]}, {"Param_b": [-1922.7645263671875, 1922.7645263671875]}, {"Param_m": [2036, 9.514807260222733]}]}