{"EntityID": "1", "Param": [{"Param_W": [[-42674.98828125, 42674.98828125], [-38807.40625, 38807.40625], [199195.453125, -199195.453125], [1341.9744873046875, -1341.98583984375], [-5.4090399742126465, 5.4090399742126465]]}, {"Param_b": [-2114.990966796875, 2114.990966796875]}, {"Param_m": [2036, 10.991856083273886]}]}