{"EntityID": "1", "Param": [{"Param_W": [[-32461.505859375, 32461.505859375], [-28016.51171875, 28016.51171875], [83866.109375, -83866.109375], [45975.7890625, -45975.80078125], [-3.9648377895355225, 3.9648377895355225]]}, {"Param_b": [-1585.3974609375, 1585.3974609375]}, {"Param_m": [2036, 9.626694700773808]}]}