{"EntityID": "1", "Param": [{"Param_W": [[-37351.38671875, 37351.38671875], [-36294.140625, 36294.140625], [99276.4140625, -99276.4140625], [-95516.5546875, 95516.5234375], [-5.2380290031433105, 5.2380290031433105]]}, {"Param_b": [-1814.986083984375, 1814.986083984375]}, {"Param_m": [2036, 11.145845150947572]}]}