{"EntityID": "1", "Param": [{"Param_W": [[-35852.65234375, 35852.65234375], [-31290.427734375, 31290.427734375], [45714.9296875, -45714.9296875], [-85988.4765625, 85988.4921875], [-4.588411808013916, 4.588411808013916]]}, {"Param_b": [-1723.7574462890625, 1723.7574462890625]}, {"Param_m": [2036, 9.287308591604233]}]}