{"EntityID": "1", "Param": [{"Param_W": [[-33404.91796875, 33404.91796875], [-28347.568359375, 28347.568359375], [87925.25, -87925.25], [70422.4921875, -70422.46875], [-3.998080253601074, 3.998080253601074]]}, {"Param_b": [-1632.422607421875, 1632.422607421875]}, {"Param_m": [2036, 8.977198639395645]}]}