{"EntityID": "1", "Param": [{"Param_W": [[-45328.296875, 45328.296875], [-44165.46875, 44165.46875], [249764.53125, -249764.625], [7770.8681640625, -7770.8759765625], [-6.077766418457031, 6.077766418457031]]}, {"Param_b": [-2269.824951171875, 2269.824951171875]}, {"Param_m": [2036, 11.934359788894655]}]}