{"EntityID": "1", "Param": [{"Param_W": [[-41860.2109375, 41860.2109375], [-37398.95703125, 37398.95703125], [202339.234375, -202339.171875], [38489.8046875, -38489.78125], [-5.1716628074646, 5.1716628074646]]}, {"Param_b": [-2080.43505859375, 2080.43505859375]}, {"Param_m": [2036, 10.270921801030635]}]}