{"EntityID": "1", "Param": [{"Param_W": [[-39515.390625, 39515.390625], [-32475.095703125, 32475.095703125], [130784.46875, -130784.40625], [53087.77734375, -53087.84375], [-4.551140308380127, 4.551140308380127]]}, {"Param_b": [-1942.1510009765625, 1942.1510009765625]}, {"Param_m": [2036, 8.889295053482059]}]}