{"EntityID": "1", "Param": [{"Param_W": [[-55294.45703125, 55294.45703125], [-51302.84765625, 51302.81640625], [96832.203125, -96832.203125], [35629.47265625, -35629.50390625], [-7.316315650939941, 7.316315650939941]]}, {"Param_b": [-2699.343994140625, 2699.343994140625]}, {"Param_m": [2036, 18.564245837830093]}]}