{"EntityID": "1", "Param": [{"Param_W": [[-16898.20703125, 16898.20703125], [-8661.1103515625, 8661.1103515625], [-186104.40625, 186104.4375], [-4839.96923828125, 4839.96923828125], [-1.4343953132629395, 1.4343953132629395]]}, {"Param_b": [-765.2649536132812, 765.2649536132812]}, {"Param_m": [2036, 4.149948252797127]}]}