{"EntityID": "1", "Param": [{"Param_W": [[-40076.53515625, 40076.53515625], [-34453.1875, 34453.1875], [205470.359375, -205470.3125], [-21229.896484375, 21229.93359375], [-4.957958698272705, 4.957958698272705]]}, {"Param_b": [-1950.327392578125, 1950.327392578125]}, {"Param_m": [2036, 9.835991406500339]}]}