{"EntityID": "1", "Param": [{"Param_W": [[-35770.6171875, 35770.6171875], [-32667.32421875, 32667.32421875], [32264.12109375, -32264.12109375], [-103487.9453125, 103487.953125], [-4.784843444824219, 4.784843444824219]]}, {"Param_b": [-1720.8145751953125, 1720.8145751953125]}, {"Param_m": [2036, 9.53141468167305]}]}