{"EntityID": "1", "Param": [{"Param_W": [[-35575.71875, 35575.71875], [-33001.05078125, 33001.05078125], [48138.42578125, -48138.42578125], [-103367.8203125, 103367.8203125], [-4.794117450714111, 4.794117450714111]]}, {"Param_b": [-1719.934814453125, 1719.934814453125]}, {"Param_m": [2036, 9.744145160913469]}]}