{"EntityID": "1", "Param": [{"Param_W": [[-14961.37890625, 14961.37890625], [-5548.59521484375, 5548.59521484375], [-203886.1875, 203886.1875], [77802.71875, -77802.7265625], [-0.9605002999305725, 0.9605002999305725]]}, {"Param_b": [-670.1832275390625, 670.1832275390625]}, {"Param_m": [2036, 2.7534829569165593]}]}