{"EntityID": "1", "Param": [{"Param_W": [[-8536.8427734375, 8536.8427734375], [-1218.6474609375, 1218.6474609375], [-24102.083984375, 24102.0234375], [38224.21484375, -38224.2109375], [-0.2887515723705292, 0.2887515723705292]]}, {"Param_b": [-373.34881591796875, 373.34881591796875]}, {"Param_m": [2036, 2.1451371907809516]}]}