{"EntityID": "1", "Param": [{"Param_W": [[-9759.130859375, 9759.130859375], [-1196.5609130859375, 1196.5609130859375], [-70673.5078125, 70673.453125], [34702.203125, -34702.19921875], [-0.3328375518321991, 0.3328375518321991]]}, {"Param_b": [-417.9316101074219, 417.9316101074219]}, {"Param_m": [2036, 2.2294766124337917]}]}