{"EntityID": "1", "Param": [{"Param_W": [[-143.44168090820312, 143.44168090820312], [6770.39794921875, -6770.39794921875], [-45162.01171875, 45162.01171875], [22290.390625, -22290.390625], [0.8680915236473083, -0.8680915236473083]]}, {"Param_b": [30.30842399597168, -30.30842399597168]}, {"Param_m": [2036, 1.0087541589040485]}]}