{"EntityID": "1", "Param": [{"Param_W": [[-26541.3203125, 26541.3203125], [-16508.171875, 16508.171875], [-22762.87109375, 22762.87109375], [-64872.1328125, 64872.1328125], [-2.491837739944458, 2.491837739944458]]}, {"Param_b": [-1255.463623046875, 1255.463623046875]}, {"Param_m": [2036, 4.057557803019881]}]}