{"EntityID": "1", "Param": [{"Param_W": [[-42362.62109375, 42362.62109375], [-36515.25, 36515.25], [171027.65625, -171027.6875], [-81888.421875, 81888.390625], [-5.293432712554932, 5.293432712554932]]}, {"Param_b": [-2055.026611328125, 2055.026611328125]}, {"Param_m": [2036, 9.597337818704545]}]}