{"EntityID": "2", "Param": [{"Param_W": [[-70258.71875, 70258.71875], [-72375.7109375, 72375.7109375], [437616.375, -437616.375], [-147367.890625, 147367.875], [-10.228142738342285, 10.228141784667969]]}, {"Param_b": [-3474.85009765625, 3474.85009765625]}, {"Param_m": [2035, 26.513635933399197]}]}