{"EntityID": "2", "Param": [{"Param_W": [[-52307.4765625, 52307.4765625], [-42850.359375, 42850.359375], [-30210.025390625, 30210.025390625], [115098.84375, -115098.8828125], [-6.168313026428223, 6.168313026428223]]}, {"Param_b": [-2519.848876953125, 2519.848876953125]}, {"Param_m": [2035, 14.758106791973114]}]}