{"EntityID": "2", "Param": [{"Param_W": [[-11667.166015625, 11667.166015625], [-5732.18017578125, 5732.18017578125], [-69827.546875, 69827.515625], [2483.544921875, -2483.594482421875], [-1.0026419162750244, 1.0026419162750244]]}, {"Param_b": [-514.0501098632812, 514.0501098632812]}, {"Param_m": [2035, 2.546669082716107]}]}