{"EntityID": "2", "Param": [{"Param_W": [[-8014.232421875, 8014.232421875], [-543.8887939453125, 543.8887939453125], [-119376.4609375, 119376.4609375], [60901.98828125, -60901.96484375], [-0.227725088596344, 0.227725088596344]]}, {"Param_b": [-337.7623291015625, 337.7623291015625]}, {"Param_m": [2035, 1.4545579250901939]}]}