{"EntityID": "2", "Param": [{"Param_W": [[-6595.07568359375, 6595.07568359375], [1311.4462890625, -1311.4462890625], [-22499.818359375, 22499.791015625], [127678.2890625, -127678.2890625], [0.052533719688653946, -0.052533719688653946]]}, {"Param_b": [-270.2311096191406, 270.2311096191406]}, {"Param_m": [2035, 2.156232004391495]}]}