{"EntityID": "2", "Param": [{"Param_W": [[-16789.716796875, 16789.716796875], [-8624.833984375, 8624.833984375], [-139875.3125, 139875.3125], [3796.9873046875, -3796.956787109375], [-1.5067760944366455, 1.5067760944366455]]}, {"Param_b": [-740.6148071289062, 740.6148071289062]}, {"Param_m": [2035, 3.116535348817706]}]}