{"EntityID": "2", "Param": [{"Param_W": [[-12098.9775390625, 12098.9775390625], [-4395.98974609375, 4395.98974609375], [-125798.5078125, 125798.5078125], [21184.544921875, -21184.568359375], [-0.8347353339195251, 0.8347353339195251]]}, {"Param_b": [-524.9060668945312, 524.9060668945312]}, {"Param_m": [2035, 2.1283945724368096]}]}