{"EntityID": "2", "Param": [{"Param_W": [[-5233.65576171875, 5233.65576171875], [2425.423828125, -2425.423828125], [-19783.7421875, 19783.7421875], [68429.9765625, -68429.984375], [0.1770273745059967, -0.1770273745059967]]}, {"Param_b": [-199.31874084472656, 199.31874084472656]}, {"Param_m": [2035, 2.034119050174848]}]}