{"EntityID": "2", "Param": [{"Param_W": [[-4592.73095703125, 4592.73095703125], [3113.411376953125, -3113.411376953125], [-2891.440673828125, 2891.440673828125], [89271.4765625, -89271.421875], [0.30898359417915344, -0.30898359417915344]]}, {"Param_b": [-173.96798706054688, 173.96798706054688]}, {"Param_m": [2035, 1.9715734452605245]}]}