{"EntityID": "2", "Param": [{"Param_W": [[-45574.82421875, 45574.82421875], [-36543.83203125, 36543.83203125], [-58759.3359375, 58759.3359375], [83698.65625, -83698.6171875], [-5.359098434448242, 5.359098434448242]]}, {"Param_b": [-2172.80517578125, 2172.80517578125]}, {"Param_m": [2035, 13.166714894771578]}]}