{"EntityID": "2", "Param": [{"Param_W": [[-16095.9052734375, 16095.9052734375], [-7959.4072265625, 7959.4072265625], [33649.20703125, -33649.23828125], [53513.87109375, -53513.859375], [-1.2901263236999512, 1.2901263236999512]]}, {"Param_b": [-735.8994750976562, 735.8994750976562]}, {"Param_m": [2035, 4.0827899731695645]}]}