{"EntityID": "2", "Param": [{"Param_W": [[-11813.2060546875, 11813.2060546875], [-3881.454345703125, 3881.454345703125], [-164808.15625, 164808.1875], [1596.369384765625, -1596.36181640625], [-0.7784111499786377, 0.7784111499786377]]}, {"Param_b": [-508.3795471191406, 508.3795471191406]}, {"Param_m": [2035, 1.6729024378117174]}]}