{"EntityID": "2", "Param": [{"Param_W": [[-21319.857421875, 21319.857421875], [-15600.77734375, 15600.77734375], [118135.703125, -118135.671875], [635.3114624023438, -635.3417358398438], [-2.3485002517700195, 2.3485002517700195]]}, {"Param_b": [-1010.8156127929688, 1010.8156127929688]}, {"Param_m": [2035, 5.772615126832795]}]}