{"EntityID": "2", "Param": [{"Param_W": [[-14550.6015625, 14550.6015625], [-7130.716796875, 7130.716796875], [50722.875, -50722.84375], [74693.5625, -74693.5703125], [-1.1404615640640259, 1.1404615640640259]]}, {"Param_b": [-668.8230590820312, 668.8230590820312]}, {"Param_m": [2035, 3.9784341130405663]}]}