{"EntityID": "2", "Param": [{"Param_W": [[-23561.396484375, 23561.396484375], [-15923.908203125, 15923.908203125], [-73165.71875, 73165.7734375], [-115654.796875, 115654.765625], [-2.5340559482574463, 2.5340559482574463]]}, {"Param_b": [-1083.380615234375, 1083.380615234375]}, {"Param_m": [2035, 4.570423041284084]}]}