{"EntityID": "2", "Param": [{"Param_W": [[-11329.4794921875, 11329.4794921875], [-5015.8095703125, 5015.8095703125], [-32671.9921875, 32671.9921875], [84287.3515625, -84287.359375], [-0.8729955554008484, 0.8729955554008484]]}, {"Param_b": [-500.7834167480469, 500.7834167480469]}, {"Param_m": [2035, 3.528885427862406]}]}