{"EntityID": "2", "Param": [{"Param_W": [[-48228.28125, 48228.28125], [-38630.4765625, 38630.4765625], [550.8936157226562, -550.86328125], [109514.5078125, -109514.5], [-5.583832740783691, 5.583832740783691]]}, {"Param_b": [-2318.378662109375, 2318.374755859375]}, {"Param_m": [2035, 13.743106722831724]}]}