{"EntityID": "2", "Param": [{"Param_W": [[-8397.5263671875, 8397.5263671875], [-300.57012939453125, 300.57012939453125], [11011.50390625, -11011.5341796875], [130144.28125, -130144.25], [-0.16571515798568726, 0.16571515798568726]]}, {"Param_b": [-359.38323974609375, 359.38323974609375]}, {"Param_m": [2035, 2.476648199757561]}]}