{"EntityID": "2", "Param": [{"Param_W": [[-14896.5361328125, 14896.5361328125], [-7110.58154296875, 7110.58154296875], [79841.09375, -79841.0625], [-34250.71875, 34250.7265625], [-1.1332359313964844, 1.1332359313964844]]}, {"Param_b": [-689.8526611328125, 689.8526611328125]}, {"Param_m": [2035, 2.799993745623215]}]}