{"EntityID": "2", "Param": [{"Param_W": [[-19559.134765625, 19559.134765625], [-13436.8662109375, 13436.8662109375], [138024.8125, -138024.8125], [-12534.65234375, 12534.640625], [-2.0382137298583984, 2.0382137298583984]]}, {"Param_b": [-920.5869140625, 920.5869140625]}, {"Param_m": [2035, 5.268430381355575]}]}