{"EntityID": "2", "Param": [{"Param_W": [[-9884.1240234375, 9884.1240234375], [-1915.9827880859375, 1915.9827880859375], [-1488.47705078125, 1488.47705078125], [105268.0703125, -105268.0625], [-0.4322926998138428, 0.4322926998138428]]}, {"Param_b": [-426.0653991699219, 426.0653991699219]}, {"Param_m": [2035, 2.613254871283337]}]}