{"EntityID": "2", "Param": [{"Param_W": [[-10248.494140625, 10248.494140625], [-1827.6798095703125, 1827.6798095703125], [-45355.03515625, 45355.03515625], [119419.3828125, -119419.375], [-0.4575231075286865, 0.4575231075286865]]}, {"Param_b": [-435.9661560058594, 435.9661560058594]}, {"Param_m": [2035, 2.4904034691629935]}]}