{"EntityID": "2", "Param": [{"Param_W": [[-24645.779296875, 24645.779296875], [-18125.1796875, 18125.1796875], [189307.609375, -189307.609375], [-80896.9375, 80896.8359375], [-2.676969051361084, 2.676969051361084]]}, {"Param_b": [-1185.511474609375, 1185.511474609375]}, {"Param_m": [2035, 5.437345617279879]}]}