{"EntityID": "2", "Param": [{"Param_W": [[-20025.39453125, 20025.39453125], [-11937.8974609375, 11937.8974609375], [159633.609375, -159633.609375], [-53020.9140625, 53020.8828125], [-1.7982878684997559, 1.7982878684997559]]}, {"Param_b": [-950.2739868164062, 950.2739868164062]}, {"Param_m": [2035, 3.450911493072453]}]}