{"EntityID": "2", "Param": [{"Param_W": [[-6539.76513671875, 6539.76513671875], [-462.6208190917969, 462.6208190917969], [-108058.7421875, 108058.7421875], [-63738.56640625, 63738.59765625], [-0.2571013569831848, 0.2571013569831848]]}, {"Param_b": [-264.560546875, 264.560546875]}, {"Param_m": [2035, 1.318548834388453]}]}