{"EntityID": "2", "Param": [{"Param_W": [[-4283.18505859375, 4283.18505859375], [1997.0081787109375, -1997.0081787109375], [-58371.0390625, 58371.0390625], [-12138.4443359375, 12138.4296875], [0.12484902888536453, -0.12484902888536453]]}, {"Param_b": [-160.01901245117188, 160.01901245117188]}, {"Param_m": [2035, 1.3177337651641718]}]}