{"EntityID": "2", "Param": [{"Param_W": [[-3570.45263671875, 3570.45263671875], [3714.5517578125, -3714.5517578125], [10691.7080078125, -10691.7080078125], [125934.1171875, -125934.1015625], [0.4283837676048279, -0.4283837676048279]]}, {"Param_b": [-131.90879821777344, 131.90879821777344]}, {"Param_m": [2035, 2.003490971866995]}]}