{"EntityID": "2", "Param": [{"Param_W": [[-17431.611328125, 17431.611328125], [-12599.927734375, 12599.927734375], [-128821.5234375, 128821.46875], [-168341.9375, 168341.9375], [-2.076592445373535, 2.076592445373535]]}, {"Param_b": [-782.1736450195312, 782.1736450195312]}, {"Param_m": [2035, 3.7027102871681565]}]}