{"EntityID": "2", "Param": [{"Param_W": [[-2970.28271484375, 2970.28271484375], [3211.418212890625, -3211.418212890625], [-48490.21875, 48490.21875], [27685.23828125, -27685.23046875], [0.34209105372428894, -0.34209105372428894]]}, {"Param_b": [-103.34371948242188, 103.34371948242188]}, {"Param_m": [2035, 1.255162211196148]}]}