{"EntityID": "2", "Param": [{"Param_W": [[-9812.31640625, 9812.31640625], [-1443.6583251953125, 1443.6583251953125], [-66902.53125, 66902.53125], [129867.015625, -129867.0625], [-0.38242414593696594, 0.38242414593696594]]}, {"Param_b": [-418.1660461425781, 418.1660461425781]}, {"Param_m": [2035, 2.3734548907756103]}]}