{"EntityID": "2", "Param": [{"Param_W": [[-4266.20361328125, 4266.20361328125], [2059.111572265625, -2059.111572265625], [-70485.84375, 70485.90625], [-10284.390625, 10284.3828125], [0.13225232064723969, -0.13225232064723969]]}, {"Param_b": [-158.5179901123047, 158.5179901123047]}, {"Param_m": [2035, 1.2412629739602286]}]}