{"EntityID": "2", "Param": [{"Param_W": [[-12696.7216796875, 12696.7216796875], [-7021.30810546875, 7021.30810546875], [173536.3125, -173536.34375], [-29400.794921875, 29400.802734375], [-1.0150202512741089, 1.0150202512741089]]}, {"Param_b": [-612.1174926757812, 612.1174926757812]}, {"Param_m": [2035, 3.2889773071961828]}]}