{"EntityID": "2", "Param": [{"Param_W": [[-10104.396484375, 10104.396484375], [-3526.05859375, 3526.05859375], [-2062.4775390625, 2062.4775390625], [-27454.876953125, 27454.890625], [-0.6970934271812439, 0.6970934271812439]]}, {"Param_b": [-442.1067199707031, 442.1067199707031]}, {"Param_m": [2035, 2.7153001724184676]}]}