{"EntityID": "2", "Param": [{"Param_W": [[-43589.8828125, 43589.8828125], [-35299.70703125, 35299.70703125], [-43320.73046875, 43320.7578125], [80456.1953125, -80456.2265625], [-5.160757064819336, 5.160757064819336]]}, {"Param_b": [-2081.19091796875, 2081.19091796875]}, {"Param_m": [2035, 13.084955006837843]}]}