{"EntityID": "2", "Param": [{"Param_W": [[-17957.064453125, 17957.064453125], [-14221.890625, 14221.890625], [194952.71875, -194952.6875], [-59520.9375, 59520.93359375], [-1.9896481037139893, 1.9896481037139893]]}, {"Param_b": [-886.2603149414062, 886.2603149414062]}, {"Param_m": [2035, 4.681904552876949]}]}