{"EntityID": "2", "Param": [{"Param_W": [[-7234.06005859375, 7234.06005859375], [-1059.39453125, 1059.39453125], [-38895.0546875, 38895.0859375], [24075.267578125, -24075.236328125], [-0.34132111072540283, 0.34132111072540283]]}, {"Param_b": [-298.1138916015625, 298.1138916015625]}, {"Param_m": [2035, 2.311244936057621]}]}