{"EntityID": "2", "Param": [{"Param_W": [[-3058.5859375, 3058.5859375], [3151.012939453125, -3151.012939453125], [-43181.6640625, 43181.6640625], [19289.68359375, -19289.69140625], [0.30809518694877625, -0.30809518694877625]]}, {"Param_b": [-103.78341674804688, 103.78341674804688]}, {"Param_m": [2035, 1.262689049902531]}]}