{"EntityID": "2", "Param": [{"Param_W": [[-4119.6787109375, 4119.6787109375], [1874.9849853515625, -1874.9849853515625], [-23655.37109375, 23655.40234375], [-13015.623046875, 13015.6005859375], [0.09422902762889862, -0.09422902762889862]]}, {"Param_b": [-150.9521942138672, 150.9521942138672]}, {"Param_m": [2035, 1.7130002945661542]}]}