{"EntityID": "2", "Param": [{"Param_W": [[-3635.9521484375, 3635.9521484375], [2223.345703125, -2223.10302734375], [-13594.671875, 13594.671875], [-4614.25341796875, 4614.27587890625], [0.1527446210384369, -0.1527446210384369]]}, {"Param_b": [-129.5890350341797, 129.5890350341797]}, {"Param_m": [2035, 1.7660035921036557]}]}