{"EntityID": "2", "Param": [{"Param_W": [[-5127.40087890625, 5127.40087890625], [1000.2022094726562, -1000.2022094726562], [-562.8412475585938, 562.8412475585938], [-8170.22607421875, 8170.21142578125], [0.01664258912205696, -0.01664258912205696]]}, {"Param_b": [-206.77841186523438, 206.77841186523438]}, {"Param_m": [2035, 1.7086379340651208]}]}