{"EntityID": "2", "Param": [{"Param_W": [[-8575.103515625, 8575.103515625], [-1392.7142333984375, 1392.7142333984375], [-12053.0380859375, 12053.0068359375], [2730.451416015625, -2730.38330078125], [-0.34374937415122986, 0.34374937415122986]]}, {"Param_b": [-369.3143005371094, 369.3143005371094]}, {"Param_m": [2035, 2.050585880003382]}]}