{"EntityID": "2", "Param": [{"Param_W": [[-19939.517578125, 19939.517578125], [-18500.224609375, 18500.224609375], [222859.25, -222859.1875], [-77259.578125, 77259.515625], [-2.5777649879455566, 2.5777649879455566]]}, {"Param_b": [-992.6061401367188, 992.6061401367188]}, {"Param_m": [2035, 5.511675959935564]}]}