{"EntityID": "2", "Param": [{"Param_W": [[-41639.1484375, 41639.1484375], [-30969.759765625, 30969.759765625], [32530.07421875, -32530.07421875], [185165.8125, -185165.78125], [-4.484518527984619, 4.484518527984619]]}, {"Param_b": [-1994.7225341796875, 1994.7225341796875]}, {"Param_m": [2035, 10.007878613471986]}]}