{"EntityID": "2", "Param": [{"Param_W": [[-13646.22265625, 13646.22265625], [-8619.4970703125, 8619.4970703125], [189629.03125, -189629.078125], [-52830.24609375, 52830.27734375], [-1.255005121231079, 1.255005121231079]]}, {"Param_b": [-659.7107543945312, 659.7107543945312]}, {"Param_m": [2035, 3.614541360230487]}]}