{"EntityID": "2", "Param": [{"Param_W": [[-19543.123046875, 19543.123046875], [-17769.783203125, 17769.783203125], [214074.640625, -214074.609375], [-83225.0703125, 83225.0859375], [-2.467900514602661, 2.4679596424102783]]}, {"Param_b": [-973.7749633789062, 973.7749633789062]}, {"Param_m": [2035, 5.257146105553284]}]}