{"EntityID": "2", "Param": [{"Param_W": [[-3131.848388671875, 3131.848388671875], [4125.5009765625, -4125.5009765625], [13222.7802734375, -13222.8115234375], [130980.3671875, -130980.3828125], [0.4859517216682434, -0.4859517216682434]]}, {"Param_b": [-110.30304718017578, 110.30304718017578]}, {"Param_m": [2035, 2.01021366189234]}]}