{"EntityID": "2", "Param": [{"Param_W": [[-20655.642578125, 20655.642578125], [-20019.814453125, 20019.814453125], [230810.828125, -230810.734375], [-89623.34375, 89623.3125], [-2.793704032897949, 2.793704032897949]]}, {"Param_b": [-1030.2532958984375, 1030.2532958984375]}, {"Param_m": [2035, 5.98484656395313]}]}