{"EntityID": "2", "Param": [{"Param_W": [[-41801.3203125, 41801.3203125], [-32231.837890625, 32231.837890625], [-63590.23046875, 63590.23046875], [75925.171875, -75925.1875], [-4.756130218505859, 4.756130218505859]]}, {"Param_b": [-1985.151611328125, 1985.151611328125]}, {"Param_m": [2035, 11.574601525068283]}]}