{"EntityID": "2", "Param": [{"Param_W": [[489.54840087890625, -489.54840087890625], [5242.8740234375, -5242.8740234375], [9927.2138671875, -9927.18359375], [-9336.421875, 9336.4296875], [0.6534436345100403, -0.6534436345100403]]}, {"Param_b": [55.917198181152344, -55.917198181152344]}, {"Param_m": [2035, 1.0093392615506709]}]}