{"EntityID": "2", "Param": [{"Param_W": [[-7989.9736328125, 7989.9736328125], [-1346.1368408203125, 1346.1368408203125], [-27581.796875, 27581.796875], [-16640.607421875, 16640.61328125], [-0.33984044194221497, 0.33984044194221497]]}, {"Param_b": [-342.94769287109375, 342.94769287109375]}, {"Param_m": [2035, 1.8681079728303387]}]}