{"EntityID": "2", "Param": [{"Param_W": [[-4538.8759765625, 4538.8759765625], [196.7412109375, -196.7412109375], [-19281.669921875, 19281.73046875], [-24329.052734375, 24329.0390625], [-0.14788806438446045, 0.14788806438446045]]}, {"Param_b": [-175.51451110839844, 175.51451110839844]}, {"Param_m": [2035, 2.0345886918298843]}]}