{"EntityID": "2", "Param": [{"Param_W": [[-9118.9921875, 9118.9921875], [-2206.849365234375, 2206.849365234375], [63319.25390625, -63319.25390625], [-13373.4521484375, 13373.5048828125], [-0.39687538146972656, 0.39687538146972656]]}, {"Param_b": [-418.04473876953125, 418.04473876953125]}, {"Param_m": [2035, 1.7968071989655299]}]}