{"EntityID": "2", "Param": [{"Param_W": [[-2298.79150390625, 2298.79150390625], [2717.503173828125, -2717.503173828125], [28569.77734375, -28569.748046875], [-15154.8427734375, 15154.8046875], [0.27676448225975037, -0.27676448225975037]]}, {"Param_b": [-76.08257293701172, 76.08257293701172]}, {"Param_m": [2035, 1.818391663906969]}]}