{"EntityID": "2", "Param": [{"Param_W": [[611.8142700195312, -611.8142700195312], [4983.30224609375, -4983.30224609375], [-5247.9384765625, 5247.9384765625], [-3512.1552734375, 3512.1552734375], [0.6179079413414001, -0.6179079413414001]]}, {"Param_b": [58.176326751708984, -58.176326751708984]}, {"Param_m": [2035, 0.9811981527302253]}]}