{"EntityID": "2", "Param": [{"Param_W": [[-22412.97265625, 22412.97265625], [-20910.60546875, 20910.60546875], [204773.796875, -204773.84375], [-76241.6171875, 76241.6640625], [-2.933063507080078, 2.933063507080078]]}, {"Param_b": [-1109.89892578125, 1109.89892578125]}, {"Param_m": [2035, 6.075793308217544]}]}