{"EntityID": "2", "Param": [{"Param_W": [[-2855.294677734375, 2855.294677734375], [2797.072998046875, -2797.072998046875], [-19669.271484375, 19669.271484375], [2796.76953125, -2796.77734375], [0.2742769718170166, -0.2742769718170166]]}, {"Param_b": [-98.4312515258789, 98.4312515258789]}, {"Param_m": [2035, 1.6403294506924795]}]}