{"EntityID": "2", "Param": [{"Param_W": [[-3436.54248046875, 3436.54248046875], [3792.42333984375, -3792.42333984375], [19920.3203125, -19920.3203125], [134703.8125, -134703.8125], [0.44715848565101624, -0.44715848565101624]]}, {"Param_b": [-126.81438446044922, 126.81438446044922]}, {"Param_m": [2035, 2.0811238783835506]}]}