{"EntityID": "2", "Param": [{"Param_W": [[-41056.62890625, 41056.62890625], [-32852.5078125, 32852.5078125], [-20141.380859375, 20141.380859375], [112721.4453125, -112721.484375], [-4.7843146324157715, 4.7843146324157715]]}, {"Param_b": [-1962.063720703125, 1962.063720703125]}, {"Param_m": [2035, 12.954999870061874]}]}