{"EntityID": "2", "Param": [{"Param_W": [[-9985.0419921875, 9985.0419921875], [-3224.032958984375, 3224.032958984375], [133642.40625, -133642.40625], [-5212.39892578125, 5212.4140625], [-0.5199476480484009, 0.5199476480484009]]}, {"Param_b": [-466.0322570800781, 466.0322570800781]}, {"Param_m": [2035, 2.4672655312988416]}]}