{"EntityID": "2", "Param": [{"Param_W": [[-3063.437744140625, 3063.437744140625], [3317.6728515625, -3317.6728515625], [-49006.36328125, 49006.36328125], [25742.5625, -25742.5859375], [0.33806365728378296, -0.33806365728378296]]}, {"Param_b": [-103.8895492553711, 103.8895492553711]}, {"Param_m": [2035, 1.2463960007255084]}]}