{"EntityID": "2", "Param": [{"Param_W": [[-3506.40869140625, 3506.40869140625], [1054.5426025390625, -1054.5426025390625], [10636.48828125, -10636.5185546875], [-20.157785415649414, 20.172948837280273], [0.0027836356312036514, -0.0027836356312036514]]}, {"Param_b": [-131.52975463867188, 131.52975463867188]}, {"Param_m": [2035, 2.0830261007688136]}]}