{"EntityID": "2", "Param": [{"Param_W": [[-2929.527587890625, 2929.527587890625], [3416.164794921875, -3416.164794921875], [-38601.51953125, 38601.51953125], [20894.658203125, -20894.666015625], [0.3474806547164917, -0.3474806547164917]]}, {"Param_b": [-96.9908676147461, 96.9908676147461]}, {"Param_m": [2035, 1.2273026572678645]}]}