{"EntityID": "2", "Param": [{"Param_W": [[-3119.71875, 3119.71875], [3193.708984375, -3193.708984375], [-32379.212890625, 32379.2421875], [22931.71484375, -22931.73828125], [0.34262409806251526, -0.34262409806251526]]}, {"Param_b": [-111.10662841796875, 111.10662841796875]}, {"Param_m": [2035, 1.3764717722105844]}]}