{"EntityID": "2", "Param": [{"Param_W": [[-11045.1630859375, 11045.1630859375], [-5197.75244140625, 5197.75244140625], [155709.484375, -155709.453125], [-11805.943359375, 11805.943359375], [-0.7845114469528198, 0.7845114469528198]]}, {"Param_b": [-525.148681640625, 525.148681640625]}, {"Param_m": [2035, 2.8672610816001227]}]}