{"EntityID": "2", "Param": [{"Param_W": [[-13487.0830078125, 13487.0830078125], [-5778.2724609375, 5778.2724609375], [84461.8671875, -84461.8671875], [-8710.416015625, 8710.416015625], [-0.9293197393417358, 0.9293197393417358]]}, {"Param_b": [-624.6412353515625, 624.6412353515625]}, {"Param_m": [2035, 2.602443936562486]}]}