{"EntityID": "2", "Param": [{"Param_W": [[-17098.29296875, 17098.29296875], [-13711.7216796875, 13711.7216796875], [205235.234375, -205235.234375], [-55200.6953125, 55200.6484375], [-1.9164443016052246, 1.9164443016052246]]}, {"Param_b": [-846.1873168945312, 846.1873168945312]}, {"Param_m": [2035, 4.642648389923862]}]}