{"EntityID": "2", "Param": [{"Param_W": [[-3496.219970703125, 3496.219970703125], [2267.73974609375, -2267.73974609375], [-20918.33984375, 20918.369140625], [-4004.319091796875, 4004.319091796875], [0.1609770506620407, -0.1609770506620407]]}, {"Param_b": [-123.55457305908203, 123.55457305908203]}, {"Param_m": [2035, 1.7309406583402116]}]}