{"EntityID": "2", "Param": [{"Param_W": [[-19248.6171875, 19248.6171875], [-13165.650390625, 13165.650390625], [287645.625, -287645.59375], [-70672.078125, 70672.078125], [-1.8874233961105347, 1.8874233961105347]]}, {"Param_b": [-939.1148071289062, 939.1148071289062]}, {"Param_m": [2035, 4.7456871810087025]}]}