{"EntityID": "2", "Param": [{"Param_W": [[-3327.376708984375, 3327.376708984375], [2021.5098876953125, -2021.5098876953125], [-27830.1484375, 27830.1484375], [-3870.18896484375, 3870.241943359375], [0.14646662771701813, -0.14646662771701813]]}, {"Param_b": [-120.03700256347656, 120.03700256347656]}, {"Param_m": [2035, 1.7145139983598712]}]}