{"EntityID": "2", "Param": [{"Param_W": [[-46533.12109375, 46533.12109375], [-38110.60546875, 38110.60546875], [-15102.677734375, 15102.677734375], [86942.9140625, -86942.8671875], [-5.494734287261963, 5.494734287261963]]}, {"Param_b": [-2241.99853515625, 2241.99853515625]}, {"Param_m": [2035, 13.183889591693873]}]}