{"EntityID": "2", "Param": [{"Param_W": [[-19268.99609375, 19268.99609375], [-15752.6396484375, 15752.6396484375], [174682.0, -174682.0], [-71519.5234375, 71519.5546875], [-2.213819742202759, 2.213819742202759]]}, {"Param_b": [-949.9707641601562, 949.9707641601562]}, {"Param_m": [2035, 4.717607375737255]}]}