{"EntityID": "2", "Param": [{"Param_W": [[-12439.5751953125, 12439.5751953125], [-4974.8115234375, 4974.8115234375], [97199.4375, -97199.4375], [9421.9267578125, -9421.9111328125], [-0.7804840803146362, 0.7804840803146362]]}, {"Param_b": [-580.3229370117188, 580.3229370117188]}, {"Param_m": [2035, 2.5847027552029656]}]}