{"EntityID": "2", "Param": [{"Param_W": [[-12014.0712890625, 12014.0712890625], [-6352.7275390625, 6352.7275390625], [171791.84375, -171791.84375], [-25100.67578125, 25100.64453125], [-0.9434748291969299, 0.9434748291969299]]}, {"Param_b": [-574.5765380859375, 574.5765380859375]}, {"Param_m": [2035, 3.16784822360784]}]}