{"EntityID": "2", "Param": [{"Param_W": [[-3171.14794921875, 3171.14794921875], [3761.6142578125, -3761.6142578125], [-2823.909423828125, 2823.879150390625], [121907.625, -121907.671875], [0.43353644013404846, -0.43353644013404846]]}, {"Param_b": [-112.65314483642578, 112.65314483642578]}, {"Param_m": [2035, 1.9247110909505862]}]}