{"EntityID": "2", "Param": [{"Param_W": [[-3301.1767578125, 3301.1767578125], [2574.37451171875, -2574.37451171875], [-30548.68359375, 30548.68359375], [-8935.5703125, 8935.5703125], [0.21345154941082, -0.21345154941082]]}, {"Param_b": [-114.51805877685547, 114.51805877685547]}, {"Param_m": [2035, 1.3383691919683773]}]}