{"EntityID": "2", "Param": [{"Param_W": [[-3065.863525390625, 3065.863525390625], [2834.674560546875, -2834.674560546875], [-27837.97265625, 27837.97265625], [-2942.240966796875, 2942.240966796875], [0.25615373253822327, -0.25615373253822327]]}, {"Param_b": [-104.0108413696289, 104.0108413696289]}, {"Param_m": [2035, 1.3246800353917931]}]}