{"EntityID": "2", "Param": [{"Param_W": [[-6808.5556640625, 6808.5556640625], [434.2377014160156, -434.2377014160156], [-24666.794921875, 24666.794921875], [1005.281494140625, -1005.3118286132812], [-0.10838411003351212, 0.10838411003351212]]}, {"Param_b": [-277.326904296875, 277.326904296875]}, {"Param_m": [2035, 1.8811958051130575]}]}