{"EntityID": "2", "Param": [{"Param_W": [[-22922.8984375, 22922.8984375], [-17212.552734375, 17212.552734375], [251714.625, -251714.71875], [-73660.796875, 73660.796875], [-2.5005931854248047, 2.5005931854248047]]}, {"Param_b": [-1115.7362060546875, 1115.7362060546875]}, {"Param_m": [2035, 5.35961975044579]}]}