{"EntityID": "2", "Param": [{"Param_W": [[-12647.71875, 12647.71875], [-7163.95166015625, 7163.95166015625], [183203.03125, -183203.03125], [-27233.185546875, 27233.193359375], [-1.0289384126663208, 1.0289384126663208]]}, {"Param_b": [-611.495849609375, 611.495849609375]}, {"Param_m": [2035, 3.326541409393684]}]}