{"EntityID": "2", "Param": [{"Param_W": [[-11745.765625, 11745.765625], [-6036.63134765625, 6036.63134765625], [174579.015625, -174578.984375], [-17141.8203125, 17141.783203125], [-0.8965675830841064, 0.8965675830841064]]}, {"Param_b": [-561.416015625, 561.416015625]}, {"Param_m": [2035, 3.1451486507371067]}]}