{"EntityID": "2", "Param": [{"Param_W": [[-1030.041015625, 1030.041015625], [4244.85546875, -4244.85546875], [9607.44921875, -9607.44921875], [-5720.11865234375, 5720.10400390625], [0.4906305968761444, -0.4906305968761444]]}, {"Param_b": [-13.645737648010254, 13.645737648010254]}, {"Param_m": [2035, 1.3691892729055242]}]}