{"EntityID": "2", "Param": [{"Param_W": [[-1990.7008056640625, 1990.7008056640625], [2755.34716796875, -2755.34716796875], [15373.7421875, -15373.7421875], [-8214.3095703125, 8214.287109375], [0.27747517824172974, -0.27747517824172974]]}, {"Param_b": [-61.981971740722656, 61.981971740722656]}, {"Param_m": [2035, 1.6655129957630115]}]}