{"EntityID": "2", "Param": [{"Param_W": [[-1075.6480712890625, 1075.6480712890625], [4348.6845703125, -4348.6845703125], [7113.88720703125, -7113.88720703125], [14500.1279296875, -14500.134765625], [0.5085169672966003, -0.5085169672966003]]}, {"Param_b": [-15.222578048706055, 15.222578048706055]}, {"Param_m": [2035, 1.3715639623575782]}]}