{"EntityID": "2", "Param": [{"Param_W": [[-4911.98046875, 4911.98046875], [2207.334716796875, -2207.334716796875], [-23876.068359375, 23876.0078125], [19074.505859375, -19074.505859375], [0.17767886817455292, -0.17773810029029846]]}, {"Param_b": [-190.2822265625, 190.2822265625]}, {"Param_m": [2035, 1.6745538653413292]}]}