{"EntityID": "2", "Param": [{"Param_W": [[-5856.62890625, 5856.62890625], [-446.6098327636719, 446.6098327636719], [-66019.7109375, 66019.7109375], [-72248.1015625, 72248.09375], [-0.26118797063827515, 0.26118797063827515]]}, {"Param_b": [-233.26629638671875, 233.26629638671875]}, {"Param_m": [2035, 1.7857240697238133]}]}