{"EntityID": "2", "Param": [{"Param_W": [[-4987.6689453125, 4987.6689453125], [496.3409729003906, -496.3409729003906], [57854.046875, -57854.046875], [-28474.12109375, 28474.10546875], [-0.06047004461288452, 0.06047004461288452]]}, {"Param_b": [-208.55235290527344, 208.55235290527344]}, {"Param_m": [2035, 2.1516708229027457]}]}