{"EntityID": "2", "Param": [{"Param_W": [[-48744.21484375, 48744.21484375], [-44600.15625, 44600.15625], [176855.875, -176855.875], [-108246.171875, 108246.15625], [-6.407093048095703, 6.407093048095703]]}, {"Param_b": [-2369.70361328125, 2369.70361328125]}, {"Param_m": [2035, 15.72554639875889]}]}