{"EntityID": "2", "Param": [{"Param_W": [[-2396.31298828125, 2396.31298828125], [3881.454345703125, -3881.454345703125], [-1049.478515625, 1049.478515625], [23021.435546875, -23021.435546875], [0.42263880372047424, -0.42263880372047424]]}, {"Param_b": [-72.35273742675781, 72.35273742675781]}, {"Param_m": [2035, 1.471401420325924]}]}