{"EntityID": "2", "Param": [{"Param_W": [[-10084.0185546875, 10084.0185546875], [-5106.78125, 5106.78125], [-122907.34375, 122907.34375], [-134151.828125, 134151.84375], [-0.9581037163734436, 0.9581037163734436]]}, {"Param_b": [-433.9950866699219, 433.9950866699219]}, {"Param_m": [2035, 1.896763003617525]}]}