{"EntityID": "2", "Param": [{"Param_W": [[-3252.65869140625, 3252.65869140625], [3030.20263671875, -3030.20263671875], [-45601.11328125, 45601.11328125], [13677.486328125, -13677.5166015625], [0.29394009709358215, -0.29394009709358215]]}, {"Param_b": [-113.28994750976562, 113.28994750976562]}, {"Param_m": [2035, 1.2488139141345784]}]}