{"EntityID": "2", "Param": [{"Param_W": [[-9816.68359375, 9816.68359375], [-3175.75732421875, 3175.75732421875], [101169.078125, -101169.046875], [-41293.5859375, 41293.546875], [-0.5222574472427368, 0.5222574472427368]]}, {"Param_b": [-456.1011962890625, 456.1011962890625]}, {"Param_m": [2035, 1.978750321611801]}]}