{"EntityID": "2", "Param": [{"Param_W": [[-15538.431640625, 15538.431640625], [-10700.44140625, 10700.44140625], [184566.3125, -184566.390625], [-64232.078125, 64232.1484375], [-1.5642848014831543, 1.5642848014831543]]}, {"Param_b": [-751.3646240234375, 751.3646240234375]}, {"Param_m": [2035, 3.871812556366785]}]}