{"EntityID": "2", "Param": [{"Param_W": [[-16125.501953125, 16125.501953125], [-12066.9560546875, 12066.9560546875], [197298.984375, -197298.984375], [-12997.27734375, 12997.26171875], [-1.6585137844085693, 1.6585137844085693]]}, {"Param_b": [-800.1557006835938, 800.1557006835938]}, {"Param_m": [2035, 4.296786579080244]}]}