{"EntityID": "2", "Param": [{"Param_W": [[-21730.3203125, 21730.3203125], [-19478.109375, 19478.109375], [191263.03125, -191263.0], [-76827.8125, 76827.8125], [-2.7537262439727783, 2.7537262439727783]]}, {"Param_b": [-1070.9478759765625, 1070.9478759765625]}, {"Param_m": [2035, 5.414845447913103]}]}