{"EntityID": "2", "Param": [{"Param_W": [[-6903.16650390625, 6903.16650390625], [-2605.18359375, 2605.18359375], [-72261.8828125, 72261.8515625], [-119320.5703125, 119320.5625], [-0.5819575786590576, 0.5819575786590576]]}, {"Param_b": [-285.2110900878906, 285.2110900878906]}, {"Param_m": [2035, 1.8623615577161543]}]}