{"EntityID": "2", "Param": [{"Param_W": [[-4031.37548828125, 4031.37548828125], [2407.2294921875, -2407.2294921875], [-30987.318359375, 30987.255859375], [48297.3671875, -48297.3515625], [0.18401607871055603, -0.18401607871055603]]}, {"Param_b": [-146.38844299316406, 146.38844299316406]}, {"Param_m": [2035, 1.793545285787809]}]}