{"EntityID": "2", "Param": [{"Param_W": [[-42087.3984375, 42087.3984375], [-33981.22265625, 33981.22265625], [-36471.75390625, 36471.78125], [79178.015625, -79178.046875], [-4.957670211791992, 4.957670211791992]]}, {"Param_b": [-2011.7911376953125, 2011.7911376953125]}, {"Param_m": [2035, 12.440390670299527]}]}