{"EntityID": "2", "Param": [{"Param_W": [[-3145.918701171875, 3145.918701171875], [2180.649658203125, -2180.649658203125], [-24156.29296875, 24156.29296875], [2125.793701171875, -2125.785888671875], [0.1684395670890808, -0.1684395670890808]]}, {"Param_b": [-110.9853286743164, 110.9853286743164]}, {"Param_m": [2035, 1.7202965077594852]}]}