{"EntityID": "2", "Param": [{"Param_W": [[-2532.64892578125, 2532.64892578125], [3072.41357421875, -3072.41357421875], [-14609.642578125, 14609.642578125], [9420.0400390625, -9420.0322265625], [0.31478771567344666, -0.31478771567344666]]}, {"Param_b": [-83.0873794555664, 83.0873794555664]}, {"Param_m": [2035, 1.6132278317974846]}]}