{"EntityID": "2", "Param": [{"Param_W": [[-3378.32080078125, 3378.32080078125], [1865.52392578125, -1865.52392578125], [-28955.314453125, 28955.314453125], [-1836.4510498046875, 1836.4129638671875], [0.10471208393573761, -0.10471208393573761]]}, {"Param_b": [-119.38504028320312, 119.38504028320312]}, {"Param_m": [2035, 1.7358495906479652]}]}