{"EntityID": "2", "Param": [{"Param_W": [[-10845.267578125, 10845.267578125], [-4019.73095703125, 4019.73095703125], [102303.578125, -102303.578125], [-36339.18359375, 36339.2265625], [-0.6553388833999634, 0.6553388833999634]]}, {"Param_b": [-504.922607421875, 504.922607421875]}, {"Param_m": [2035, 2.2171525359327915]}]}