{"EntityID": "2", "Param": [{"Param_W": [[-11219.3427734375, 11219.3427734375], [-5210.12451171875, 5210.12451171875], [161264.328125, -161264.328125], [-11295.94921875, 11295.9189453125], [-0.7862290143966675, 0.7862290143966675]]}, {"Param_b": [-533.1845092773438, 533.1845092773438]}, {"Param_m": [2035, 2.9313533637496585]}]}