{"EntityID": "2", "Param": [{"Param_W": [[-9596.896484375, 9596.896484375], [-2944.810791015625, 2944.810791015625], [91487.96875, -91487.96875], [-27943.7109375, 27943.689453125], [-0.49335500597953796, 0.49335500597953796]]}, {"Param_b": [-444.53265380859375, 444.53265380859375]}, {"Param_m": [2035, 1.9378432467263111]}]}