{"EntityID": "2", "Param": [{"Param_W": [[-7365.54443359375, 7365.54443359375], [-1309.0203857421875, 1309.0203857421875], [10637.4892578125, -10637.4892578125], [-22783.57421875, 22783.537109375], [-0.3037124276161194, 0.3037124276161194]]}, {"Param_b": [-323.5404357910156, 323.5404357910156]}, {"Param_m": [2035, 1.6875537184654432]}]}