{"EntityID": "2", "Param": [{"Param_W": [[-3007.156494140625, 3007.156494140625], [3223.790283203125, -3223.790283203125], [-42698.6640625, 42698.6640625], [16005.34375, -16005.359375], [0.3245600759983063, -0.3245600759983063]]}, {"Param_b": [-102.28237915039062, 102.28237915039062]}, {"Param_m": [2035, 1.233272937516358]}]}