{"EntityID": "2", "Param": [{"Param_W": [[-1992.6416015625, 1992.6416015625], [3581.61181640625, -3581.61181640625], [78.05362701416016, -78.08394622802734], [3484.70458984375, -3484.73486328125], [0.3650708496570587, -0.3650708496570587]]}, {"Param_b": [-54.128089904785156, 54.128089904785156]}, {"Param_m": [2035, 1.525388977455441]}]}