{"EntityID": "2", "Param": [{"Param_W": [[-691.384033203125, 691.384033203125], [4007.35888671875, -4007.35888671875], [12822.8388671875, -12822.869140625], [-10072.3359375, 10072.3359375], [0.4653409719467163, -0.4653409719467163]]}, {"Param_b": [-1.2129545211791992, 1.2129545211791992]}, {"Param_m": [2035, 1.3856528908691674]}]}