{"EntityID": "2", "Param": [{"Param_W": [[-1793.717041015625, 1793.717041015625], [3521.206787109375, -3521.206787109375], [918.7220458984375, -918.7220458984375], [674.7589721679688, -674.7362060546875], [0.38384559750556946, -0.38384559750556946]]}, {"Param_b": [-49.791778564453125, 49.791778564453125]}, {"Param_m": [2035, 1.5309411260385553]}]}