{"EntityID": "2", "Param": [{"Param_W": [[-3361.824462890625, 3361.824462890625], [1940.241943359375, -1940.241943359375], [-30297.904296875, 30297.904296875], [-10434.1455078125, 10434.1455078125], [0.13533207774162292, -0.13533207774162292]]}, {"Param_b": [-121.9928970336914, 121.9928970336914]}, {"Param_m": [2035, 1.6863446940779259]}]}