{"EntityID": "2", "Param": [{"Param_W": [[-19883.720703125, 19883.720703125], [-18251.8125, 18251.8125], [218663.65625, -218663.65625], [-88587.921875, 88587.90625], [-2.580726385116577, 2.580726385116577]]}, {"Param_b": [-983.5847778320312, 983.5847778320312]}, {"Param_m": [2035, 5.363365145442367]}]}