{"EntityID": "2", "Param": [{"Param_W": [[-41834.55859375, 41834.55859375], [-33535.03515625, 33535.03515625], [-37443.69140625, 37443.69140625], [96306.4375, -96306.375], [-4.9005022048950195, 4.9005022048950195]]}, {"Param_b": [-1996.9134521484375, 1996.9134521484375]}, {"Param_m": [2035, 12.467961412668226]}]}