{"EntityID": "2", "Param": [{"Param_W": [[-10254.8017578125, 10254.8017578125], [-3596.652587890625, 3596.652587890625], [144936.75, -144936.75], [-4884.87841796875, 4884.923828125], [-0.5718298554420471, 0.5718298554420471]]}, {"Param_b": [-480.36029052734375, 480.36029052734375]}, {"Param_m": [2035, 2.578767873907918]}]}