{"EntityID": "2", "Param": [{"Param_W": [[-56546.60546875, 56546.60546875], [-49625.87890625, 49625.89453125], [80184.296875, -80184.296875], [-67504.40625, 67504.453125], [-7.119161128997803, 7.119161128997803]]}, {"Param_b": [-2746.8291015625, 2746.8291015625]}, {"Param_m": [2035, 16.194536614418034]}]}