{"EntityID": "2", "Param": [{"Param_W": [[-19208.83203125, 19208.83203125], [-15866.171875, 15866.171875], [177303.796875, -177303.796875], [-70616.140625, 70616.125], [-2.2498292922973633, 2.2498292922973633]]}, {"Param_b": [-944.512451171875, 944.512451171875]}, {"Param_m": [2035, 4.777197091444731]}]}