{"EntityID": "2", "Param": [{"Param_W": [[-2861.116943359375, 2861.116943359375], [1777.2208251953125, -1777.2208251953125], [8879.0390625, -8879.0390625], [-13566.2890625, 13566.296875], [0.12816570699214935, -0.12816570699214935]]}, {"Param_b": [-103.25274658203125, 103.25274658203125]}, {"Param_m": [2035, 1.8892960935521805]}]}