{"EntityID": "2", "Param": [{"Param_W": [[-6714.4306640625, 6714.4306640625], [-1319.209228515625, 1319.209228515625], [-114487.765625, 114487.765625], [-80708.9140625, 80708.9140625], [-0.38206881284713745, 0.38206881284713745]]}, {"Param_b": [-274.991943359375, 274.991943359375]}, {"Param_m": [2035, 1.3218556826934136]}]}