{"EntityID": "2", "Param": [{"Param_W": [[-1697.6510009765625, 1697.6510009765625], [3584.037841796875, -3584.037841796875], [3635.07275390625, -3635.04248046875], [12588.8525390625, -12588.822265625], [0.3905973732471466, -0.3905973732471466]]}, {"Param_b": [-44.57607650756836, 44.57607650756836]}, {"Param_m": [2035, 1.5707136921420473]}]}