{"EntityID": "2", "Param": [{"Param_W": [[-3552.5009765625, 3552.5009765625], [1519.1041259765625, -1519.1041259765625], [27735.173828125, -27735.173828125], [-8723.4697265625, 8723.431640625], [0.08996473252773285, -0.08996473252773285]]}, {"Param_b": [-134.7744140625, 134.7744140625]}, {"Param_m": [2035, 1.7256645076510608]}]}