{"EntityID": "2", "Param": [{"Param_W": [[-2838.313232421875, 2838.313232421875], [3290.017578125, -3290.017578125], [-39622.4296875, 39622.4296875], [19737.9609375, -19737.9296875], [0.33415472507476807, -0.33415472507476807]]}, {"Param_b": [-94.26171875, 94.26171875]}, {"Param_m": [2035, 1.2419886242367169]}]}