{"EntityID": "2", "Param": [{"Param_W": [[-2460.35693359375, 2460.35693359375], [2559.576416015625, -2559.576416015625], [-16832.623046875, 16832.623046875], [4908.47802734375, -4908.4931640625], [0.2292649745941162, -0.2292649745941162]]}, {"Param_b": [-80.11563873291016, 80.11563873291016]}, {"Param_m": [2035, 1.6931207819859997]}]}