{"EntityID": "2", "Param": [{"Param_W": [[-3804.310302734375, 3804.310302734375], [1149.153076171875, -1149.153076171875], [-20545.17578125, 20545.17578125], [-8923.8046875, 8923.7587890625], [0.012319068424403667, -0.012319068424403667]]}, {"Param_b": [-142.59796142578125, 142.59796142578125]}, {"Param_m": [2035, 1.848309596357227]}]}