{"EntityID": "2", "Param": [{"Param_W": [[-40262.44921875, 40262.44921875], [-30911.658203125, 30911.658203125], [-41214.34375, 41214.34375], [81821.703125, -81821.6796875], [-4.557477951049805, 4.557477951049805]]}, {"Param_b": [-1913.4205322265625, 1913.4205322265625]}, {"Param_m": [2035, 11.321628689765934]}]}