{"EntityID": "2", "Param": [{"Param_W": [[-1936.845703125, 1936.845703125], [3988.1943359375, -3988.1943359375], [-36722.92578125, 36722.953125], [29211.787109375, -29211.771484375], [0.4772454500198364, -0.4772454500198364]]}, {"Param_b": [-58.84345245361328, 58.84345245361328]}, {"Param_m": [2035, 1.216411792860103]}]}