{"EntityID": "2", "Param": [{"Param_W": [[-7748.83837890625, 7748.83837890625], [466.9874572753906, -466.9874572753906], [132903.71875, -132903.71875], [102141.3046875, -102141.28125], [0.016524136066436768, -0.016524136066436768]]}, {"Param_b": [-352.66650390625, 352.66650390625]}, {"Param_m": [2035, 2.2316386820159777]}]}