{"EntityID": "2", "Param": [{"Param_W": [[-45788.54296875, 45788.54296875], [-36876.60546875, 36876.60546875], [28196.974609375, -28196.974609375], [111858.75, -111858.765625], [-5.30615758895874, 5.30615758895874]]}, {"Param_b": [-2205.969970703125, 2205.969970703125]}, {"Param_m": [2035, 12.762167188525204]}]}