{"EntityID": "2", "Param": [{"Param_W": [[-1945.5789794921875, 1945.5789794921875], [3311.850830078125, -3311.850830078125], [-2331.419921875, 2331.48046875], [-3416.779052734375, 3416.78662109375], [0.3521595299243927, -0.3521595299243927]]}, {"Param_b": [-57.13015365600586, 57.13015365600586]}, {"Param_m": [2035, 1.5414401331947192]}]}