{"EntityID": "2", "Param": [{"Param_W": [[-3713.581298828125, 3713.581298828125], [1810.94091796875, -1810.94091796875], [-35221.83203125, 35221.7734375], [-22823.927734375, 22823.958984375], [0.097368024289608, -0.097368024289608]]}, {"Param_b": [-134.8199005126953, 134.8199005126953]}, {"Param_m": [2035, 1.6494764137797402]}]}