{"EntityID": "2", "Param": [{"Param_W": [[291.10906982421875, -291.10906982421875], [5426.0302734375, -5426.0302734375], [-5757.40966796875, 5757.40966796875], [17192.41015625, -17192.39453125], [0.6666511297225952, -0.6666511297225952]]}, {"Param_b": [49.109493255615234, -49.109493255615234]}, {"Param_m": [2035, 0.9670108407258226]}]}