{"EntityID": "2", "Param": [{"Param_W": [[-2091.618896484375, 2091.618896484375], [2479.76416015625, -2479.76416015625], [5359.83349609375, -5359.83349609375], [-12576.625, 12576.625], [0.22819890081882477, -0.22819890081882477]]}, {"Param_b": [-66.06053924560547, 66.06053924560547]}, {"Param_m": [2035, 1.6624559412303337]}]}