{"EntityID": "2", "Param": [{"Param_W": [[-6857.55908203125, 6857.55908203125], [-2272.34912109375, 2272.34912109375], [-73828.2578125, 73828.2578125], [-130290.3515625, 130290.3203125], [-0.5378339886665344, 0.5378339886665344]]}, {"Param_b": [-281.9664306640625, 281.9664306640625]}, {"Param_m": [2035, 1.8114466446351765]}]}