{"EntityID": "2", "Param": [{"Param_W": [[-2218.251220703125, 2218.251220703125], [2591.841064453125, -2591.841064453125], [-7485.14208984375, 7485.14208984375], [-7365.021484375, 7364.9912109375], [0.2543177008628845, -0.2543177008628845]]}, {"Param_b": [-72.50435638427734, 72.50435638427734]}, {"Param_m": [2035, 1.6502000010162532]}]}