{"EntityID": "2", "Param": [{"Param_W": [[-4911.49560546875, 4911.49560546875], [546.5573120117188, -546.5573120117188], [-55025.80078125, 55025.83203125], [-51754.90234375, 51754.89453125], [-0.10737726837396622, 0.10737726837396622]]}, {"Param_b": [-189.34217834472656, 189.34217834472656]}, {"Param_m": [2035, 1.6831285015780224]}]}