{"EntityID": "2", "Param": [{"Param_W": [[-1522.0152587890625, 1522.0152587890625], [3674.281494140625, -3674.281494140625], [5724.59912109375, -5724.56884765625], [12744.7548828125, -12744.7626953125], [0.4078914523124695, -0.4078914523124695]]}, {"Param_b": [-37.17705535888672, 37.17705535888672]}, {"Param_m": [2035, 1.5598455256187733]}]}