{"EntityID": "2", "Param": [{"Param_W": [[-5355.92138671875, 5355.92138671875], [211.29666137695312, -211.29666137695312], [46432.71484375, -46432.71484375], [-11401.3251953125, 11401.33203125], [-0.06017391383647919, 0.06017391383647919]]}, {"Param_b": [-232.2959442138672, 232.2959442138672]}, {"Param_m": [2035, 1.7712333328578636]}]}