{"EntityID": "2", "Param": [{"Param_W": [[-2174.5849609375, 2174.5849609375], [2559.09130859375, -2559.09130859375], [-8013.232421875, 8013.232421875], [-8150.12841796875, 8150.1220703125], [0.2506456673145294, -0.2506456673145294]]}, {"Param_b": [-70.88202667236328, 70.88202667236328]}, {"Param_m": [2035, 1.6416213161052542]}]}