{"EntityID": "2", "Param": [{"Param_W": [[-1935.39013671875, 1935.39013671875], [2465.451416015625, -2465.451416015625], [-7001.26416015625, 7001.26416015625], [-11540.533203125, 11540.5791015625], [0.230627179145813, -0.230627179145813]]}, {"Param_b": [-59.76832962036133, 59.76832962036133]}, {"Param_m": [2035, 1.625343207431668]}]}