{"EntityID": "2", "Param": [{"Param_W": [[-5011.44287109375, 5011.44287109375], [252.7797088623047, -252.7797088623047], [-58418.46484375, 58418.46484375], [-57770.43359375, 57770.43359375], [-0.14652585983276367, 0.14652585983276367]]}, {"Param_b": [-195.5434112548828, 195.5434112548828]}, {"Param_m": [2035, 1.7079609187605456]}]}