{"EntityID": "2", "Param": [{"Param_W": [[-1616.6256103515625, 1616.6256103515625], [3502.52734375, -3502.52734375], [3394.84716796875, -3394.84716796875], [10056.2490234375, -10056.2568359375], [0.3827795088291168, -0.3827795088291168]]}, {"Param_b": [-41.9985466003418, 41.9985466003418]}, {"Param_m": [2035, 1.565918685757279]}]}