{"EntityID": "2", "Param": [{"Param_W": [[-3495.24951171875, 3495.24951171875], [1796.8707275390625, -1796.8707275390625], [-33210.93359375, 33210.93359375], [-23680.396484375, 23680.396484375], [0.09103080630302429, -0.09103080630302429]]}, {"Param_b": [-124.61590576171875, 124.61590576171875]}, {"Param_m": [2035, 1.648784787728695]}]}