{"EntityID": "2", "Param": [{"Param_W": [[-4572.83837890625, 4572.83837890625], [838.1514892578125, -838.1514892578125], [-50695.03515625, 50695.0078125], [-51360.76953125, 51360.73828125], [-0.06147688999772072, 0.06147688999772072]]}, {"Param_b": [-174.0134735107422, 174.0134735107422]}, {"Param_m": [2035, 1.6534609758027388]}]}