{"EntityID": "2", "Param": [{"Param_W": [[-16679.580078125, 16679.580078125], [-13467.67578125, 13467.67578125], [223877.53125, -223877.5625], [-26421.376953125, 26421.376953125], [-1.8618968725204468, 1.8618968725204468]]}, {"Param_b": [-829.4788818359375, 829.4788818359375]}, {"Param_m": [2035, 4.741765562342815]}]}