{"EntityID": "2", "Param": [{"Param_W": [[-4720.333984375, 4720.333984375], [652.326904296875, -652.326904296875], [-52504.37109375, 52504.33984375], [-48214.36328125, 48214.37890625], [-0.0862334817647934, 0.0862334817647934]]}, {"Param_b": [-181.41249084472656, 181.41249084472656]}, {"Param_m": [2035, 1.6889799513274513]}]}