{"EntityID": "2", "Param": [{"Param_W": [[-1997.0081787109375, 1997.0081787109375], [2752.6787109375, -2752.6787109375], [-5514.0908203125, 5514.060546875], [-5516.15283203125, 5516.1982421875], [0.2791927456855774, -0.2791927456855774]]}, {"Param_b": [-62.361019134521484, 62.361019134521484]}, {"Param_m": [2035, 1.5971446125207502]}]}