{"EntityID": "2", "Param": [{"Param_W": [[-42271.1015625, 42271.1015625], [-35917.16015625, 35917.16015625], [-53419.87890625, 53419.84765625], [-73365.09375, 73365.0859375], [-5.2965922355651855, 5.2965922355651855]]}, {"Param_b": [-2017.1697998046875, 2017.1697998046875]}, {"Param_m": [2035, 12.293512377142903]}]}