{"EntityID": "2", "Param": [{"Param_W": [[-3627.7041015625, 3627.7041015625], [1876.1978759765625, -1876.1978759765625], [33097.43359375, -33097.46484375], [-1270.880615234375, 1270.9185791015625], [0.16417527198791504, -0.16417527198791504]]}, {"Param_b": [-142.37054443359375, 142.37054443359375]}, {"Param_m": [2035, 1.6787542673402869]}]}