{"EntityID": "2", "Param": [{"Param_W": [[-4411.75830078125, 4411.75830078125], [1177.293701171875, -1177.293701171875], [-45644.0234375, 45644.0234375], [-39612.89453125, 39612.88671875], [-0.015221157111227512, 0.015221157111227512]]}, {"Param_b": [-164.7646942138672, 164.7798614501953]}, {"Param_m": [2035, 1.6680322440601798]}]}