{"EntityID": "2", "Param": [{"Param_W": [[-44263.01171875, 44263.01171875], [-36954.4765625, 36954.4765625], [-27624.30859375, 27624.33984375], [9710.7236328125, -9710.7353515625], [-5.349052429199219, 5.349052429199219]]}, {"Param_b": [-2133.071533203125, 2133.071533203125]}, {"Param_m": [2035, 11.827465471625327]}]}