{"EntityID": "2", "Param": [{"Param_W": [[654.5101928710938, -654.5101928710938], [5476.4892578125, -5476.4892578125], [2445.13427734375, -2445.164794921875], [21865.07421875, -21865.08984375], [0.6896901726722717, -0.6896901726722717]]}, {"Param_b": [63.14944076538086, -63.14944076538086]}, {"Param_m": [2035, 1.0777196140565917]}]}