{"EntityID": "2", "Param": [{"Param_W": [[-2933.89404296875, 2933.89404296875], [1614.927490234375, -1614.927490234375], [-19958.52734375, 19958.52734375], [-20832.865234375, 20832.916015625], [0.0900239646434784, -0.0900239646434784]]}, {"Param_b": [-104.11697387695312, 104.11697387695312]}, {"Param_m": [2035, 1.688651138491897]}]}