{"EntityID": "2", "Param": [{"Param_W": [[-4181.296875, 4181.296875], [2719.928955078125, -2719.928955078125], [-28860.28125, 28860.189453125], [85292.09375, -85292.0546875], [0.24170249700546265, -0.24170249700546265]]}, {"Param_b": [-154.4242706298828, 154.4242706298828]}, {"Param_m": [2035, 1.8805451450216424]}]}