{"EntityID": "2", "Param": [{"Param_W": [[-1099.4219970703125, 1099.4219970703125], [3473.901611328125, -3473.901611328125], [5169.9150390625, -5169.9150390625], [-7027.3349609375, 7027.35009765625], [0.39456555247306824, -0.39456555247306824]]}, {"Param_b": [-22.379009246826172, 22.379009246826172]}, {"Param_m": [2035, 1.4765274456961592]}]}