{"EntityID": "2", "Param": [{"Param_W": [[-3086.726318359375, 3086.726318359375], [564.0238647460938, -564.0238647460938], [4449.45068359375, -4449.42041015625], [-17146.923828125, 17146.923828125], [-0.04258370399475098, 0.04258370399475098]]}, {"Param_b": [-118.12660217285156, 118.12660217285156]}, {"Param_m": [2035, 2.057010705987857]}]}