{"EntityID": "2", "Param": [{"Param_W": [[-1136.781005859375, 1136.781005859375], [4012.210693359375, -4012.210693359375], [4114.03857421875, -4114.0078125], [-19799.404296875, 19799.380859375], [0.4416504502296448, -0.4416504502296448]]}, {"Param_b": [-15.631950378417969, 15.631950378417969]}, {"Param_m": [2035, 1.2198126832730152]}]}