{"EntityID": "2", "Param": [{"Param_W": [[-2214.85498046875, 2214.85498046875], [2274.5322265625, -2274.5322265625], [-9267.7001953125, 9267.7001953125], [-13408.8408203125, 13408.86328125], [0.19023483991622925, -0.19023483991622925]]}, {"Param_b": [-70.9275131225586, 70.9275131225586]}, {"Param_m": [2035, 1.673461331497427]}]}