{"EntityID": "2", "Param": [{"Param_W": [[-2596.20751953125, 2596.20751953125], [2824.728271484375, -2824.728271484375], [-52064.28125, 52064.28125], [-1172.510009765625, 1172.494873046875], [0.2848784923553467, -0.2848784923553467]]}, {"Param_b": [-88.72761535644531, 88.72761535644531]}, {"Param_m": [2035, 1.1856539679038758]}]}