{"EntityID": "2", "Param": [{"Param_W": [[-2912.06103515625, 2912.06103515625], [1580.96484375, -1580.96484375], [-23268.986328125, 23268.986328125], [-33642.078125, 33642.109375], [0.07960013300180435, -0.07960013300180435]]}, {"Param_b": [-102.81304931640625, 102.81304931640625]}, {"Param_m": [2035, 1.647814564215571]}]}