{"EntityID": "2", "Param": [{"Param_W": [[88.30308532714844, -88.30308532714844], [4950.31005859375, -4950.31005859375], [4479.0771484375, -4479.0771484375], [3894.23583984375, -3894.26611328125], [0.601857602596283, -0.601857602596283]]}, {"Param_b": [37.81385803222656, -37.81385803222656]}, {"Param_m": [2035, 1.1563724221357028]}]}