{"EntityID": "2", "Param": [{"Param_W": [[-3005.701171875, 3005.701171875], [2767.476806640625, -2767.476806640625], [-53133.65234375, 53133.65234375], [12179.4345703125, -12179.4501953125], [0.2668144702911377, -0.2668144702911377]]}, {"Param_b": [-104.76893615722656, 104.76893615722656]}, {"Param_m": [2035, 1.22471616878896]}]}