{"EntityID": "2", "Param": [{"Param_W": [[377.4714050292969, -377.4714050292969], [5429.6689453125, -5429.6689453125], [-370.9517822265625, 370.9517822265625], [23984.462890625, -23984.447265625], [0.678674042224884, -0.678674042224884]]}, {"Param_b": [51.338294982910156, -51.338294982910156]}, {"Param_m": [2035, 1.1032820591779946]}]}