{"EntityID": "2", "Param": [{"Param_W": [[-3152.22607421875, 3152.22607421875], [2171.673828125, -2171.673828125], [-26161.8203125, 26161.8203125], [-3333.42626953125, 3333.45654296875], [0.1573050320148468, -0.1573050320148468]]}, {"Param_b": [-109.68140411376953, 109.68140411376953]}, {"Param_m": [2035, 1.6850222055089208]}]}