{"EntityID": "2", "Param": [{"Param_W": [[-2140.6220703125, 2140.6220703125], [2242.7529296875, -2242.7529296875], [-10506.1572265625, 10506.1572265625], [-3750.614501953125, 3750.59912109375], [0.20261314511299133, -0.20261314511299133]]}, {"Param_b": [-69.9571533203125, 69.9571533203125]}, {"Param_m": [2035, 1.675559467610549]}]}