{"EntityID": "2", "Param": [{"Param_W": [[-40301.26171875, 40301.26171875], [-32460.23828125, 32460.23828125], [-20138.5625, 20138.5625], [100075.1796875, -100075.171875], [-4.725591659545898, 4.725591659545898]]}, {"Param_b": [-1927.7332763671875, 1927.7332763671875]}, {"Param_m": [2035, 12.080983859300614]}]}