{"EntityID": "2", "Param": [{"Param_W": [[-15463.7138671875, 15463.7138671875], [-13250.314453125, 13250.314453125], [228580.328125, -228580.328125], [-50043.953125, 50044.0], [-1.9178657531738281, 1.9178657531738281]]}, {"Param_b": [-752.5017700195312, 752.5017700195312]}, {"Param_m": [2035, 6.176199315079038]}]}