{"EntityID": "2", "Param": [{"Param_W": [[-2753.8916015625, 2753.8916015625], [2602.02978515625, -2602.02978515625], [-21164.5390625, 21164.509765625], [-6091.01025390625, 6091.025390625], [0.22340157628059387, -0.22340157628059387]]}, {"Param_b": [-91.66902923583984, 91.66902923583984]}, {"Param_m": [2035, 1.6161876725248578]}]}