{"EntityID": "2", "Param": [{"Param_W": [[-22356.205078125, 22356.205078125], [-17644.36328125, 17644.36328125], [251597.453125, -251597.484375], [-102306.7265625, 102306.71875], [-2.559582471847534, 2.559582471847534]]}, {"Param_b": [-1092.0987548828125, 1092.0987548828125]}, {"Param_m": [2035, 5.104422651653179]}]}