{"EntityID": "2", "Param": [{"Param_W": [[-3190.070068359375, 3190.070068359375], [2174.099609375, -2174.099609375], [-27181.9453125, 27181.9453125], [-2224.512939453125, 2224.5205078125], [0.18141013383865356, -0.18141013383865356]]}, {"Param_b": [-115.549072265625, 115.549072265625]}, {"Param_m": [2035, 1.645997326346696]}]}