{"EntityID": "2", "Param": [{"Param_W": [[-15882.42578125, 15882.42578125], [-14550.1162109375, 14550.1162109375], [229418.9375, -229418.9375], [-88425.2734375, 88425.3046875], [-2.1169846057891846, 2.1169846057891846]]}, {"Param_b": [-774.5927124023438, 774.5927124023438]}, {"Param_m": [2035, 6.508423099778655]}]}