{"EntityID": "2", "Param": [{"Param_W": [[-3029.474853515625, 3029.474853515625], [2055.9580078125, -2055.9580078125], [-21382.142578125, 21382.173828125], [-21462.15234375, 21462.16796875], [0.1317785084247589, -0.1317785084247589]]}, {"Param_b": [-103.72276306152344, 103.72276306152344]}, {"Param_m": [2035, 1.6406656163423323]}]}