{"EntityID": "2", "Param": [{"Param_W": [[-3224.51806640625, 3224.51806640625], [898.3140869140625, -898.3140869140625], [3002.244140625, -3002.244140625], [-10615.26953125, 10615.25390625], [0.0056264977902174, -0.0056264977902174]]}, {"Param_b": [-122.73582458496094, 122.73582458496094]}, {"Param_m": [2035, 2.0490334628014044]}]}