{"EntityID": "2", "Param": [{"Param_W": [[-1992.6416015625, 1992.6416015625], [2480.0068359375, -2480.0068359375], [-7620.72021484375, 7620.72021484375], [-9828.4794921875, 9828.4638671875], [0.2359575480222702, -0.2359575480222702]]}, {"Param_b": [-62.75522994995117, 62.75522994995117]}, {"Param_m": [2035, 1.633952588711739]}]}