{"EntityID": "2", "Param": [{"Param_W": [[-330.8939514160156, 330.8939514160156], [4648.04150390625, -4648.04150390625], [-3305.81640625, 3305.81640625], [1992.330810546875, -1992.330810546875], [0.5548911690711975, -0.5548911690711975]]}, {"Param_b": [18.497556686401367, -18.497556686401367]}, {"Param_m": [2035, 1.1064549059227597]}]}