{"EntityID": "2", "Param": [{"Param_W": [[-2351.191162109375, 2351.191162109375], [2035.8228759765625, -2035.8228759765625], [6776.35205078125, -6776.35205078125], [-13982.4462890625, 13982.439453125], [0.1708086133003235, -0.1708086133003235]]}, {"Param_b": [-80.07015228271484, 80.07015228271484]}, {"Param_m": [2035, 1.7458522443435558]}]}