{"EntityID": "2", "Param": [{"Param_W": [[-21385.357421875, 21385.357421875], [-16350.384765625, 16350.384765625], [245345.0, -245345.03125], [-111190.96875, 111190.9609375], [-2.3792386054992676, 2.3792386054992676]]}, {"Param_b": [-1041.7005615234375, 1041.7005615234375]}, {"Param_m": [2035, 5.018905639586591]}]}