{"EntityID": "2", "Param": [{"Param_W": [[-3820.806396484375, 3820.806396484375], [392.0268859863281, -392.0268859863281], [-25130.779296875, 25130.748046875], [-28808.677734375, 28808.669921875], [-0.0853450819849968, 0.0853450819849968]]}, {"Param_b": [-147.95013427734375, 147.95013427734375]}, {"Param_m": [2035, 1.8555387394875127]}]}