{"EntityID": "2", "Param": [{"Param_W": [[-40109.85546875, 40109.85546875], [-33358.796875, 33358.796875], [-3820.503173828125, 3820.503173828125], [11323.8173828125, -11323.7783203125], [-4.890803813934326, 4.890803813934326]]}, {"Param_b": [-1917.4232177734375, 1917.4232177734375]}, {"Param_m": [2035, 12.539380404353142]}]}