{"EntityID": "2", "Param": [{"Param_W": [[-2954.271728515625, 2954.271728515625], [2404.56103515625, -2404.56103515625], [-57851.83203125, 57851.83203125], [-5499.75537109375, 5499.748046875], [0.21552447974681854, -0.21552447974681854]]}, {"Param_b": [-104.67797088623047, 104.67797088623047]}, {"Param_m": [2035, 1.1788233593301842]}]}