{"EntityID": "2", "Param": [{"Param_W": [[-14812.599609375, 14812.599609375], [-12192.375, 12192.375], [228351.578125, -228351.578125], [-22321.720703125, 22321.720703125], [-1.7607976198196411, 1.7607976198196411]]}, {"Param_b": [-721.4046630859375, 721.4046630859375]}, {"Param_m": [2035, 5.977257375445134]}]}