{"EntityID": "2", "Param": [{"Param_W": [[-2304.12841796875, 2304.12841796875], [2472.9716796875, -2472.9716796875], [-15802.521484375, 15802.521484375], [-926.158935546875, 926.1892700195312], [0.24270933866500854, -0.24270933866500854]]}, {"Param_b": [-77.64424896240234, 77.64424896240234]}, {"Param_m": [2035, 1.6384490562337575]}]}