{"EntityID": "2", "Param": [{"Param_W": [[-12817.5322265625, 12817.5322265625], [-7578.53955078125, 7578.53955078125], [169478.9375, -169478.96875], [-3279.616455078125, 3279.60888671875], [-1.151477575302124, 1.151477575302124]]}, {"Param_b": [-605.9769287109375, 605.9769287109375]}, {"Param_m": [2035, 4.42167947110052]}]}