{"EntityID": "2", "Param": [{"Param_W": [[-879.1493530273438, 879.1493530273438], [4242.4296875, -4242.4296875], [-5125.82421875, 5125.8544921875], [3027.132568359375, -3027.132568359375], [0.4932365417480469, -0.4932365417480469]]}, {"Param_b": [-7.065459728240967, 7.065459728240967]}, {"Param_m": [2035, 1.18502389755819]}]}