{"EntityID": "2", "Param": [{"Param_W": [[-1177.051025390625, 1177.051025390625], [4135.20458984375, -4135.20458984375], [3786.722412109375, -3786.722412109375], [554.5400390625, -554.5476684570312], [0.4680061638355255, -0.4680061638355255]]}, {"Param_b": [-18.876604080200195, 18.876604080200195]}, {"Param_m": [2035, 1.31145857232456]}]}