{"EntityID": "2", "Param": [{"Param_W": [[-2004.285888671875, 2004.285888671875], [2404.075927734375, -2404.075927734375], [-8103.47607421875, 8103.47607421875], [-10335.5322265625, 10335.546875], [0.22630365192890167, -0.22630365192890167]]}, {"Param_b": [-63.695274353027344, 63.695274353027344]}, {"Param_m": [2035, 1.6308069564975725]}]}