{"EntityID": "2", "Param": [{"Param_W": [[-53962.40234375, 53962.40234375], [-48629.52734375, 48629.52734375], [209009.21875, -209009.21875], [-18210.892578125, 18210.962890625], [-6.933903217315674, 6.933903217315674]]}, {"Param_b": [-2632.3310546875, 2632.3310546875]}, {"Param_m": [2035, 16.283580553531642]}]}