{"EntityID": "2", "Param": [{"Param_W": [[-15339.9921875, 15339.9921875], [-13467.4326171875, 13467.4326171875], [230601.984375, -230602.046875], [-53132.39453125, 53132.38671875], [-1.9458798170089722, 1.9458798170089722]]}, {"Param_b": [-748.4383544921875, 748.4383544921875]}, {"Param_m": [2035, 6.215650950569621]}]}