{"EntityID": "2", "Param": [{"Param_W": [[-1134.3551025390625, 1134.3551025390625], [3832.693359375, -3832.693359375], [5064.90380859375, -5064.90380859375], [-2259.3779296875, 2259.39306640625], [0.4427165389060974, -0.4427165389060974]]}, {"Param_b": [-22.030284881591797, 22.030284881591797]}, {"Param_m": [2035, 1.418114182918945]}]}