{"EntityID": "2", "Param": [{"Param_W": [[-2620.951904296875, 2620.951904296875], [1618.0811767578125, -1618.0811767578125], [-15545.9521484375, 15545.9521484375], [-12381.5126953125, 12381.5205078125], [0.08652961254119873, -0.08652961254119873]]}, {"Param_b": [-89.65249633789062, 89.65249633789062]}, {"Param_m": [2035, 1.7364493907654777]}]}