{"EntityID": "2", "Param": [{"Param_W": [[-10611.8955078125, 10611.8955078125], [-4695.58935546875, 4695.58935546875], [108963.28125, -108963.25], [-38357.20703125, 38357.19140625], [-0.7897825837135315, 0.7897825837135315]]}, {"Param_b": [-486.1824645996094, 486.1824645996094]}, {"Param_m": [2035, 3.4564909554680594]}]}