{"EntityID": "2", "Param": [{"Param_W": [[-3339.02099609375, 3339.02099609375], [2198.843994140625, -2198.843994140625], [-29224.955078125, 29224.955078125], [-11751.6328125, 11751.6328125], [0.16074015200138092, -0.16074015200138092]]}, {"Param_b": [-118.08111572265625, 118.08111572265625]}, {"Param_m": [2035, 1.6327218284191898]}]}