{"EntityID": "2", "Param": [{"Param_W": [[-14717.50390625, 14717.50390625], [-11103.142578125, 11103.142578125], [225868.53125, -225868.53125], [-15176.28125, 15176.2744140625], [-1.6192468404769897, 1.6192468404769897]]}, {"Param_b": [-711.5342407226562, 711.5342407226562]}, {"Param_m": [2035, 5.6710491836287265]}]}