{"EntityID": "2", "Param": [{"Param_W": [[-3116.8076171875, 3116.8076171875], [2195.932861328125, -2195.932861328125], [-28031.408203125, 28031.408203125], [-15186.66015625, 15186.63671875], [0.1612139642238617, -0.1612139642238617]]}, {"Param_b": [-108.66555786132812, 108.66555786132812]}, {"Param_m": [2035, 1.610574439868179]}]}