{"EntityID": "2", "Param": [{"Param_W": [[-2384.668701171875, 2384.668701171875], [1825.739013671875, -1825.739013671875], [-2576.648681640625, 2576.648681640625], [-14546.265625, 14546.234375], [0.14001096785068512, -0.14001096785068512]]}, {"Param_b": [-81.93507385253906, 81.93507385253906]}, {"Param_m": [2035, 1.7347783484943589]}]}