{"EntityID": "2", "Param": [{"Param_W": [[-15486.0322265625, 15486.0322265625], [-13281.123046875, 13281.123046875], [228979.90625, -228979.96875], [-50803.76171875, 50803.75], [-1.916562795639038, 1.916562795639038]]}, {"Param_b": [-754.36669921875, 754.36669921875]}, {"Param_m": [2035, 6.164863863589008]}]}