{"EntityID": "2", "Param": [{"Param_W": [[-10468.7666015625, 10468.7666015625], [-5250.63720703125, 5250.63720703125], [117398.5234375, -117398.5546875], [-48438.98828125, 48439.01171875], [-0.8581297397613525, 0.8581297397613525]]}, {"Param_b": [-483.81719970703125, 483.81719970703125]}, {"Param_m": [2035, 3.4953628578743703]}]}