{"EntityID": "2", "Param": [{"Param_W": [[-2122.67041015625, 2122.67041015625], [2713.62158203125, -2713.62158203125], [-14264.1328125, 14264.1015625], [1953.895263671875, -1953.91796875], [0.2857668697834015, -0.2857668697834015]]}, {"Param_b": [-70.23006439208984, 70.23006439208984]}, {"Param_m": [2035, 1.5787050283553794]}]}