{"EntityID": "2", "Param": [{"Param_W": [[-7495.087890625, 7495.087890625], [-2139.894287109375, 2139.894287109375], [75851.625, -75851.625], [-43377.28515625, 43377.265625], [-0.3653077483177185, 0.3653077483177185]]}, {"Param_b": [-347.3598327636719, 347.3598327636719]}, {"Param_m": [2035, 1.9184059907808064]}]}