{"EntityID": "2", "Param": [{"Param_W": [[-3059.071044921875, 3059.071044921875], [2397.040771484375, -2397.040771484375], [-26488.712890625, 26488.712890625], [-17017.849609375, 17017.865234375], [0.18881341814994812, -0.18881341814994812]]}, {"Param_b": [-105.2844467163086, 105.2844467163086]}, {"Param_m": [2035, 1.5772466767241833]}]}