{"EntityID": "2", "Param": [{"Param_W": [[-3321.0693359375, 3321.0693359375], [1612.259033203125, -1612.259033203125], [-32453.83984375, 32453.83984375], [-9278.0966796875, 9278.1279296875], [0.10672577470541, -0.10672577470541]]}, {"Param_b": [-124.358154296875, 124.358154296875]}, {"Param_m": [2035, 1.653384557723979]}]}