{"EntityID": "2", "Param": [{"Param_W": [[-6035.17626953125, 6035.17626953125], [270.24627685546875, -270.24627685546875], [-5678.294921875, 5678.294921875], [16542.052734375, -16542.060546875], [-0.060233138501644135, 0.060233138501644135]]}, {"Param_b": [-256.8279724121094, 256.8279724121094]}, {"Param_m": [2035, 1.759097810137982]}]}