{"EntityID": "2", "Param": [{"Param_W": [[-5692.15234375, 5692.15234375], [-573.9700927734375, 573.9700927734375], [66678.3828125, -66678.4140625], [-25580.994140625, 25580.998046875], [-0.18087708950042725, 0.18087708950042725]]}, {"Param_b": [-251.71836853027344, 251.71836853027344]}, {"Param_m": [2035, 2.3435991531075877]}]}