{"EntityID": "2", "Param": [{"Param_W": [[-15172.6044921875, 15172.6044921875], [-10485.2626953125, 10485.2626953125], [203596.734375, -203596.734375], [-43111.66015625, 43111.69921875], [-1.5562891960144043, 1.5562891960144043]]}, {"Param_b": [-728.106201171875, 728.106201171875]}, {"Param_m": [2035, 4.725427414704279]}]}