{"EntityID": "2", "Param": [{"Param_W": [[-49351.71875, 49351.71875], [-43161.04296875, 43161.04296875], [162906.96875, -162906.96875], [23149.69140625, -23149.568359375], [-6.162436485290527, 6.162436485290527]]}, {"Param_b": [-2400.831298828125, 2400.831298828125]}, {"Param_m": [2035, 14.487155818939208]}]}