{"EntityID": "2", "Param": [{"Param_W": [[-4649.4970703125, 4649.4970703125], [653.5398559570312, -653.5398559570312], [33659.2734375, -33659.2421875], [-683.9546508789062, 683.9698486328125], [-0.010542280040681362, 0.010542280040681362]]}, {"Param_b": [-193.4662322998047, 193.4662322998047]}, {"Param_m": [2035, 1.9041905981926748]}]}