{"EntityID": "2", "Param": [{"Param_W": [[-3302.63232421875, 3302.63232421875], [2355.072509765625, -2355.072509765625], [-59517.55078125, 59517.55078125], [-758.4224853515625, 758.4149169921875], [0.20166552066802979, -0.20166552066802979]]}, {"Param_b": [-118.74823760986328, 118.74823760986328]}, {"Param_m": [2035, 1.2006779546402233]}]}