{"EntityID": "2", "Param": [{"Param_W": [[-1964.015869140625, 1964.015869140625], [2952.816162109375, -2952.816162109375], [-3465.0166015625, 3465.0166015625], [-1384.1099853515625, 1384.102294921875], [0.3015802800655365, -0.3015802800655365]]}, {"Param_b": [-59.040557861328125, 59.040557861328125]}, {"Param_m": [2035, 1.61904832582957]}]}