{"EntityID": "2", "Param": [{"Param_W": [[-14756.8037109375, 14756.8037109375], [-11320.74609375, 11320.74609375], [217660.21875, -217660.171875], [-28403.15625, 28403.224609375], [-1.6828558444976807, 1.6828558444976807]]}, {"Param_b": [-709.305419921875, 709.305419921875]}, {"Param_m": [2035, 5.423161093606945]}]}