{"EntityID": "2", "Param": [{"Param_W": [[-37330.375, 37330.375], [-26218.1328125, 26218.1328125], [-58624.515625, 58624.515625], [54288.4609375, -54288.43359375], [-3.93210768699646, 3.93210768699646]]}, {"Param_b": [-1761.0885009765625, 1761.0885009765625]}, {"Param_m": [2035, 7.181430923938751]}]}