{"EntityID": "2", "Param": [{"Param_W": [[-10089.8408203125, 10089.8408203125], [-3669.67236328125, 3669.67236328125], [24679.498046875, -24679.529296875], [-32723.681640625, 32723.662109375], [-0.628390908241272, 0.628390908241272]]}, {"Param_b": [-460.589111328125, 460.589111328125]}, {"Param_m": [2035, 2.0106306692649367]}]}