{"EntityID": "2", "Param": [{"Param_W": [[-3307.484130859375, 3307.484130859375], [2267.011962890625, -2267.011962890625], [-60449.94921875, 60449.98046875], [-3440.37109375, 3440.36328125], [0.18845805525779724, -0.18845805525779724]]}, {"Param_b": [-119.26374816894531, 119.26374816894531]}, {"Param_m": [2035, 1.1922225117869676]}]}