{"EntityID": "2", "Param": [{"Param_W": [[-1844.6611328125, 1844.6611328125], [3258.480712890625, -3258.480712890625], [-1357.1444091796875, 1357.1444091796875], [-2596.18505859375, 2596.192626953125], [0.34641456604003906, -0.34641456604003906]]}, {"Param_b": [-53.036434173583984, 53.036434173583984]}, {"Param_m": [2035, 1.5403642591029025]}]}