{"EntityID": "2", "Param": [{"Param_W": [[-15100.7978515625, 15100.7978515625], [-11982.5341796875, 11982.5341796875], [228274.390625, -228274.359375], [-20198.23046875, 20198.20703125], [-1.726979374885559, 1.726979374885559]]}, {"Param_b": [-734.4742431640625, 734.4742431640625]}, {"Param_m": [2035, 5.8503150738916005]}]}