{"EntityID": "2", "Param": [{"Param_W": [[-4047.386474609375, 4047.386474609375], [1924.716064453125, -1924.716064453125], [-28842.72265625, 28842.72265625], [-6676.0029296875, 6676.017578125], [0.14084012806415558, -0.14084012806415558]]}, {"Param_b": [-153.3780975341797, 153.3780975341797]}, {"Param_m": [2035, 1.40380162677162]}]}