{"EntityID": "2", "Param": [{"Param_W": [[-15304.0888671875, 15304.0888671875], [-12481.30078125, 12481.30078125], [226619.109375, -226619.109375], [-42559.234375, 42559.1640625], [-1.8119691610336304, 1.8119691610336304]]}, {"Param_b": [-742.7222900390625, 742.7222900390625]}, {"Param_m": [2035, 5.925275750454198]}]}