{"EntityID": "2", "Param": [{"Param_W": [[-17421.423828125, 17421.423828125], [-13695.46875, 13695.46875], [208602.9375, -208602.90625], [-87309.7265625, 87309.703125], [-2.0362000465393066, 2.0362000465393066]]}, {"Param_b": [-839.2431640625, 839.2431640625]}, {"Param_m": [2035, 5.235147982336581]}]}