{"EntityID": "2", "Param": [{"Param_W": [[-14821.3330078125, 14821.3330078125], [-10838.232421875, 10838.232421875], [226084.3125, -226084.390625], [-15268.51953125, 15268.52734375], [-1.5856062173843384, 1.5856062173843384]]}, {"Param_b": [-714.9456787109375, 714.9456787109375]}, {"Param_m": [2035, 5.359012922687025]}]}