{"EntityID": "2", "Param": [{"Param_W": [[-45965.2734375, 45965.2734375], [-40135.0859375, 40135.0859375], [151765.828125, -151765.828125], [24861.380859375, -24861.380859375], [-5.750443458557129, 5.750443458557129]]}, {"Param_b": [-2230.767333984375, 2230.767333984375]}, {"Param_m": [2035, 13.725388646125795]}]}