{"EntityID": "2", "Param": [{"Param_W": [[-15076.0537109375, 15076.0537109375], [-11967.978515625, 11967.978515625], [228492.90625, -228492.90625], [-18421.140625, 18421.1015625], [-1.7270978689193726, 1.7270978689193726]]}, {"Param_b": [-732.5638427734375, 732.5638427734375]}, {"Param_m": [2035, 5.905451860089383]}]}