{"EntityID": "2", "Param": [{"Param_W": [[-3122.144775390625, 3122.144775390625], [2445.558837890625, -2445.558837890625], [-56769.94140625, 56769.91015625], [1488.810546875, -1488.79541015625], [0.21576137840747833, -0.21576137840747833]]}, {"Param_b": [-110.4091796875, 110.4091796875]}, {"Param_m": [2035, 1.1983603074419706]}]}