{"EntityID": "2", "Param": [{"Param_W": [[-3245.865966796875, 3245.865966796875], [2181.6201171875, -2181.6201171875], [-30062.10546875, 30062.076171875], [-21063.326171875, 21063.333984375], [0.1571865677833557, -0.1571865677833557]]}, {"Param_b": [-114.26030731201172, 114.26030731201172]}, {"Param_m": [2035, 1.5832796436237855]}]}