{"EntityID": "2", "Param": [{"Param_W": [[-15052.279296875, 15052.279296875], [-11302.06640625, 11302.06640625], [221340.625, -221340.625], [-51014.87890625, 51014.84765625], [-1.6733204126358032, 1.6733204126358032]]}, {"Param_b": [-722.7085571289062, 722.7085571289062]}, {"Param_m": [2035, 5.434023830940047]}]}