{"EntityID": "2", "Param": [{"Param_W": [[-6218.57470703125, 6218.57470703125], [310.03118896484375, -310.03118896484375], [69633.234375, -69633.265625], [82633.6875, -82633.6953125], [-0.057390276342630386, 0.057390276342630386]]}, {"Param_b": [-270.6708068847656, 270.6708068847656]}, {"Param_m": [2035, 2.695076645351947]}]}