{"EntityID": "2", "Param": [{"Param_W": [[-14632.59765625, 14632.59765625], [-11541.9892578125, 11541.9892578125], [224003.0, -224002.96875], [-49885.44140625, 49885.43359375], [-1.7112843990325928, 1.7112843990325928]]}, {"Param_b": [-704.8175048828125, 704.8175048828125]}, {"Param_m": [2035, 5.479756607427578]}]}