{"EntityID": "2", "Param": [{"Param_W": [[-2882.949951171875, 2882.949951171875], [1986.091552734375, -1986.091552734375], [-20860.51171875, 20860.48046875], [-24240.265625, 24240.2734375], [0.14208388328552246, -0.14208388328552246]]}, {"Param_b": [-100.7055435180664, 100.7055435180664]}, {"Param_m": [2035, 1.5750295870294]}]}