{"EntityID": "2", "Param": [{"Param_W": [[-3315.2470703125, 3315.2470703125], [2388.550048828125, -2388.550048828125], [-59633.5703125, 59633.5703125], [866.7317504882812, -866.7166137695312], [0.20752891898155212, -0.20752891898155212]]}, {"Param_b": [-119.2940673828125, 119.2940673828125]}, {"Param_m": [2035, 1.2051019537037149]}]}