{"EntityID": "2", "Param": [{"Param_W": [[-52758.1640625, 52758.1640625], [-44097.03515625, 44097.03515625], [-72580.53125, 72580.5], [-21187.94921875, 21187.94140625], [-6.426929950714111, 6.426931858062744]]}, {"Param_b": [-2532.239501953125, 2532.239501953125]}, {"Param_m": [2035, 13.154206758737562]}]}