{"EntityID": "2", "Param": [{"Param_W": [[-40837.38671875, 40837.38671875], [-34451.7890625, 34451.7890625], [49646.40625, -49646.40625], [29331.580078125, -29331.55859375], [-4.990451812744141, 4.990451812744141]]}, {"Param_b": [-1967.0406494140625, 1967.0406494140625]}, {"Param_m": [2035, 10.030506277084351]}]}