{"EntityID": "2", "Param": [{"Param_W": [[-26004.529296875, 26004.529296875], [-14493.8349609375, 14493.8349609375], [-225687.40625, 225687.4375], [108118.84375, -108118.84375], [-2.3784096240997314, 2.3784096240997314]]}, {"Param_b": [-1171.9263916015625, 1171.9263916015625]}, {"Param_m": [2035, 4.434275537729263]}]}