{"EntityID": "2", "Param": [{"Param_W": [[-37177.17578125, 37177.17578125], [-27256.6640625, 27256.6640625], [-38281.0859375, 38281.1484375], [42349.23828125, -42349.24609375], [-4.08323860168457, 4.08323860168457]]}, {"Param_b": [-1751.08935546875, 1751.08935546875]}, {"Param_m": [2035, 7.149256336688998]}]}