{"EntityID": "2", "Param": [{"Param_W": [[-38853.234375, 38853.234375], [-30589.255859375, 30589.255859375], [37361.2421875, -37361.26953125], [57778.75390625, -57778.81640625], [-4.491455554962158, 4.491455554962158]]}, {"Param_b": [-1851.127685546875, 1851.127685546875]}, {"Param_m": [2035, 8.925817996263504]}]}