{"EntityID": "2", "Param": [{"Param_W": [[-37845.7578125, 37845.7578125], [-32133.46875, 32133.46875], [-2269.589599609375, 2269.559326171875], [-40323.359375, 40323.328125], [-4.698214530944824, 4.698214530944824]]}, {"Param_b": [-1813.359375, 1813.359375]}, {"Param_m": [2035, 11.866751712560657]}]}