{"EntityID": "2", "Param": [{"Param_W": [[-37519.46875, 37519.46875], [-32205.396484375, 32205.396484375], [-1297.163818359375, 1297.1334228515625], [-58851.26171875, 58851.2265625], [-4.711881160736084, 4.711881160736084]]}, {"Param_b": [-1798.3717041015625, 1798.3717041015625]}, {"Param_m": [2035, 11.822129753232002]}]}