{"EntityID": "2", "Param": [{"Param_W": [[-66207.296875, 66207.296875], [-57278.1328125, 57278.1328125], [440712.3125, -440712.25], [-41733.44921875, 41733.40625], [-8.06636905670166, 8.06636905670166]]}, {"Param_b": [-3258.8828125, 3258.8828125]}, {"Param_m": [2035, 16.627127891778944]}]}