{"EntityID": "2", "Param": [{"Param_W": [[-37001.0546875, 37001.0546875], [-32384.55078125, 32384.55078125], [109900.5546875, -109900.6796875], [66614.734375, -66614.71875], [-4.694054126739502, 4.694054126739502]]}, {"Param_b": [-1778.9873046875, 1778.9873046875]}, {"Param_m": [2035, 11.110151278972626]}]}