{"EntityID": "2", "Param": [{"Param_W": [[-38519.5546875, 38519.5546875], [-31373.673828125, 31373.673828125], [79397.4453125, -79397.4453125], [149405.484375, -149405.515625], [-4.438684940338135, 4.438684940338135]]}, {"Param_b": [-1872.1724853515625, 1872.1724853515625]}, {"Param_m": [2035, 10.388234663009642]}]}