{"EntityID": "2", "Param": [{"Param_W": [[-40004.9375, 40004.9375], [-32508.876953125, 32508.876953125], [94745.453125, -94745.453125], [72061.6328125, -72061.6015625], [-4.710622787475586, 4.710622787475586]]}, {"Param_b": [-1925.6031494140625, 1925.6031494140625]}, {"Param_m": [2035, 9.534954273700714]}]}