{"EntityID": "2", "Param": [{"Param_W": [[-50860.1328125, 50860.1328125], [-42292.6875, 42292.6875], [-42241.74609375, 42241.74609375], [810.4658203125, -810.4658203125], [-6.145179748535156, 6.145179748535156]]}, {"Param_b": [-2443.671142578125, 2443.671142578125]}, {"Param_m": [2035, 14.529087519645694]}]}