{"EntityID": "2", "Param": [{"Param_W": [[-42411.4375, 42411.4375], [-35521.4921875, 35521.4921875], [-2949.11669921875, 2949.11669921875], [-33509.3828125, 33509.3671875], [-5.174986362457275, 5.174986362457275]]}, {"Param_b": [-2039.24951171875, 2039.24951171875]}, {"Param_m": [2035, 9.704910957813265]}]}