{"EntityID": "2", "Param": [{"Param_W": [[-37802.2109375, 37802.2109375], [-31002.388671875, 31002.388671875], [145949.890625, -145949.890625], [161397.96875, -161397.984375], [-4.381531238555908, 4.381531238555908]]}, {"Param_b": [-1838.2021484375, 1838.2021484375]}, {"Param_m": [2035, 10.313524651527405]}]}