{"EntityID": "2", "Param": [{"Param_W": [[-48067.9296875, 48067.9296875], [-42136.9453125, 42136.9453125], [99208.1796875, -99208.1796875], [-31448.580078125, 31448.572265625], [-6.08781099319458, 6.08781099319458]]}, {"Param_b": [-2322.06494140625, 2322.06494140625]}, {"Param_m": [2035, 11.551804587244987]}]}