{"EntityID": "2", "Param": [{"Param_W": [[-44286.90625, 44286.90625], [-36694.421875, 36694.421875], [152064.921875, -152064.796875], [-16179.830078125, 16179.916015625], [-5.284702777862549, 5.284702777862549]]}, {"Param_b": [-2144.162353515625, 2144.162353515625]}, {"Param_m": [2035, 11.768203794956205]}]}