{"EntityID": "2", "Param": [{"Param_W": [[-38032.671875, 38032.671875], [-31707.236328125, 31707.236328125], [96692.7578125, -96692.8203125], [39198.4375, -39198.4453125], [-4.588290214538574, 4.588290214538574]]}, {"Param_b": [-1832.903076171875, 1832.903076171875]}, {"Param_m": [2035, 9.168284875154495]}]}