{"EntityID": "2", "Param": [{"Param_W": [[-36717.58984375, 36717.58984375], [-28973.841796875, 28973.841796875], [76904.53125, -76904.53125], [61146.94921875, -61146.9609375], [-4.203467845916748, 4.203467845916748]]}, {"Param_b": [-1764.03759765625, 1764.03759765625]}, {"Param_m": [2035, 8.313347512483597]}]}