{"EntityID": "2", "Param": [{"Param_W": [[-49963.29296875, 49963.29296875], [-44954.515625, 44954.515625], [205748.25, -205748.25], [-39473.28125, 39473.296875], [-6.389687538146973, 6.389687538146973]]}, {"Param_b": [-2442.526611328125, 2442.526611328125]}, {"Param_m": [2035, 13.833899706602097]}]}