{"EntityID": "2", "Param": [{"Param_W": [[-40765.4609375, 40765.4609375], [-33838.03515625, 33838.03515625], [39742.390625, -39742.390625], [-13664.599609375, 13664.65234375], [-4.921971321105957, 4.921971321105957]]}, {"Param_b": [-1959.9600830078125, 1959.9600830078125]}, {"Param_m": [2035, 9.123839592933656]}]}