{"EntityID": "2", "Param": [{"Param_W": [[-48769.015625, 48769.015625], [-43333.5234375, 43333.5234375], [177565.703125, -177565.703125], [-74761.0, 74760.9296875], [-6.1965508460998535, 6.1965508460998535]]}, {"Param_b": [-2377.89111328125, 2377.89111328125]}, {"Param_m": [2035, 12.848308113217353]}]}