{"EntityID": "2", "Param": [{"Param_W": [[-46931.390625, 46931.390625], [-41117.9453125, 41117.9453125], [179472.265625, -179472.234375], [-5322.56201171875, 5322.49169921875], [-5.856088638305664, 5.856088638305664]]}, {"Param_b": [-2287.30615234375, 2287.30615234375]}, {"Param_m": [2035, 12.630813637375834]}]}