{"EntityID": "2", "Param": [{"Param_W": [[-50324.0859375, 50324.0859375], [-40650.92578125, 40650.92578125], [-27231.404296875, 27231.404296875], [123845.75, -123845.734375], [-5.863458633422852, 5.863458633422852]]}, {"Param_b": [-2420.986083984375, 2420.986083984375]}, {"Param_m": [2035, 14.177382946014404]}]}