{"EntityID": "2", "Param": [{"Param_W": [[-22132.05078125, 22132.05078125], [-13067.158203125, 13067.158203125], [-282199.21875, 282199.21875], [-44185.57421875, 44185.57421875], [-2.19836163520813, 2.19836163520813]]}, {"Param_b": [-987.2766723632812, 987.2766723632812]}, {"Param_m": [2035, 3.4671149030327792]}]}