{"EntityID": "2", "Param": [{"Param_W": [[-50313.8359375, 50313.8359375], [-45979.70703125, 45979.70703125], [160344.578125, -160344.578125], [-140040.125, 140040.0625], [-6.58243989944458, 6.58243989944458]]}, {"Param_b": [-2454.02685546875, 2454.02685546875]}, {"Param_m": [2035, 13.008976545929906]}]}