{"EntityID": "2", "Param": [{"Param_W": [[-43960.13671875, 43960.13671875], [-35445.19921875, 35445.19921875], [150431.703125, -150431.703125], [94345.0703125, -94345.046875], [-5.074982166290283, 5.074982166290283]]}, {"Param_b": [-2127.901123046875, 2127.901123046875]}, {"Param_m": [2035, 9.119636273384094]}]}