{"EntityID": "2", "Param": [{"Param_W": [[-33174.546875, 33174.546875], [-22993.005859375, 22993.005859375], [-50368.5390625, 50368.5390625], [-50934.76171875, 50934.80078125], [-3.488162040710449, 3.488162040710449]]}, {"Param_b": [-1559.0179443359375, 1559.0255126953125]}, {"Param_m": [2035, 5.652151373028755]}]}