{"EntityID": "2", "Param": [{"Param_W": [[-32113.697265625, 32113.697265625], [-20142.080078125, 20142.080078125], [-119487.5703125, 119487.4453125], [23947.140625, -23947.13671875], [-3.068188428878784, 3.068188428878784]]}, {"Param_b": [-1501.834716796875, 1501.834716796875]}, {"Param_m": [2035, 5.439643150568009]}]}