{"EntityID": "2", "Param": [{"Param_W": [[-33972.4296875, 33972.4296875], [-28731.736328125, 28731.736328125], [9086.0, -9086.0595703125], [-165275.09375, 165275.046875], [-4.3409318923950195, 4.3409318923950195]]}, {"Param_b": [-1603.283203125, 1603.283203125]}, {"Param_m": [2035, 8.470138266682625]}]}