{"EntityID": "2", "Param": [{"Param_W": [[-32936.80859375, 32936.80859375], [-21585.251953125, 21585.251953125], [-121061.1640625, 121061.21875], [-55273.08984375, 55273.10546875], [-3.3045012950897217, 3.3045012950897217]]}, {"Param_b": [-1540.891845703125, 1540.891845703125]}, {"Param_m": [2035, 5.624483907222747]}]}