{"EntityID": "2", "Param": [{"Param_W": [[-28255.044921875, 28255.044921875], [-27220.638671875, 27220.638671875], [120680.78125, -120680.8046875], [-105620.359375, 105620.359375], [-3.967806100845337, 3.967806100845337]]}, {"Param_b": [-1365.346923828125, 1365.346923828125]}, {"Param_m": [2035, 9.717197368852794]}]}