{"EntityID": "2", "Param": [{"Param_W": [[-36084.42578125, 36084.42578125], [-34526.9921875, 34526.9921875], [134148.21875, -134148.15625], [-107457.0234375, 107456.984375], [-5.018125057220459, 5.018125057220459]]}, {"Param_b": [-1743.65234375, 1743.65234375]}, {"Param_m": [2035, 10.242116793990133]}]}