{"EntityID": "2", "Param": [{"Param_W": [[-26790.28125, 26790.28125], [-16821.49609375, 16821.49609375], [-46338.1953125, 46338.1953125], [17189.8046875, -17189.837890625], [-2.5703024864196777, 2.5703024864196777]]}, {"Param_b": [-1249.570556640625, 1249.570556640625]}, {"Param_m": [2035, 4.511627480387688]}]}