{"EntityID": "2", "Param": [{"Param_W": [[-49334.49609375, 49334.49609375], [-38564.828125, 38564.828125], [-70825.078125, 70825.078125], [96060.3203125, -96060.3046875], [-5.612301826477051, 5.612305641174316]]}, {"Param_b": [-2362.0810546875, 2362.0810546875]}, {"Param_m": [2035, 12.058190965652466]}]}