{"EntityID": "2", "Param": [{"Param_W": [[-20138.92578125, 20138.92578125], [-10959.04296875, 10959.04296875], [-147309.25, 147309.21875], [5483.82763671875, -5483.77294921875], [-1.8435664176940918, 1.8435664176940918]]}, {"Param_b": [-899.6634521484375, 899.6634521484375]}, {"Param_m": [2035, 2.9571818456053736]}]}