{"EntityID": "2", "Param": [{"Param_W": [[-46471.1953125, 46471.1953125], [-43122.46875, 43122.46875], [229962.0, -229962.0], [-75947.0, 75946.9375], [-6.097287178039551, 6.097287178039551]]}, {"Param_b": [-2284.478515625, 2284.478515625]}, {"Param_m": [2035, 13.023839773237707]}]}