{"EntityID": "2", "Param": [{"Param_W": [[-43667.8125, 43667.8125], [-37746.66015625, 37746.66015625], [205531.734375, -205531.734375], [77951.609375, -77951.59375], [-5.357758522033691, 5.357758522033691]]}, {"Param_b": [-2127.5068359375, 2127.5068359375]}, {"Param_m": [2035, 11.738015419244766]}]}