{"EntityID": "2", "Param": [{"Param_W": [[-18387.177734375, 18387.177734375], [-7735.2529296875, 7735.2529296875], [-145816.046875, 145816.015625], [145659.140625, -145659.15625], [-1.3186733722686768, 1.3186733722686768]]}, {"Param_b": [-818.4713134765625, 818.4713134765625]}, {"Param_m": [2035, 2.839622969925404]}]}