{"EntityID": "2", "Param": [{"Param_W": [[-31323.578125, 31323.578125], [-20309.953125, 20309.953125], [-96554.71875, 96554.71875], [-55350.17578125, 55350.21875], [-3.1505720615386963, 3.1505720615386963]]}, {"Param_b": [-1457.6224365234375, 1457.6224365234375]}, {"Param_m": [2035, 5.397258275747299]}]}