{"EntityID": "2", "Param": [{"Param_W": [[-16729.310546875, 16729.310546875], [-6217.6044921875, 6217.6044921875], [-154468.015625, 154468.015625], [208243.90625, -208243.890625], [-1.0617201328277588, 1.0617201328277588]]}, {"Param_b": [-743.52587890625, 743.52587890625]}, {"Param_m": [2035, 2.5691940814256666]}]}