{"EntityID": "2", "Param": [{"Param_W": [[-41178.34765625, 41178.34765625], [-36675.37890625, 36675.37890625], [59913.25, -59913.25], [-187594.765625, 187594.71875], [-5.380649089813232, 5.380649089813232]]}, {"Param_b": [-1977.66162109375, 1977.66162109375]}, {"Param_m": [2035, 8.084043458104134]}]}