{"EntityID": "2", "Param": [{"Param_W": [[-34152.91796875, 34152.91796875], [-28445.72265625, 28445.72265625], [74090.8984375, -74090.8984375], [39700.48828125, -39700.515625], [-4.099407196044922, 4.099407196044922]]}, {"Param_b": [-1649.3148193359375, 1649.3148193359375]}, {"Param_m": [2035, 7.354866403341293]}]}