{"EntityID": "2", "Param": [{"Param_W": [[-18650.873046875, 18650.873046875], [-9371.287109375, 9371.287109375], [-212102.890625, 212102.890625], [86309.3359375, -86309.3515625], [-1.557236909866333, 1.557236909866333]]}, {"Param_b": [-834.4974975585938, 834.4974975585938]}, {"Param_m": [2035, 2.818357095122337]}]}