{"EntityID": "2", "Param": [{"Param_W": [[-26949.90625, 26949.90625], [-17953.91015625, 17953.91015625], [16671.240234375, -16671.30078125], [-60667.09765625, 60667.12890625], [-2.73415207862854, 2.73415207862854]]}, {"Param_b": [-1264.11083984375, 1264.11083984375]}, {"Param_m": [2035, 4.344136583805085]}]}