{"EntityID": "2", "Param": [{"Param_W": [[-46862.46484375, 46862.46484375], [-39032.20703125, 39032.20703125], [-66826.71875, 66826.71875], [5490.22998046875, -5490.26025390625], [-5.7311248779296875, 5.7311248779296875]]}, {"Param_b": [-2236.37158203125, 2236.37158203125]}, {"Param_m": [2035, 13.505142092704771]}]}