{"EntityID": "2", "Param": [{"Param_W": [[-17771.724609375, 17771.724609375], [-8056.68603515625, 8056.68603515625], [-153551.9375, 153551.9375], [29624.498046875, -29624.517578125], [-1.4118659496307373, 1.4118659496307373]]}, {"Param_b": [-782.5982055664062, 782.5982055664062]}, {"Param_m": [2035, 2.8273416340351103]}]}