{"EntityID": "2", "Param": [{"Param_W": [[-32567.828125, 32567.828125], [-25417.216796875, 25417.216796875], [64260.48046875, -64260.5390625], [11565.7763671875, -11565.814453125], [-3.676797866821289, 3.676797866821289]]}, {"Param_b": [-1566.62158203125, 1566.62158203125]}, {"Param_m": [2035, 6.185050428658723]}]}