{"EntityID": "2", "Param": [{"Param_W": [[-28641.736328125, 28641.736328125], [-22925.32421875, 22925.32421875], [89148.578125, -89148.578125], [-45959.29296875, 45959.33203125], [-3.4365758895874023, 3.4365758895874023]]}, {"Param_b": [-1357.0079345703125, 1357.0079345703125]}, {"Param_m": [2035, 7.924682027101517]}]}