{"EntityID": "2", "Param": [{"Param_W": [[-23819.755859375, 23819.755859375], [-14500.6279296875, 14500.6279296875], [-13721.45703125, 13721.45703125], [-276.65692138671875, 276.61993408203125], [-2.2250726222991943, 2.2250726222991943]]}, {"Param_b": [-1112.5218505859375, 1112.5218505859375]}, {"Param_m": [2035, 3.85305640026927]}]}