{"EntityID": "2", "Param": [{"Param_W": [[-29997.333984375, 29997.333984375], [-21817.41015625, 21817.41015625], [81297.703125, -81297.703125], [112628.3671875, -112628.3203125], [-3.088650941848755, 3.088650941848755]]}, {"Param_b": [-1450.35986328125, 1450.35986328125]}, {"Param_m": [2035, 5.818231445550919]}]}