{"EntityID": "2", "Param": [{"Param_W": [[-23206.001953125, 23206.001953125], [-15678.1640625, 15678.1640625], [-64300.3203125, 64300.3203125], [-59039.7890625, 59039.78125], [-2.4694700241088867, 2.4694700241088867]]}, {"Param_b": [-1069.1890869140625, 1069.1890869140625]}, {"Param_m": [2035, 4.528132109344004]}]}