{"EntityID": "2", "Param": [{"Param_W": [[-27336.111328125, 27336.111328125], [-18062.34765625, 18062.34765625], [28176.203125, -28176.173828125], [22413.6953125, -22413.630859375], [-2.667344808578491, 2.667344808578491]]}, {"Param_b": [-1297.4063720703125, 1297.4063720703125]}, {"Param_m": [2035, 4.697772996127605]}]}