{"EntityID": "2", "Param": [{"Param_W": [[-26385.3984375, 26385.3984375], [-22568.47265625, 22568.47265625], [141313.390625, -141313.421875], [-61104.40625, 61104.421875], [-3.3366611003875732, 3.3366611003875732]]}, {"Param_b": [-1261.4423828125, 1261.4423828125]}, {"Param_m": [2035, 7.929238483309745]}]}