{"EntityID": "2", "Param": [{"Param_W": [[-16573.810546875, 16573.810546875], [-8845.107421875, 8845.107421875], [-148411.71875, 148411.71875], [17419.185546875, -17419.205078125], [-1.53813636302948, 1.53813636302948]]}, {"Param_b": [-730.0469360351562, 730.0469360351562]}, {"Param_m": [2035, 3.511613011360168]}]}