{"EntityID": "2", "Param": [{"Param_W": [[-19016.458984375, 19016.458984375], [-11040.3115234375, 11040.3115234375], [-81305.640625, 81305.640625], [13318.7265625, -13318.720703125], [-1.8269829750061035, 1.8269829750061035]]}, {"Param_b": [-858.771728515625, 858.771728515625]}, {"Param_m": [2035, 3.405702943104552]}]}