{"EntityID": "2", "Param": [{"Param_W": [[-46539.33203125, 46539.33203125], [-37929.41796875, 37929.41796875], [-48240.65234375, 48240.68359375], [56021.40234375, -56021.38671875], [-5.563755035400391, 5.563755035400391]]}, {"Param_b": [-2220.595703125, 2220.595703125]}, {"Param_m": [2035, 13.867795079946518]}]}