{"EntityID": "2", "Param": [{"Param_W": [[-33662.3984375, 33662.3984375], [-29685.84765625, 29685.84765625], [70288.40625, -70288.40625], [-58726.109375, 58726.09765625], [-4.291122913360596, 4.291122913360596]]}, {"Param_b": [-1628.55810546875, 1628.55810546875]}, {"Param_m": [2035, 7.013209757208824]}]}