{"EntityID": "2", "Param": [{"Param_W": [[-20898.71875, 20898.71875], [-11268.5888671875, 11268.5888671875], [-39951.05078125, 39951.05078125], [-2194.181640625, 2194.1767578125], [-1.8455504179000854, 1.8455504179000854]]}, {"Param_b": [-949.92529296875, 949.92529296875]}, {"Param_m": [2035, 4.375772321596742]}]}