{"EntityID": "2", "Param": [{"Param_W": [[-25441.4765625, 25441.4765625], [-21187.64453125, 21187.64453125], [87006.3203125, -87006.3203125], [-46869.515625, 46869.51171875], [-3.1480846405029297, 3.1480846405029297]]}, {"Param_b": [-1213.89453125, 1213.89453125]}, {"Param_m": [2035, 7.362381990253925]}]}