{"EntityID": "2", "Param": [{"Param_W": [[-13468.1611328125, 13468.1611328125], [-4062.912109375, 4062.912109375], [-138985.78125, 138985.78125], [127136.296875, -127136.2734375], [-0.7712743878364563, 0.7712743878364563]]}, {"Param_b": [-587.706787109375, 587.706787109375]}, {"Param_m": [2035, 2.306944601237774]}]}