{"EntityID": "2", "Param": [{"Param_W": [[-15609.5107421875, 15609.5107421875], [-8914.0029296875, 8914.0029296875], [-140229.671875, 140229.703125], [-47535.859375, 47535.8515625], [-1.5359153747558594, 1.5359153747558594]]}, {"Param_b": [-690.8533325195312, 690.8533325195312]}, {"Param_m": [2035, 2.5804905356606467]}]}