{"EntityID": "2", "Param": [{"Param_W": [[-28658.958984375, 28658.958984375], [-25604.740234375, 25604.740234375], [76227.8828125, -76227.8828125], [-100747.1796875, 100747.1875], [-3.814617395401001, 3.814617395401001]]}, {"Param_b": [-1365.46826171875, 1365.46826171875]}, {"Param_m": [2035, 8.34402850419283]}]}