{"EntityID": "2", "Param": [{"Param_W": [[-14018.599609375, 14018.599609375], [-7523.7138671875, 7523.7138671875], [-95090.53125, 95090.53125], [5133.943359375, -5133.9169921875], [-1.2858915328979492, 1.2858915328979492]]}, {"Param_b": [-621.169189453125, 621.169189453125]}, {"Param_m": [2035, 3.3915575459599494]}]}