{"EntityID": "2", "Param": [{"Param_W": [[-19232.12109375, 19232.12109375], [-10414.4267578125, 10414.4267578125], [-70774.109375, 70774.140625], [-21155.90625, 21155.8828125], [-1.6920654773712158, 1.6920654773712158]]}, {"Param_b": [-872.8268432617188, 872.8268432617188]}, {"Param_m": [2035, 3.2298547737300396]}]}