{"EntityID": "2", "Param": [{"Param_W": [[-24714.189453125, 24714.189453125], [-20896.779296875, 20896.779296875], [159644.875, -159644.9375], [-35233.98046875, 35233.96484375], [-3.0725414752960205, 3.0725414752960205]]}, {"Param_b": [-1184.48046875, 1184.48046875]}, {"Param_m": [2035, 7.766806100308895]}]}