{"EntityID": "2", "Param": [{"Param_W": [[-28616.9921875, 28616.9921875], [-20487.76953125, 20487.76953125], [138646.640625, -138646.703125], [11585.0185546875, -11585.0302734375], [-3.037745952606201, 3.037745952606201]]}, {"Param_b": [-1367.090576171875, 1367.090576171875]}, {"Param_m": [2035, 5.896017342060804]}]}