{"EntityID": "2", "Param": [{"Param_W": [[-48707.82421875, 48707.82421875], [-38923.1640625, 38923.1328125], [-8920.4619140625, 8920.4619140625], [119798.46875, -119798.4296875], [-5.627971172332764, 5.627971172332764]]}, {"Param_b": [-2340.249755859375, 2340.249755859375]}, {"Param_m": [2035, 13.807761520147322]}]}