{"EntityID": "2", "Param": [{"Param_W": [[-20010.837890625, 20010.837890625], [-11511.908203125, 11511.908203125], [-158569.203125, 158569.265625], [-19709.056640625, 19709.076171875], [-1.9064054489135742, 1.9064054489135742]]}, {"Param_b": [-898.0108032226562, 898.0108032226562]}, {"Param_m": [2035, 3.357927636057139]}]}