{"EntityID": "2", "Param": [{"Param_W": [[-20112.96875, 20112.96875], [-16915.37890625, 16915.37890625], [148580.796875, -148580.84375], [-16030.0595703125, 16030.013671875], [-2.4529459476470947, 2.4529459476470947]]}, {"Param_b": [-971.8494262695312, 971.8494262695312]}, {"Param_m": [2035, 7.193819008141701]}]}