{"EntityID": "2", "Param": [{"Param_W": [[-17023.33203125, 17023.33203125], [-9442.123046875, 9442.123046875], [-186127.5625, 186127.5625], [-29260.142578125, 29260.119140625], [-1.6168185472488403, 1.6168185472488403]]}, {"Param_b": [-755.109619140625, 755.109619140625]}, {"Param_m": [2035, 2.2427385539188434]}]}