{"EntityID": "2", "Param": [{"Param_W": [[-28183.23828125, 28183.23828125], [-18724.13671875, 18724.13671875], [86084.140625, -86084.140625], [-60872.390625, 60872.421875], [-2.8411738872528076, 2.8411738872528076]]}, {"Param_b": [-1332.59716796875, 1332.59716796875]}, {"Param_m": [2035, 4.886615024507046]}]}