{"EntityID": "2", "Param": [{"Param_W": [[-13877.412109375, 13877.412109375], [-7448.025390625, 7448.025390625], [-97069.2578125, 97069.1953125], [-1192.5521240234375, 1192.557861328125], [-1.270729660987854, 1.270729660987854]]}, {"Param_b": [-615.6654052734375, 615.6654052734375]}, {"Param_m": [2035, 3.1751470290124413]}]}