{"EntityID": "2", "Param": [{"Param_W": [[-5383.8193359375, 5383.8193359375], [1908.705078125, -1908.705078125], [-41515.703125, 41515.703125], [35480.36328125, -35480.34375], [0.1473846286535263, -0.1473846286535263]]}, {"Param_b": [-215.48135375976562, 215.48135375976562]}, {"Param_m": [2035, 1.5234082879962445]}]}