{"EntityID": "2", "Param": [{"Param_W": [[-4131.56591796875, 4131.56591796875], [3552.986083984375, -3552.986083984375], [20266.103515625, -20266.103515625], [98274.5859375, -98274.578125], [0.39311450719833374, -0.39311450719833374]]}, {"Param_b": [-155.98594665527344, 155.98594665527344]}, {"Param_m": [2035, 2.0396430934763887]}]}