{"EntityID": "2", "Param": [{"Param_W": [[-22682.974609375, 22682.974609375], [-16494.7265625, 16494.7265625], [155984.375, -155984.34375], [-63227.72265625, 63227.72265625], [-2.3876192569732666, 2.3876192569732666]]}, {"Param_b": [-1095.82861328125, 1095.82861328125]}, {"Param_m": [2035, 4.772440184891224]}]}