{"EntityID": "2", "Param": [{"Param_W": [[-8198.8447265625, 8198.8447265625], [-868.9605712890625, 868.9605712890625], [461.19561767578125, -461.165283203125], [50496.85546875, -50496.85546875], [-0.3018172085285187, 0.3018172085285187]]}, {"Param_b": [-345.2523193359375, 345.2523193359375]}, {"Param_m": [2035, 2.549800013557797]}]}