{"EntityID": "2", "Param": [{"Param_W": [[-10675.2119140625, 10675.2119140625], [-3186.91650390625, 3186.91650390625], [20388.037109375, -20388.06640625], [88169.0546875, -88169.0625], [-0.5570825338363647, 0.5570825338363647]]}, {"Param_b": [-480.3299560546875, 480.3299560546875]}, {"Param_m": [2035, 2.754427876651286]}]}