{"Total_grad_W":[[-10.327973246632963,10.327973246632963],[-6.793374518354962,6.793374518354962],[-14.021416893523826,14.021416893523826],[-3.7271594392193386,3.7271557613189783],[-0.0010623211592840878,0.0010623211592840878]],"Total_grad_b":[-0.4781153535069899,0.4781153535069899],"Total_cost":[6107,4.738670238231618]}