{"Total_grad_W":[[-1.8342771678504175,1.8342771678504175],[1.11476822143025,-1.11476822143025],[0.8046965348421893,-0.8046915776721385],[2.7349940066214997,-2.73498793009047],[0.0001138853659816434,-0.0001138853659816434]],"Total_grad_b":[-0.07405463868786587,0.07405463868786587],"Total_cost":[6107,1.38710836121992]}