{"Total_grad_W":[[-22.539137337276895,22.539137337276895],[-20.325447488537744,20.325447488537744],[-3.262169692565908,3.262169692565908],[-49.95640440785164,49.956390975519895],[-0.002931069679691258,0.002931069679691258]],"Total_grad_b":[-1.092946898474599,1.092946898474599],"Total_cost":[6107,11.983896086613337]}