{"Total_grad_W":[[-16.061743951612904,16.061743951612904],[-12.783708436527755,12.783708436527755],[4.987363373997052,-4.987363373997052],[-5.224430437152039,5.224427398886523],[-0.001862663010128278,0.001862663010128278]],"Total_grad_b":[-0.7708868361229941,0.7708868361229941],"Total_cost":[6107,6.92972889063288]}