{"Total_grad_W":[[-23.799134190273456,23.799134190273456],[-19.827345924758475,19.827345924758475],[25.61419720709841,-25.61418745266702],[40.55592391415588,-40.55593031050434],[-0.002855293641840746,0.002855293641840746]],"Total_grad_b":[-1.1500967127886033,1.1500967127886033],"Total_cost":[6107,14.045072266459465]}