{"Total_grad_W":[[-15.509471712788603,15.509471712788603],[-10.659768631283773,10.659768631283773],[-50.467615607601935,50.467615607601935],[21.212865999058458,-21.21287719266825],[-0.0016038271415364396,0.0016038271415364396]],"Total_grad_b":[-0.7285166044408568,0.7285166044408568],"Total_cost":[6107,6.347785630822181]}