{"Total_grad_W":[[-20.059275600745046,20.059275600745046],[-17.060989182495497,17.060989182495497],[42.63455998239725,-42.634550068057145],[22.804167476870806,-22.804170994862453],[-0.002449401607485319,0.002449401607485319]],"Total_grad_b":[-0.9716627571651896,0.9716627571651896],"Total_cost":[6107,11.313402410348255]}