{"Total_grad_W":[[-3.7500363792318243,3.7500363792318243],[-0.7419515896764854,0.7419515896764854],[-33.26619619391682,33.26619619391682],[-1.5085411440316951,1.5085271120422774],[-0.0001823912890585585,0.0001823912890585585]],"Total_grad_b":[-0.1595831784051121,0.1595831784051121],"Total_cost":[6107,1.8560745681765882]}