{"Total_grad_W":[[-2.471843778823545,2.471843778823545],[0.4567696793254667,-0.4567696793254667],[-13.990187201930162,13.990187201930162],[3.2871685412231866,-3.287166142592517],[0.0000032682343280430567,-0.0000032682343280430567]],"Total_grad_b":[-0.10034354025473938,0.10034354025473938],"Total_cost":[6107,1.6859252338407256]}