{"Total_grad_W":[[-3.7288670643702924,3.7288670643702924],[-0.4649443925451838,0.4649443925451838],[44.62808052139195,-44.62806531007578],[23.300484179591553,-23.30047028752226],[-0.00008683443186578646,0.00008683443186578646]],"Total_grad_b":[-0.1729522924952603,0.1729522924952603],"Total_cost":[6107,2.2483218335274526]}