{"Total_grad_W":[[-27.246989238783364,27.246989238783364],[-23.54357192565908,23.54357704273784],[-24.86991874078926,24.869908506631734],[-4.196371015714549,4.196383208753787],[-0.0034046297243579583,0.003404630270920937]],"Total_grad_b":[-1.3158561640330768,1.3158561640330768],"Total_cost":[6107,14.921700842678547]}