{"Total_grad_W":[[-6.856615455368839,6.856615455368839],[-2.9603748811878274,2.9603748811878274],[-56.48890489397413,56.4888946598166],[22.028300323911086,-22.02832159176969],[-0.0005167049697559282,0.0005167049697559282]],"Total_grad_b":[-0.30532124320867704,0.30532124320867704],"Total_cost":[6107,2.916909201071636]}