{"Total_grad_W":[[-3.6243666815488376,3.6243666815488376],[-0.3427212672829335,0.3427212672829335],[-33.052231622011625,33.052230342741936],[3.8055793908373587,-3.8055692366341902],[-0.00013105982168227926,0.00013105982168227926]],"Total_grad_b":[-0.15141604460845393,0.15141604460845393],"Total_cost":[6107,2.046857097240475]}