{"Total_grad_W":[[-14.358127712051743,14.358127712051743],[-11.50828806850745,11.50828806850745],[-15.308746622728018,15.308746622728018],[-36.18163454846897,36.18164286372196],[-0.0017361808022286237,0.0017361808022286237]],"Total_grad_b":[-0.6773158939024889,0.6773158939024889],"Total_cost":[6107,7.100118883947531]}