{"Total_grad_W":[[-7.374257863670787,7.374257863670787],[-3.2230692142469706,3.2230692142469706],[-90.01377133821843,90.01376110406092],[18.970992339893,-18.970991400429323],[-0.0005636827067694844,0.0005636827067694844]],"Total_grad_b":[-0.32703977953066155,0.32703977953066155],"Total_cost":[6107,2.614373079598105]}