{"Total_grad_W":[[-15.109802755802768,15.109802755802768],[-12.191103542809481,12.191103542809481],[34.217697161044704,-34.21769204396594],[-3.133339559112494,3.1333331627640413],[-0.0017916802905557276,0.0017916802905557276]],"Total_grad_b":[-0.7233999354448533,0.7233999354448533],"Total_cost":[6107,7.493432311768024]}