{"Total_grad_W":[[-2.1292620268940867,2.1292620268940867],[0.6896130337113149,-0.6896130337113149],[-18.02470589589815,18.02470589589815],[-3.004772635397904,3.004777752476666],[0.000027943349458473647,-0.000027943349458473647]],"Total_grad_b":[-0.08293764505718976,0.08293764505718976],"Total_cost":[6107,1.6524733779508922]}