{"Total_grad_W":[[-2.2357708231524787,2.2357708231524787],[0.5994882041740012,-0.5994882041740012],[-20.687945985395856,20.68794630521328],[-1.5748244841984609,1.5748340787211397],[0.000017197696827272748,-0.000017197696827272748]],"Total_grad_b":[-0.08797244922568603,0.08797244922568603],"Total_cost":[6107,1.6308646028091645]}