{"Total_grad_W":[[-1.1845342131084207,1.1845342131084207],[1.4046291852907014,-1.4046291852907014],[-9.261501593970035,9.261506071413951],[3.5506930487898067,-3.550688646927742],[0.0001412540840740502,-0.0001412540840740502]],"Total_grad_b":[-0.039734834927436624,0.039734834927436624],"Total_cost":[6107,1.565328942071386]}