{"Total_grad_W":[[-6.2381141453966755,6.2381141453966755],[-3.458257749815785,3.458257749815785],[-68.84851911740625,68.84851911740625],[-65.28030206115932,65.28031229531685],[-0.0006063810655054493,0.0006063810655054493]],"Total_grad_b":[-0.27563199720543535,0.27563199720543535],"Total_cost":[6107,2.3230134917437675]}