{"Total_grad_W":[[-3.3494306770151057,3.3494306770151057],[-0.9658818673595617,0.9658818673595617],[24.991722885239273,-24.991722885239273],[-5.655171095924758,5.655163420306615],[-0.0001647847802037398,0.0001647847802037398]],"Total_grad_b":[-0.15420652158095985,0.15420652158095985],"Total_cost":[6107,2.4176342147940595]}