{"Total_grad_W":[[-6.2178099766405355,6.2178099766405355],[-2.905657818064823,2.905657818064823],[9.983668323427521,-9.983668323427521],[12.104612119033487,-12.10461020012895],[-0.00045472053121345336,0.00045472053121345336]],"Total_grad_b":[-0.28730011111256804,0.28730011111256804],"Total_cost":[6107,3.1805973622060066]}