{"Total_grad_W":[[-1.1982225686999806,1.1982225686999806],[1.478990154100827,-1.4790299713699444],[2.9738961821475356,-2.9738963820334248],[1.518136206402489,-1.5181304496888817],[0.0001722770899080383,-0.0001722770899080383]],"Total_grad_b":[-0.04539151001975992,0.04539151001975992],"Total_cost":[6107,1.31546957325185]}