{"Total_grad_W":[[-3.159644182329192,3.159644182329192],[-0.08377241600315212,0.08377241600315212],[7.3489449543044865,-7.3489449543044865],[-1.7963776839078107,1.7963872784304895],[-0.000062744190362231,0.000062744190362231]],"Total_grad_b":[-0.13779283182816593,0.13779283182816593],"Total_cost":[6107,1.8105307560180552]}