{"Total_grad_W":[[-20.896236516497463,20.896236516497463],[-18.4775673663419,18.4775673663419],[17.824136237104963,-17.824120885868677],[-24.22066058928279,24.220650495045387],[-0.0026734825903838018,0.0026734825903838018]],"Total_grad_b":[-1.0109497889844645,1.0109497889844645],"Total_cost":[6107,9.962209017574786]}