{"Total_grad_W":[[-2.217509188354552,2.217509188354552],[0.8766916192883807,-0.8766916192883807],[21.798250294871664,-21.79826028916612],[15.772258652980186,-15.772254815171115],[0.00009071077362730164,-0.00009071077362730164]],"Total_grad_b":[-0.09546395403791884,0.09546395403791884],"Total_cost":[6107,1.6694125241218594]}