{"Total_grad_W":[[-2.608041601210701,2.608041601210701],[0.9299242848242795,-0.9299242848242795],[-22.42966687177624,22.42966687177624],[26.32519915030907,-26.325187317064433],[0.0000738140329198867,-0.0000738140329198867]],"Total_grad_b":[-0.1057403649404628,0.1057403649404628],"Total_cost":[6107,1.916944841383622]}