{"Total_grad_W":[[-22.789114310422466,22.789114310422466],[-20.232164421974783,20.232164421974783],[68.12525873229491,-68.12524370087604],[21.12045323565683,-21.120466348171156],[-0.002870795807589363,0.002870795807589363]],"Total_grad_b":[-1.1145146258903718,1.1145146258903718],"Total_cost":[6107,12.288263149062795]}