{"Total_grad_W":[[-2.7129044970807064,2.7129044970807064],[0.18128390864223431,-0.18128390864223431],[-27.204028164401507,27.204043515637792],[-2.7820786469420336,2.782086002742754],[-0.00004242638997405411,0.00004242638997405411]],"Total_grad_b":[-0.111181202000402,0.111181202000402],"Total_cost":[6107,1.607953594515032]}