{"Total_grad_W":[[-18.755385405579663,18.755385405579663],[-14.694731711560504,14.694731711560504],[-53.11535430653348,53.11535430653348],[-9.884179719481743,9.884188994187],[-0.002179444704856891,0.002179444704856891]],"Total_grad_b":[-0.8906404311906418,0.8906404311906418],"Total_cost":[6107,8.426880668719306]}