{"Total_grad_W":[[-2.6487702300510683,2.6487702300510683],[0.8051276487278942,-0.8051276487278942],[-27.189170606284286,27.189160532035473],[24.380814600560832,-24.380827393257736],[0.00005491243088832947,-0.00005491243088832947]],"Total_grad_b":[-0.10772161013720487,0.10772161013720487],"Total_cost":[6107,1.9021119074647383]}