{"Total_grad_W":[[-15.324826722920418,15.324826722920418],[-11.071929656797527,11.071929656797527],[-40.109517638570495,40.109517638570495],[-12.833017676868629,12.833022174301135],[-0.001657962916192904,0.001657962916192904]],"Total_grad_b":[-0.72528858725131,0.72528858725131],"Total_cost":[6107,5.5088157879809545]}