{"Total_grad_W":[[-1.2142973019562593,1.2142973019562593],[1.5520116675792124,-1.5520116675792124],[-17.054985889655313,17.054980772576553],[-3.3926524425735836,3.392645406590286],[0.00015542899330567666,-0.00015542899330567666]],"Total_grad_b":[-0.039081290522866304,0.039081290522866304],"Total_cost":[6107,1.332633035803301]}