{"Total_grad_W":[[-0.2981212785245159,0.2981212785245159],[2.1985756521317112,-2.1985756521317112],[-11.625096584861634,11.625106499201737],[2.397102422169232,-2.3971021023518095],[0.00026586700602328894,-0.00026586700602328894]],"Total_grad_b":[0.001157800909616718,-0.001157800909616718],"Total_cost":[6107,1.112926988068953]}