{"Total_grad_W":[[-2.9706301666504626,2.9706301666504626],[-0.7452625445185852,0.7452625445185852],[25.521955785880955,-25.521948110262812],[-2.4534665650073686,2.4534828756959226],[-0.00015022017492372704,0.00015022987641658878]],"Total_grad_b":[-0.13261477287845916,0.13261477287845916],"Total_cost":[6107,2.723969212500459]}