{"Total_grad_W":[[-3.463430211960596,3.463430211960596],[-0.17416861062356723,0.17416861062356723],[-12.721726340866526,12.721721383696476],[0.4180090469952514,-0.4180116055346324],[-0.00008421654648138221,0.00008421654648138221]],"Total_grad_b":[-0.14978277044950578,0.14978277044950578],"Total_cost":[6107,1.7623148914304883]}