{"Total_grad_W":[[-2.287664658000041,2.287664658000041],[0.823457624511319,-0.823457624511319],[-26.4147676974169,26.414757463259374],[3.784816883737412,-3.7848086084616015],[0.00004906248925301024,-0.00004906248925301024]],"Total_grad_b":[-0.08967063195462974,0.08967063195462974],"Total_cost":[6107,1.6477229524444457]}