{"Total_grad_W":[[-11.680451703731373,11.680451703731373],[-7.967549925098759,7.967549925098759],[-29.566227791878173,29.56624314311446],[-26.603458017886748,26.60347588768524],[-0.001241583977976153,0.001241583977976153]],"Total_grad_b":[-0.5419856562285722,0.5419856562285722],"Total_cost":[6107,4.620996514195577]}