{"Total_grad_W":[[-19.567226581689045,19.567226581689045],[-18.64229348749386,18.64229348749386],[60.334111982151626,-60.334140925628375],[-22.175152808764533,22.175156646573605],[-0.0026451377172174947,0.0026451377172174947]],"Total_grad_b":[-0.9596099378786638,0.9596099378786638],"Total_cost":[6107,12.412479662336409]}