{"Total_grad_W":[[-2.8022615449292307,2.8022615449292307],[0.05055501915066727,-0.05055501915066727],[-23.400712681144586,23.40069796954315],[-0.5848104634026527,0.5848129419876781],[-0.00006099016972487621,0.00006099016972487621]],"Total_grad_b":[-0.11571261042246203,0.11571261042246203],"Total_cost":[6107,1.738026733394651]}