{"Total_grad_W":[[-2.5533413734767096,2.5533413734767096],[0.29154348365605043,-0.29154348365605043],[-12.16451839973596,12.164513602474619],[1.8544930669979123,-1.8544805141640741],[-0.000024721477823052876,0.000024721477823052876]],"Total_grad_b":[-0.10428802631716105,0.10428802631716105],"Total_cost":[6107,1.8664259353395698]}