{"Total_grad_W":[[-13.110687850519895,13.110687850519895],[-9.176019214151026,9.176059191328854],[0.3674766149500573,-0.36746638079253313],[-2.9189557065662353,2.918962102914688],[-0.0013829416000493639,0.0013829416000493639]],"Total_grad_b":[-0.6190505314326158,0.6190505314326158],"Total_cost":[6107,5.340079685882665]}