{"Total_grad_W":[[-23.830301037743574,23.830301037743574],[-19.611207234014245,19.611227702329295],[-43.645669160389716,43.645669160389716],[-31.4541369023252,31.45416120844932],[-0.0028777309890579664,0.0028777309890579664]],"Total_grad_b":[-1.1418300920370579,1.1418300920370579],"Total_cost":[6107,11.82378701865673]}