{"Total_grad_W":[[-3.7157196099890495,3.7157196099890495],[-0.5681492549533322,0.5681492549533322],[4.095946186241199,-4.095936271901097],[-17.0848747467046,17.084879703874652],[-0.0001427058855796653,0.0001427058855796653]],"Total_grad_b":[-0.162989876089538,0.162989876089538],"Total_cost":[6107,1.8432061400411754]}