{"Total_grad_W":[[-0.7502333467869863,0.7502333467869863],[2.0867084348886906,-2.0867084348886906],[-9.061036355565335,9.061031238486573],[10.79134959434358,-10.7913470358042],[0.0002458657095196869,-0.0002458657095196869]],"Total_grad_b":[-0.018618708451719083,0.018618708451719083],"Total_cost":[6107,1.3304350967430045]}