{"Total_grad_W":[[-22.173784949647946,22.173784949647946],[-18.038337154085475,18.038337154085475],[-52.196610958735874,52.1966211928934],[-9.462713765965285,9.462715045234976],[-0.002658001818671757,0.002658001818671757]],"Total_grad_b":[-1.0580159598488414,1.0580159598488414],"Total_cost":[6107,10.257179437081021]}