{"Total_grad_W":[[-3.5878585483119396,3.5878585483119396],[-0.05747540843883044,0.05747540843883044],[-3.6136452022269525,3.6136300908537335],[0.4474358078460169,-0.44742337494371215],[-0.0000704830585299839,0.0000704830585299839]],"Total_grad_b":[-0.15442374866411263,0.15442374866411263],"Total_cost":[6107,1.8362867922888955]}