{"Total_grad_W":[[-25.994472275667267,25.994472275667267],[-22.277415389102668,22.277425623260193],[-30.321907749304078,30.321887280989028],[3.8756539866521003,-3.875645611433345],[-0.0032299254751447493,0.0032299254751447493]],"Total_grad_b":[-1.2525233994417266,1.2525233994417266],"Total_cost":[6107,14.455794429779054]}