{"Total_grad_W":[[-2.214685590290215,2.214685590290215],[0.9179786043743348,-0.9179786043743348],[-26.989721707671524,26.989721707671524],[4.34034786221242,-4.340339187164831],[0.0000602138990151115,-0.0000602138990151115]],"Total_grad_b":[-0.08581023687072524,0.08581023687072524],"Total_cost":[6107,1.61216470867918]}