{"Total_grad_W":[[-22.07366290731947,22.07366290731947],[-18.317089060197315,18.317089060197315],[35.42043102433683,-35.42043102433683],[25.719159366300968,-25.7191668820104],[-0.002645315701547301,0.002645315701547301]],"Total_grad_b":[-1.066927932182076,1.066927932182076],"Total_cost":[6107,10.77027357449474]}