{"Total_grad_W":[[-1.819044204044795,1.819044204044795],[1.1676608057991853,-1.1676608057991853],[-20.660707455327902,20.660707455327902],[8.311554459789996,-8.311553180520304],[0.0001062389011173801,-0.0001062389011173801]],"Total_grad_b":[-0.06858623174202311,0.06858623174202311],"Total_cost":[6107,1.45095428349764]}