{"Total_grad_W":[[-2.472745139254902,2.472745139254902],[0.7252025163874447,-0.7252025163874447],[-34.31668449115769,34.316674257000166],[-5.423425794682331,5.4234337901178975],[0.000024957630849809835,-0.000024957630849809835]],"Total_grad_b":[-0.09685758594133781,0.09685758594133781],"Total_cost":[6107,1.53908162971156]}