{"Total_grad_W":[[-14.655736373219257,14.655736373219257],[-9.154041820605453,9.154041820605453],[-98.79713725028655,98.79714620517439],[16.83316980002456,-16.833161164954152],[-0.001423391789095441,0.001423391789095441]],"Total_grad_b":[-0.6782133815447438,0.6782133815447438],"Total_cost":[6107,4.906624862670898]}