{"Total_grad_W":[[-3.382761808938513,3.382761808938513],[-0.4332419208522239,0.4332419208522239],[-35.66882586069265,35.66883097777141],[-24.72006349015474,24.72006604869412],[-0.00015105525605393956,0.00015105525605393956]],"Total_grad_b":[-0.14029968134291496,0.14029968134291496],"Total_cost":[6107,1.7739594302392643]}