{"Total_grad_W":[[-25.352410655804814,25.352410655804814],[-23.088326536147044,23.088326536147044],[25.446246686691502,-25.446241569612738],[-8.704936925607909,8.704933087798837],[-0.003308976752601475,0.003308976752601475]],"Total_grad_b":[-1.2333516242247626,1.2333516242247626],"Total_cost":[6107,14.553596634666127]}