{"Total_grad_W":[[-2.020056150344891,2.020056150344891],[0.6557079494458203,-0.6557079494458203],[-17.692837752783692,17.692842869862453],[-3.6763060703905355,3.6763147054609466],[0.000027286917561689883,-0.000027286917561689883]],"Total_grad_b":[-0.07874721354073387,0.07874721354073387],"Total_cost":[6107,1.640469345955708]}