{"Total_grad_W":[[-2.856603542169846,2.856603542169846],[-0.705863296761145,0.705863296761145],[30.498815236357867,-30.49880564183519],[-2.551517949433028,2.55150851481906],[-0.00013629587549263,0.00013629587549263]],"Total_grad_b":[-0.12847384435173648,0.12847384435173648],"Total_cost":[6107,2.8631714478595476]}