{"Total_grad_W":[[-9.957130553309726,9.957130553309726],[-6.744471196283466,6.744471196283466],[-17.357026260848208,17.357026260848208],[-8.978232906398395,8.97822415139645],[-0.0010385819088130218,0.0010385819088130218]],"Total_grad_b":[-0.4642480100959964,0.4642480100959964],"Total_cost":[6107,4.08503323768576]}