{"Total_grad_W":[[-2.207769108771185,2.207769108771185],[0.6493710670452452,-0.6493710670452452],[16.960325189555785,-16.960325189555785],[5.506037433350049,-5.506024880516211],[0.000052228016101418025,-0.000052228016101418025]],"Total_grad_b":[-0.09395836105084329,0.09395836105084329],"Total_cost":[6107,1.7731742752665298]}