{"Total_grad_W":[[-16.83299837788603,16.83299837788603],[-13.614343683477976,13.614343683477976],[12.84190017602751,-12.841890581504831],[-42.33663342271164,42.33663598125102],[-0.002013043176723772,0.002013043176723772]],"Total_grad_b":[-0.8046995930962932,0.8046995930962932],"Total_cost":[6107,7.737116704707449]}