{"Total_grad_W":[[-21.999774208899623,21.999774208899623],[-18.002479544477648,18.002479544477648],[-30.05838714794498,30.058377553422304],[0.3329259392398068,-0.3329425697457835],[-0.002635096847786536,0.002635096847786536]],"Total_grad_b":[-1.0537554320989233,1.0537554320989233],"Total_cost":[6107,10.321861653526623]}