{"Total_grad_W":[[-19.337544262731292,19.337544262731292],[-15.252459395980022,15.252459395980022],[1.2968260679343377,-1.2968462164319634],[-11.129907738270376,11.129910916456014],[-0.0022223623524677233,0.0022223623524677233]],"Total_grad_b":[-0.9297804469384517,0.9297804469384517],"Total_cost":[6107,8.99547722786665]}