{"Total_grad_W":[[-13.650129973800556,13.650129973800556],[-10.131503167471754,10.131503167471754],[-16.774307403389553,16.774307403389553],[10.290257018073522,-10.290267252231047],[-0.00152081818203499,0.00152081818203499]],"Total_grad_b":[-0.6441150675902141,0.6441150675902141],"Total_cost":[6107,6.287715960554761]}