{"Total_grad_W":[[-22.65682759026527,22.65682759026527],[-19.108215342025545,19.108215342025545],[-17.686111992385786,17.686111992385786],[33.02889294559522,-33.028903179752746],[-0.002769229727133374,0.002769229727133374]],"Total_grad_b":[-1.089627173639113,1.089627173639113],"Total_cost":[6107,13.513301757971446]}