{"Total_grad_W":[[-3.22503137408916,3.22503137408916],[-0.22998582569182904,0.22998582569182904],[-40.75033900646799,40.75033900646799],[1.6904892235120814,-1.6904891435577258],[-0.00010567119481404674,0.00010567119481404674]],"Total_grad_b":[-0.1345301744140305,0.1345301744140305],"Total_cost":[6107,1.6241737003792978]}