{"Total_grad_W":[[-1.617994839106251,1.617994839106251],[1.011408087351093,-1.011408087351093],[-2.3490446948645958,2.349039725201677],[-1.9902433298878337,1.9902383727177828],[0.00009731868099264492,-0.00009731868099264492]],"Total_grad_b":[-0.06373934873059668,0.06373934873059668],"Total_cost":[6107,1.5415604108206085]}