{"Total_grad_W":[[-2.4686568931528368,2.4686568931528368],[0.8100792319680541,-0.8100792319680541],[-8.440107061680628,8.440107061680628],[1.9675245395908383,-1.967520222055633],[0.00005913762928070404,-0.00005913762928070404]],"Total_grad_b":[-0.10119371553167728,0.10119371553167728],"Total_cost":[6107,1.5517220899430073]}