{"Total_grad_W":[[-13.889307592081833,13.889307592081833],[-9.942476199187407,9.942476199187407],[38.943427176293596,-38.94342141957999],[2.025110784755199,-2.0251114243900443],[-0.0014697942679645153,0.0014697942679645153]],"Total_grad_b":[-0.6627488149565176,0.6627463163829034],"Total_cost":[6107,6.143886896843711]}