{"Total_grad_W":[[-1.6667434095223719,1.6667434095223719],[0.8231476814516129,-0.8231476814516129],[-20.77459172107827,20.774596838157034],[-6.9581016789135415,6.95811607069756],[0.000053757168773506205,-0.000053757168773506205]],"Total_grad_b":[-0.06241793934678571,0.06241793934678571],"Total_cost":[6107,1.5041883601863824]}