{"Total_grad_W":[[-16.646097076101196,16.646097076101196],[-12.5132436394711,12.5132436394711],[-77.3154806983789,77.3154806983789],[-4.22480030600131,4.224798706914197],[-0.0018819314242385307,0.0018819314242385307]],"Total_grad_b":[-0.7850335500469492,0.7850335500469492],"Total_cost":[6107,6.386240464985371]}