{"Total_grad_W":[[-3.065690858402755,3.065690858402755],[-0.9941818814475193,0.9941818814475193],[33.568078575302934,-33.568078575302934],[-0.7213379625839201,0.7213405211233012],[-0.00017287978295200834,0.00017287978295200834]],"Total_grad_b":[-0.1402345104226899,0.1402345104226899],"Total_cost":[6107,2.946595837654872]}