{"Total_grad_W":[[-2.271241043912851,2.271241043912851],[0.791706030861102,-0.791706030861102],[-27.06508924185361,27.06508412477485],[1.7340676554568528,-1.734068774817832],[0.00003952847570132093,-0.00003952847570132093]],"Total_grad_b":[-0.08821535524299888,0.08821535524299888],"Total_cost":[6107,1.631034531276906]}