{"Total_grad_W":[[-27.042706499713443,27.042706499713443],[-24.06835201919928,24.06835201919928],[32.53185238610982,-32.531857653102996],[11.031624826019321,-11.031628663828394],[-0.0034435050312227756,0.0034435050312227756]],"Total_grad_b":[-1.315201217928709,1.3152005782938636],"Total_cost":[6107,16.631205928822357]}