{"Total_grad_W":[[-2.7540176401595855,2.7540176401595855],[0.27058779683854084,-0.27058779683854084],[-11.69326526872339,11.69326526872339],[7.683269375179098,-7.683268255818119],[-0.000016984867887604698,0.000016984867887604698]],"Total_grad_b":[-0.11509474596142553,0.11509474596142553],"Total_cost":[6107,1.7600084881782412]}