{"Total_grad_W":[[-19.0972379288112,19.0972379288112],[-16.132115298018668,16.132115298018668],[42.455799952922874,-42.455809547445554],[1.6177019263243,-1.6177097618511544],[-0.0022989872416634793,0.0022989872416634793]],"Total_grad_b":[-0.9296598757701203,0.9296598757701203],"Total_cost":[6107,9.179722238008136]}