{"Total_grad_W":[[-22.942938175454398,22.942938175454398],[-18.150223040670543,18.150223040670543],[-14.831864305305388,14.831864305305388],[74.83803038521368,-74.8380150339774],[-0.0026497692528539307,0.0026497692528539307]],"Total_grad_b":[-1.0970959498641415,1.0970959498641415],"Total_cost":[6107,12.630619588991005]}