{"Total_grad_W":[[-23.57474644874734,23.57474644874734],[-19.770573215162926,19.770573215162926],[-31.07039885070411,31.070397891251844],[23.7302067595651,-23.73019204796366],[-0.0028678695874848966,0.0028678695874848966]],"Total_grad_b":[-1.133531389600305,1.133531389600305],"Total_cost":[6107,13.25305715203285]}