{"Total_grad_W":[[-1.1898644501826796,1.1898644501826796],[1.5707528086366056,-1.5707528086366056],[-13.89449958807516,13.894504385336498],[4.078183926360119,-4.078188163940969],[0.00016199030129710802,-0.00016199030129710802]],"Total_grad_b":[-0.03878762691954417,0.03878762691954417],"Total_cost":[6107,1.575391032381935]}