{"Total_grad_W":[[-1.9848332184122728,1.9848332184122728],[0.9554808850723299,-0.9554808850723299],[13.475373898548796,-13.475378855718848],[6.025853320856189,-6.025848283731783],[0.0000957023625056053,-0.0000957023625056053]],"Total_grad_b":[-0.08256321880964596,0.08256321880964596],"Total_cost":[6107,1.6520131587452616]}