{"Total_grad_W":[[-4.870287390334606,4.870287390334606],[-2.456640992790036,2.4566012554752743],[31.550923248935646,-31.550932843458327],[-25.145782375757328,25.145792609914853],[-0.0003938370510699102,0.0003938370510699102]],"Total_grad_b":[-0.22736591009924254,0.22736591009924254],"Total_cost":[6107,2.642541438807839]}