{"Total_grad_W":[[-11.570602894219748,11.570602894219748],[-8.379174097091452,8.379174097091452],[45.73262495906337,-45.73263007614213],[-3.7059249615579457,3.705913448130731],[-0.0012186875568975183,0.0012186875568975183]],"Total_grad_b":[-0.5565118685045082,0.5565118685045082],"Total_cost":[6107,5.1083175885619925]}