{"Total_grad_W":[[-21.367128653594236,21.367128653594236],[-18.07617795153103,18.07617795153103],[4.960001754198563,-4.959996876982868],[10.397032222244965,-10.39703030334043],[-0.0026192815014514513,0.0026192815014514513]],"Total_grad_b":[-1.0295973034913828,1.0295973034913828],"Total_cost":[6107,12.917527158061665]}