{"Total_grad_W":[[-2.9429123102203416,2.9429123102203416],[0.1385716322265945,-0.1385716322265945],[1.2779136646471263,-1.2779085475683643],[-4.015158066562961,4.0151631836417225],[-0.000039532309724711854,0.000039532309724711854]],"Total_grad_b":[-0.1252741147633639,0.1252741147633639],"Total_cost":[6107,1.7696281898170758]}