{"Total_grad_W":[[-4.168940515238661,4.168940515238661],[-1.6816510190662355,1.6816510190662355],[31.301791233420666,-31.3017762020018],[-17.674420746684135,17.674409872891765],[-0.0002654364168770832,0.0002654364168770832]],"Total_grad_b":[-0.195394368263046,0.195394368263046],"Total_cost":[6107,2.4934205817336452]}