{"Total_grad_W":[[-0.6156146379155067,0.6156146379155067],[2.0560374593352146,-2.0560374593352146],[-6.318027004743532,6.318027004743532],[5.070284755838587,-5.070293550817709],[0.00024274561327882263,-0.00024274561327882263]],"Total_grad_b":[-0.013181135309724385,0.013181135309724385],"Total_cost":[6107,1.3234596355636556]}