{"Total_grad_W":[[-4.858875356174167,4.858875356174167],[-2.011674355344021,2.011674355344021],[29.620783367191336,-29.620803675597674],[-15.166747687080399,15.166743849271327],[-0.0003385257853683989,0.0003385257853683989]],"Total_grad_b":[-0.22302706861956645,0.22302706861956645],"Total_cost":[6107,2.7595302703827507]}