{"Total_grad_W":[[-29.073386585066316,29.07339170214508],[-25.7888942760357,25.78889939311446],[5.441234508044047,-5.441234508044047],[16.106806706187573,-16.106809104818243],[-0.0036931409565657157,0.0036931409565657157]],"Total_grad_b":[-1.4125310142945595,1.4125310142945595],"Total_cost":[6107,17.07211333910624]}