{"Total_grad_W":[[-17.962327106701327,17.962327106701327],[-15.311217372226544,15.311217372226544],[22.06340956074996,-22.06341467782872],[5.538806006427051,-5.538795132634681],[-0.002203880169201506,0.002203880169201506]],"Total_grad_b":[-0.8690922526148273,0.8690922526148273],"Total_cost":[6107,8.596138053635757]}