{"Total_grad_W":[[-0.6333167571296898,0.6333167571296898],[1.8636093826756182,-1.8636093826756182],[-3.6200270589525854,3.620037153189987],[4.761496277005383,-4.7614988355447645],[0.00022062761744169238,-0.00022062761744169238]],"Total_grad_b":[-0.015955796467412683,0.015955796467412683],"Total_cost":[6107,1.3186592743698788]}