{"Total_grad_W":[[-12.217671575650892,12.217671575650892],[-8.289425972500819,8.289425972500819],[-59.95121057290814,59.95121057290814],[14.40844578646942,-14.408440229641702],[-0.001270277187440484,0.001270277187440484]],"Total_grad_b":[-0.5681335739053289,0.5681335739053289],"Total_cost":[6107,5.562443989733759]}