{"Total_grad_W":[[-3.5635665911044705,3.5635665911044705],[-0.48449129361030374,0.48449129361030374],[-16.36839896839692,16.36839896839692],[16.54343104608441,-16.543439841063535],[-0.0001338172929072626,0.0001338172929072626]],"Total_grad_b":[-0.15319717279799308,0.15319717279799308],"Total_cost":[6107,2.1153981584854287]}