{"Total_grad_W":[[-1.441420042126351,1.441420042126351],[1.282133915390382,-1.282133915390382],[-11.887336797169231,11.88735710557557],[11.532988277652054,-11.532983230533354],[0.00013471543145356405,-0.00013471543145356405]],"Total_grad_b":[-0.053448614754808776,0.053448614754808776],"Total_cost":[6107,1.5190532129134684]}