{"Total_grad_W":[[-12.962882629564435,12.962882629564435],[-8.775917044477648,8.775917044477648],[-73.14144948931553,73.1414546063943],[25.835372862340346,-25.835377499692974],[-0.001328424910037358,0.001328424910037358]],"Total_grad_b":[-0.6056275893218079,0.6056275893218079],"Total_cost":[6107,5.643730461100737]}