{"Total_grad_W":[[-6.759335630475274,6.759335630475274],[-4.542948161753419,4.542948161753419],[-6.867403696577698,6.867403696577698],[-42.973995645365974,42.973995645365974],[-0.000712081914411076,0.000712081914411076]],"Total_grad_b":[-0.31290630304971495,0.31290630304971495],"Total_cost":[6107,3.1136924448267647]}