{"Total_grad_W":[[-13.965535195267725,13.965535195267725],[-9.920558951305878,9.920558951305878],[-14.607763759824792,14.607763759824792],[7.0203002509927135,-7.020296413183642],[-0.0014809405177085007,0.0014809405177085007]],"Total_grad_b":[-0.6605753307551785,0.6605753307551785],"Total_cost":[6107,6.084269851632416]}