{"Total_grad_W":[[-3.9224350402842028,3.9224350402842028],[-0.5704868354753638,0.5704868354753638],[45.580744704463115,-45.58074982154188],[22.431535884794087,-22.431541161781563],[-0.00010092436427938893,0.00010091466278652718]],"Total_grad_b":[-0.18283856112222654,0.18283856112222654],"Total_cost":[6107,2.221214552092388]}