{"Total_grad_W":[[-2.6276303383924184,2.6276303383924184],[0.9565984970500041,-0.9565984970500041],[-23.35331717828926,23.353306944131734],[28.99005008021021,-28.99004640230985],[0.00007744798376065572,-0.00007744798376065572]],"Total_grad_b":[-0.1064798327930551,0.1064798327930551],"Total_cost":[6107,1.9848482748294678]}