{"Total_grad_W":[[-26.70421365850663,26.70421365850663],[-23.767902100049124,23.767902100049124],[47.40890256570329,-47.40891855657442],[-6.617372674287703,6.61736499866956],[-0.0034056462534168496,0.0034056462534168496]],"Total_grad_b":[-1.2993060721495313,1.2993060721495313],"Total_cost":[6107,16.51496761838595]}