{"Total_grad_W":[[-22.008695835721305,22.008695835721305],[-17.889078682761586,17.889078682761586],[12.347186518160512,-12.347166049845464],[-18.688642707651056,18.688660617426724],[-0.00260958235100246,0.00260958235100246]],"Total_grad_b":[-1.0584774563896961,1.0584774563896961],"Total_cost":[6107,10.810225913176934]}