{"Total_grad_W":[[-14.994970871029146,14.994970871029146],[-10.473919928591165,10.473919928591165],[-33.43592457937613,33.43592457937613],[9.413097610835926,-9.413110403532832],[-0.0015663072327769523,0.0015663072327769523]],"Total_grad_b":[-0.7072097181161219,0.7072097181161219],"Total_cost":[6107,6.185730091730754]}