{"Total_grad_W":[[-3.5653563293786843,3.5653563293786843],[-0.5494588449346037,0.5494588449346037],[-37.81666274357295,37.816667221016864],[-21.962966421729163,21.962961304650403],[-0.00016824072963460995,0.00016824072963460995]],"Total_grad_b":[-0.14847742595706961,0.14847742595706961],"Total_cost":[6107,1.7643272998549566]}