{"Total_grad_W":[[-2.555025986764676,2.555025986764676],[0.48721155066995353,-0.48717189330954747],[6.179716603385459,-6.179716603385459],[6.586920938574586,-6.586928454284019],[0.00002577540008569283,-0.00002577540008569283]],"Total_grad_b":[-0.10927618641070186,0.10927618641070186],"Total_cost":[6107,1.72533782480783]}