{"Total_grad_W":[[-3.325058390665937,3.325058390665937],[-0.4295850734732556,0.4295850734732556],[-42.3553344266825,42.35533058887342],[-28.408995632573276,28.408987956955134],[-0.00015343949430524103,0.00015343949430524103]],"Total_grad_b":[-0.1368409964619398,0.1368409964619398],"Total_cost":[6107,1.6660812434252739]}