{"Total_grad_W":[[-3.629163962876873,3.629163962876873],[-0.5601199187407893,0.5601199187407893],[28.755990979869413,-28.756001054118226],[9.701242474696045,-9.701231201131899],[-0.00010888860915518049,0.00010888860915518049]],"Total_grad_b":[-0.16692773367040223,0.16692773367040223],"Total_cost":[6107,2.1103758335463536]}