{"Total_grad_W":[[-2.2493777377370807,2.2493777377370807],[0.8089665771604306,-0.8089665771604306],[15.68940559213556,-15.68940559213556],[5.221311657600909,-5.221321731849722],[0.00007380980681685939,-0.00007380980681685939]],"Total_grad_b":[-0.09572140956170941,0.09572140956170941],"Total_cost":[6107,1.7977160611586422]}