{"Total_grad_W":[[-2.5437087275616097,2.5437087275616097],[0.19240930237745876,-0.19240930237745876],[12.752806237974864,-12.752806397883576],[10.509505253640802,-10.509506492933314],[-0.000015247569881368623,0.000015247569881368623]],"Total_grad_b":[-0.10953990335996985,0.10953990335996985],"Total_cost":[6107,2.312285267529623]}