{"Total_grad_W":[[-2.247247211511892,2.247247211511892],[0.6178421662641231,-0.6178421662641231],[3.2520850496868348,-3.252080092516784],[2.688846011588904,-2.688849509591964],[0.0000458372406391889,-0.0000458372406391889]],"Total_grad_b":[-0.09485793999921326,0.09485793999921326],"Total_cost":[6107,1.5333451812449725]}