{"Total_grad_W":[[-2.954356456985836,2.954356456985836],[-0.8801115519172414,0.8801115519172414],[30.263570213036783,-30.263580447194304],[-4.813881931083183,4.813878413091534],[-0.00016079689567444737,0.00016079689567444737]],"Total_grad_b":[-0.1334010390148472,0.1334010390148472],"Total_cost":[6107,2.9648690489071376]}