{"Total_grad_W":[[-1.10263848574126,1.10263848574126],[1.3879982995307638,-1.3879982995307638],[-1.7453159740167534,1.7453159740167534],[1.1253355684306943,-1.1253292120594196],[0.00015292808703867137,-0.00015292808703867137]],"Total_grad_b":[-0.03929652827293954,0.03929652827293954],"Total_cost":[6107,1.477346004535691]}