{"Total_grad_W":[[-3.970214164137977,3.970214164137977],[-0.12690599190733995,0.12690599190733995],[19.44552997584739,-19.445519741689864],[26.983617512434503,-26.983622629513263],[-0.0000590913855387299,0.0000590913855387299]],"Total_grad_b":[-0.17850753236992065,0.17850753236992065],"Total_cost":[6107,2.0108331603995384]}