{"Total_grad_W":[[-12.750134643134928,12.750134643134928],[-7.940138293850806,7.940138293850806],[-26.85811108154577,26.85811108154577],[91.49159439858974,-91.49157233118757],[-0.0011731655757361238,0.0011731655757361238]],"Total_grad_b":[-0.6008135875391456,0.6008135875391456],"Total_cost":[6107,5.534494143724441]}