{"Total_grad_W":[[-2.5358253480253192,2.5358253480253192],[0.35464825840224334,-0.35464825840224334],[-24.814220297916325,24.814220297916325],[-0.12401464252087768,0.12401336325118716],[-0.000018409597750711074,0.000018409597750711074]],"Total_grad_b":[-0.10263483407592273,0.10263483407592273],"Total_cost":[6107,1.6491869383169906]}