{"Total_grad_W":[[-38.112766343949566,38.112766343949566],[-39.923732499590635,39.923732499590635],[246.77215183396103,-246.77215183396103],[-81.24765637792697,81.24763590961192],[-0.005578289216252226,0.005578289216252226]],"Total_grad_b":[-1.9015433269455133,1.9015433269455133],"Total_cost":[6107,28.671760002772015]}