{"Total_grad_W":[[-9.675873997052562,9.675873997052562],[-5.244068026445063,5.244068026445063],[-91.07672547895858,91.07672036187981],[-1.2684254013069018,1.268432117472777],[-0.0008695580203111148,0.0008695580203111148]],"Total_grad_b":[-0.4355574889407135,0.4355574889407135],"Total_cost":[6107,3.760011276374261]}