{"Total_grad_W":[[-11.530856304752742,11.530856304752742],[-8.493563514460865,8.493563514460865],[-47.450419344604555,47.450419344604555],[-34.725603847275664,34.72560116880475],[-0.0013077959054734834,0.0013077959054734834]],"Total_grad_b":[-0.5370164780330206,0.5370164780330206],"Total_cost":[6107,4.81252848681967]}