{"Total_grad_W":[[-6.017860763647249,6.017860763647249],[-1.943953855622902,1.943953855622902],[-12.264248185995578,12.264239231107744],[18.068387838750613,-18.068386559480924],[-0.00034454155518728717,0.00034454155518728717]],"Total_grad_b":[-0.2695190694536303,0.2695190694536303],"Total_cost":[6107,2.6231332647948573]}