{"Total_grad_W":[[-11.454418661474538,11.454418661474538],[-8.854466921923612,8.854466921923612],[-50.01021624774849,50.01020729286065],[-73.36068497216309,73.36067473800557],[-0.0013658314460190965,0.0013658314460190965]],"Total_grad_b":[-0.5335232122685801,0.5335232122685801],"Total_cost":[6107,4.585973973971947]}