{"Total_grad_W":[[-1.5706512066391538,1.5706512066391538],[0.9920712913411991,-0.9920712913411991],[-27.74163645458081,27.741631337502046],[-3.3263824747728017,3.326379916233421],[0.00007985174943835876,-0.00007985174943835876]],"Total_grad_b":[-0.05781407010365922,0.05781407010365922],"Total_cost":[6107,1.454311380347914]}