{"Total_grad_W":[[-5.258352266857896,5.258352266857896],[-2.702514628448911,2.702514628448911],[10.339442698952022,-10.339442698952022],[-20.76654247623117,20.76654247623117],[-0.00043338179998240106,0.00043338179998240106]],"Total_grad_b":[-0.2430986023698791,0.2430986023698791],"Total_cost":[6107,2.7255898736797697]}