{"Total_grad_W":[[-3.233347566541213,3.233347566541213],[-0.6705958502410144,0.6705958502410144],[17.4584445231906,-17.458452198808743],[-10.47616496694367,10.476179998362534],[-0.0001395953712710113,0.0001395953712710113]],"Total_grad_b":[-0.14481992145324077,0.14481992145324077],"Total_cost":[6107,2.16252915355262]}