{"Total_grad_W":[[-1.282159320886892,1.282159320886892],[1.5227022997111408,-1.5227022997111408],[-17.752494575896513,17.752509607315375],[-2.9645357658220077,2.9645383243613885],[0.00015034812678091456,-0.00015034812678091456]],"Total_grad_b":[-0.04210090918296563,0.04210090918296563],"Total_cost":[6107,1.3464667285566783]}