{"Total_grad_W":[[-4.01438642707651,4.01438642707651],[-1.0712342737777858,1.0712342737777858],[27.9943604195237,-27.9943604195237],[-11.206972563502948,11.206979119760112],[-0.000193530906236404,0.000193530906236404]],"Total_grad_b":[-0.18381761969726723,0.18381761969726723],"Total_cost":[6107,2.393338663072537]}