{"Total_grad_W":[[-4.290133248730965,4.290133248730965],[-1.1357092812854996,1.1357092812854996],[-38.36265632675618,38.362661443834945],[-18.864006196142746,18.86400739545808],[-0.0002554363800011135,0.0002554363800011135]],"Total_grad_b":[-0.18266762620555177,0.18267010978772438],"Total_cost":[6107,1.943631945497043]}