{"Total_grad_W":[[-2.5270812998275543,2.5270812998275543],[0.20498869605319714,-0.20498869605319714],[21.452996913122238,-21.453002030201],[0.06093193517684624,-0.06093193517684624],[-0.000008268531613797315,0.000008268531613797315]],"Total_grad_b":[-0.11081916555476809,0.11081916555476809],"Total_cost":[6107,1.9474109396018344]}