{"Total_grad_W":[[-1.3763066040858594,1.3763066040858594],[1.233398677363067,-1.233398677363067],[2.3115585374621337,-2.3115632547691174],[-2.1946146983609998,2.194608302012547],[0.00013530558877672915,-0.00013530558877672915]],"Total_grad_b":[-0.05393307310909848,0.05393307310909848],"Total_cost":[6107,1.3832272690590146]}