{"Total_grad_W":[[-1.7006305090549907,1.7006305090549907],[1.3796762104449811,-1.379715947759743],[9.444520771981692,-9.44451565490293],[14.789995727239234,-14.789990610160471],[0.00015692802035361552,-0.00015692802035361552]],"Total_grad_b":[-0.06836943550665796,0.06836943550665796],"Total_cost":[6107,1.6916928382853582]}