{"Total_grad_W":[[-7.273052679686221,7.273052679686221],[-3.6751003187300433,3.6751003187300433],[-5.289201940396267,5.289191706238743],[2.2527609838095626,-2.2527600243572947],[-0.0005927877782779804,0.0005927877782779804]],"Total_grad_b":[-0.333346783987957,0.333346783987957],"Total_cost":[6107,3.5661525663131517]}