{"Total_grad_W":[[-13.92044013913337,13.92044013913337],[-9.730068398552634,9.730068398552634],[20.285276421396553,-20.285276421396553],[-6.3839843110365155,6.383999662272802],[-0.001457772201068354,0.001457772201068354]],"Total_grad_b":[-0.6595841515995349,0.6595841515995349],"Total_cost":[6107,5.7384080498382]}