{"Total_grad_W":[[-29.363784002988375,29.363784002988375],[-26.53754848432127,26.53754848432127],[10.471600212870477,-10.471605329949238],[-17.615736168536106,17.61574384415425],[-0.00380958127998888,0.003809581592310582]],"Total_grad_b":[-1.426826693177399,1.426826693177399],"Total_cost":[6107,17.152100872946903]}