{"Total_grad_W":[[-18.449362667840184,18.449362667840184],[-15.64375889092435,15.64375889092435],[28.238389028471428,-28.23839894281153],[-28.591477377394792,28.591476737759947],[-0.0022506069313275438,0.0022506069313275438]],"Total_grad_b":[-0.8944595709201532,0.8944595709201532],"Total_cost":[6107,8.819970881938934]}