{"Total_grad_W":[[-2.9026174337594153,2.9026174337594153],[-0.31374520913500903,0.31374520913500903],[22.171358095090675,-22.171363372078147],[-12.604059634435893,12.604062192975274],[-0.00008504445763252674,0.00008504445763252674]],"Total_grad_b":[-0.12997510481216484,0.12997510481216484],"Total_cost":[6107,2.1424382904977044]}