{"Total_grad_W":[[-2.575853696641661,2.575853696641661],[0.7121845480851892,-0.7121845480851892],[-24.53212789882512,24.53212789882512],[9.686212015284715,-9.686204419620926],[0.00003447805642496062,-0.00003447805642496062]],"Total_grad_b":[-0.10317342418372699,0.10317342418372699],"Total_cost":[6107,1.6617929814291525]}