{"Total_grad_W":[[-29.808730631856886,29.808730631856886],[-28.43492163193876,28.43492674901752],[32.713439751514656,-32.71344998567218],[-27.78423013869842,27.78420599248301],[-0.004049869416797339,0.004049870666084146]],"Total_grad_b":[-1.457447452398375,1.457447452398375],"Total_cost":[6107,19.17059224843979]}