{"Total_grad_W":[[-0.8865736528330707,0.8865736528330707],[1.8072108119916501,-1.8072108119916501],[-15.227937714917308,15.227927480759783],[8.271534561349617,-8.27154449068116],[0.00020818108400268642,-0.00020818108400268642]],"Total_grad_b":[-0.0263563336962195,0.0263563336962195],"Total_cost":[6107,1.4573512088213905]}