{"Total_grad_W":[[-1.3243922909289545,1.3243922909289545],[1.2330635486813288,-1.2330635486813288],[-10.572661638923572,10.572666596093622],[2.6598442681042247,-2.659851943722368],[0.0001225670284465192,-0.0001225670284465192]],"Total_grad_b":[-0.047602014337055264,0.047602014337055264],"Total_cost":[6107,1.5615838332014806]}