{"Total_grad_W":[[-2.196252963108421,2.196252963108421],[0.467622663573819,-0.467622663573819],[0.49683324783547567,-0.4968431621755772],[-0.6716249027755036,0.6716249027755036],[0.00002194742152270034,-0.00002194742152270034]],"Total_grad_b":[-0.09299605041473924,0.09299605041473924],"Total_cost":[6107,1.7364515068057578]}