{"Total_grad_W":[[-24.169405369862453,24.169405369862453],[-20.454207262158178,20.454207262158178],[45.12793464467005,-45.12793464467005],[-5.7259465316440155,5.725948130731128],[-0.002952650328480477,0.002952650328480477]],"Total_grad_b":[-1.1698053415266292,1.1698053415266292],"Total_cost":[6107,13.171540374088211]}