{"Total_grad_W":[[-0.9327402372533568,0.9327402372533568],[1.7650233559665458,-1.7650233559665458],[-15.071827635039709,15.071827635039709],[5.277546874040548,-5.277544465415583],[0.00019901534120014066,-0.00019901534120014066]],"Total_grad_b":[-0.028092006585280594,0.028092006585280594],"Total_cost":[6107,1.4574304618176248]}