{"Total_grad_W":[[-29.74615707384968,29.74615707384968],[-26.673862345464222,26.6738649040036],[34.530318371847876,-34.530318371847876],[25.787043492610938,-25.787034537723105],[-0.0038021164789944716,0.0038021164789944716]],"Total_grad_b":[-1.4494799209027551,1.4494799209027551],"Total_cost":[6107,19.304081402222316]}