{"Total_grad_W":[[-21.967519342557722,21.967519342557722],[-19.524164125184214,19.524164125184214],[15.874578480636973,-15.874588714794498],[-15.52134333551662,15.521332141906829],[-0.0027989671256473106,0.0027989671256473106]],"Total_grad_b":[-1.0674653653722164,1.0674653653722164],"Total_cost":[6107,12.270130667090415]}