{"Total_grad_W":[[-3.4802601890632676,3.4802601890632676],[-0.9975383652980186,0.9975383652980186],[35.627087048545725,-35.627087048545725],[-8.20569953025217,8.205705926600622],[-0.00017517641130593867,0.00017517641130593867]],"Total_grad_b":[-0.16023459527424982,0.16023459527424982],"Total_cost":[6107,2.5438825952476782]}