{"Total_grad_W":[[-3.5392171717010195,3.5392171717010195],[-0.5157717762083982,0.5157717762083982],[-30.554903696577696,30.554904336212545],[-24.474746256856886,24.47475265320534],[-0.00016218813330506036,0.00016218813330506036]],"Total_grad_b":[-0.1477924519950051,0.1477924519950051],"Total_cost":[6107,1.8041119051503491]}