{"Total_grad_W":[[-3.4282252697580007,3.4282252697580007],[0.2595808904612535,-0.2595808904612535],[45.92754376381611,-45.92752329550106],[56.75879945656624,-56.75879817729655],[0.00002087244469033768,-0.00002087244469033768]],"Total_grad_b":[-0.15668316583928568,0.15668316583928568],"Total_cost":[6107,2.3578929635352934]}