{"Total_grad_W":[[-2.0707230556220066,2.0707230556220066],[0.7916954768861553,-0.7916954768861553],[-10.083553261114295,10.083553101205585],[-7.390669254735856,7.390667975466166],[0.00004358201199083842,-0.00004358201199083842]],"Total_grad_b":[-0.08056388880044285,0.08056388880044285],"Total_cost":[6107,1.6248851321812576]}