{"Total_grad_W":[[-2.9939083176196375,2.9939083176196375],[0.45557831944899296,-0.45557831944899296],[-36.241721526015226,36.241711291857705],[7.210009070022106,-7.21000587184788],[-0.00001924588302748477,0.00001924588302748477]],"Total_grad_b":[-0.12010130406753393,0.12010130406753393],"Total_cost":[6107,1.7135609141241768]}