{"Total_grad_W":[[-4.99904999921145,4.99904999921145],[-2.7376783941583427,2.7376783941583427],[33.00229149183314,-33.002299167451284],[-13.847093371336172,13.847103605493695],[-0.000417928336899156,0.000417928336899156]],"Total_grad_b":[-0.23495538991700418,0.23495538991700418],"Total_cost":[6107,3.055785217484376]}