{"Total_grad_W":[[-1.6586964233858175,1.6586964233858175],[1.300213394177532,-1.300213394177532],[-23.33154576715245,23.33154576715245],[2.1025732429870434,-2.1025783600658055],[0.00011841962316802584,-0.00011841962316802584]],"Total_grad_b":[-0.05995073532421811,0.05995073532421811],"Total_cost":[6107,1.5157770115903448]}