{"Total_grad_W":[[-19.65656022289995,19.65656022289995],[-17.985915240707385,17.985915240707385],[70.13986575343867,-70.13988110467497],[-29.97724978764123,29.97726545869494],[-0.0025637814275211567,0.0025637814275211567]],"Total_grad_b":[-0.9617595107305141,0.9617595107305141],"Total_cost":[6107,10.54598538565527]}