{"Total_grad_W":[[-21.67830013202063,21.67830013202063],[-18.522027424983627,18.522027424983627],[3.881563133238497,-3.8815935158936465],[-1.1877975101574014,1.1877987094727362],[-0.0026820023360064208,0.0026820023360064208]],"Total_grad_b":[-1.0462678266231373,1.0462678266231373],"Total_cost":[6107,10.25544208486875]}