{"Total_grad_W":[[-1.7715310533522624,1.7715310533522624],[0.9268561163802809,-0.9268561163802809],[-26.615181285307845,26.61518608256918],[-0.026388175518360077,0.026388255472715737],[0.00007421369733758892,-0.00007421369733758892]],"Total_grad_b":[-0.067580686100419,0.067580686100419],"Total_cost":[6107,1.3712488960824774]}