{"Total_grad_W":[[-20.838320139798594,20.838320139798594],[-16.887361902836908,16.887361902836908],[-5.189649812714917,5.189660046872442],[22.112198548092866,-22.112203905034693],[-0.0024476461252800003,0.0024476461252800003]],"Total_grad_b":[-1.0030690879190887,1.0030690879190887],"Total_cost":[6107,8.942036055525143]}