{"Total_grad_W":[[-22.87308429363845,22.87308429363845],[-18.310299016497463,18.310299016497463],[-59.82564417625266,59.82564417625266],[40.937601701940395,-40.93759786413133],[-0.0026781647611761397,0.0026781647611761397]],"Total_grad_b":[-1.0927136316419683,1.0927136316419683],"Total_cost":[6107,11.812825218339759]}