{"Total_grad_W":[[-6.175217251975193,6.175217251975193],[-2.070821179604987,2.070821179604987],[-37.6520469594318,37.65203688518299],[28.800769176892295,-28.800758383054283],[-0.00036879254964675764,0.00036879254964675764]],"Total_grad_b":[-0.2753150981167871,0.2753150981167871],"Total_cost":[6107,2.5382844577431674]}