{"Total_grad_W":[[-26.21653558416571,26.21653558416571],[-21.15498288337154,21.15498288337154],[-36.61238871952779,36.61238871952779],[53.550092043454235,-53.55009971907238],[-0.0030742054663333795,0.0030742060909767833]],"Total_grad_b":[-1.2580191020550189,1.2580191020550189],"Total_cost":[6107,14.184075136234362]}