{"Total_grad_W":[[-8.29752071137629,8.29752071137629],[-4.490589792099486,4.490589792099486],[-22.515779791632553,22.515779791632553],[25.65282027795972,-25.652813881611266],[-0.0006879923853914027,0.0006879923853914027]],"Total_grad_b":[-0.38659457089136956,0.38659457089136956],"Total_cost":[6107,3.223518026278665]}