{"Total_grad_W":[[-2.300631955229399,2.300631955229399],[0.6295569185463402,-0.6295569185463402],[-21.153043830338138,21.1530489474169],[-11.042210942617078,11.042201667911822],[0.000019365155757381228,-0.000019365155757381228]],"Total_grad_b":[-0.09091914357931344,0.09091914357931344],"Total_cost":[6107,1.5315639176444265]}