{"Total_grad_W":[[-13.22812049057434,13.22812049057434],[-10.292899509528,10.292899509528],[-0.6364520222695268,0.6364417881120026],[-4.883355709892337,4.883356349527182],[-0.0015067332540886558,0.0015067332540886558]],"Total_grad_b":[-0.6324907436842455,0.6324907436842455],"Total_cost":[6107,5.7838797310988115]}