{"Total_grad_W":[[-19.119502018687573,19.119502018687573],[-16.39109161361962,16.39109161361962],[61.87197644608646,-61.87197644608646],[25.576138134261914,-25.576125421519365],[-0.0023181734370857363,0.0023181734370857363]],"Total_grad_b":[-0.9341949667773661,0.9341949667773661],"Total_cost":[6107,9.876968998461964]}