{"Total_grad_W":[[-3.8340847976707058,3.8340847976707058],[-1.2669013763422736,1.2669013763422736],[-45.439126591411494,45.43912211396758],[-55.05404914442443,55.0540401895366],[-0.0002787491440558289,0.0002787491440558289]],"Total_grad_b":[-0.16163915094151052,0.16163915094151052],"Total_cost":[6107,1.865424365077402]}