{"Total_grad_W":[[-14.730918413296218,14.730918413296218],[-10.202776718826756,10.202776718826756],[-42.614398692074666,42.614418520754874],[-14.815860841362882,14.815854884763386],[-0.0015640826824157624,0.0015640826824157624]],"Total_grad_b":[-0.6886192610362596,0.6886192610362596],"Total_cost":[6107,5.6893179830580864]}