{"Total_grad_W":[[-26.560963597101686,26.560963597101686],[-23.616285614868183,23.616285614868183],[19.44019893922957,-19.44019893922957],[-25.050628377271984,25.050628377271984],[-0.0034066572387655334,0.0034066572387655334]],"Total_grad_b":[-1.2873380444571803,1.2873380444571803],"Total_cost":[6107,15.585794681310654]}