{"Total_grad_W":[[-8.121908005158016,8.121908005158016],[-4.520911661950426,4.520911661950426],[-42.71969346139676,42.71968898395284],[11.83785784371418,-11.837846730058745],[-0.0007294299404574666,0.0007294299404574666]],"Total_grad_b":[-0.3706023255443932,0.3706023255443932],"Total_cost":[6107,3.6852551916905214]}