{"Total_grad_W":[[-2.0855034877689027,2.0855034877689027],[0.6424180164027959,-0.6424180164027959],[-4.732163782339938,4.732154827452105],[4.171677033015392,-4.171682789728999],[0.000050494015773150426,-0.000050494015773150426]],"Total_grad_b":[-0.08733447624420171,0.08733447624420171],"Total_cost":[6107,1.5689423364287585]}