{"Total_grad_W":[[-6.792522824569909,6.792522824569909],[-3.212255547553013,3.212255547553013],[44.54020376847265,-44.54020376847265],[-15.568270625665221,15.568267987171483],[-0.0005127196423605692,0.0005127196423605692]],"Total_grad_b":[-0.31558178947661736,0.31558178947661736],"Total_cost":[6107,3.4318883441174175]}