{"Total_grad_W":[[-22.692692555673815,22.692692555673815],[-19.877626340674635,19.877626340674635],[39.16909002988374,-39.16909002988374],[16.762005946045523,-16.761998270427377],[-0.0028243535705336537,0.0028243535705336537]],"Total_grad_b":[-1.1071323602781644,1.1071323602781644],"Total_cost":[6107,12.75916400551796]}