{"Total_grad_W":[[-13.126589972316603,13.126589972316603],[-9.448070045772269,9.448070045772269],[31.513370986771072,-31.513375923952534],[12.263226369330276,-12.26323404494842],[-0.0013969542450418405,0.0013969542450418405]],"Total_grad_b":[-0.6253561966544539,0.6253561966544539],"Total_cost":[6107,5.69806420460095]}