{"Total_grad_W":[[-2.807193389437838,2.807193389437838],[0.31233889197335024,-0.31233889197335024],[53.6533563719144,-53.65334134049554],[45.86227510438841,-45.86227766292779],[0.000035028384343602176,-0.000035028384343602176]],"Total_grad_b":[-0.1299863696313049,0.1299863696313049],"Total_cost":[6107,2.2486433284683316]}