{"Total_grad_W":[[-2.425426052774992,2.425426052774992],[0.33827155503466183,-0.33827155503466183],[-36.52806397883576,36.52806397883576],[-25.32096300863763,25.320957891558866],[-0.0000354812776513394,0.0000354812776513394]],"Total_grad_b":[-0.0953076913701506,0.0953076913701506],"Total_cost":[6107,1.5343195605917064]}