{"Total_grad_W":[[-22.51889033588505,22.51889033588505],[-19.727386349680696,19.727386349680696],[-14.360791151547405,14.360791151547405],[-9.997544761646472,9.997539804476421],[-0.002846844871324858,0.002846844871324858]],"Total_grad_b":[-1.0883659936215613,1.0883659936215613],"Total_cost":[6107,11.846559966603914]}