{"Total_grad_W":[[-4.089110488604265,4.089110488604265],[-1.7081953654297835,1.708235122733134],[12.228532575323399,-12.228527458244637],[-18.62609089722859,18.626096014307354],[-0.00028190358348382323,0.00028190358348382323]],"Total_grad_b":[-0.1880715824450138,0.1880715824450138],"Total_cost":[6107,2.467753046042656]}