{"Total_grad_W":[[-0.9233087814828271,0.9233087814828271],[1.5792659486552316,-1.5792659486552316],[-6.409591052659858,6.409586095489807],[5.143424901592179,-5.1434236023338995],[0.00017599542616860886,-0.00017599542616860886]],"Total_grad_b":[-0.02906224144760239,0.02906224144760239],"Total_cost":[6107,1.5079460359934844]}