{"Total_grad_W":[[-3.434428473473064,3.434428473473064],[-0.3308593989863067,0.3308593989863067],[33.37244825673919,-33.37245849089672],[19.8967204002579,-19.896720560166614],[-0.00007387675102162677,0.00007387675102162677]],"Total_grad_b":[-0.1578168661324623,0.1578168661324623],"Total_cost":[6107,2.1218924037708025]}