{"Total_grad_W":[[-2.8897654506995045,2.8897654506995045],[-0.702763926129851,0.702763926129851],[29.83341989724906,-29.833409663091533],[2.61754137797814,-2.6175400987084494],[-0.00013254770030947234,0.00013254770030947234]],"Total_grad_b":[-0.13058586114359036,0.13058586114359036],"Total_cost":[6107,2.886266984296212]}