{"Total_grad_W":[[-4.950206666018503,4.950206666018503],[-2.4367802109131937,2.4367802109131937],[16.116269623997052,-16.116259389839527],[-6.761765123526281,6.761754889368757],[-0.00038481192989358736,0.00038481192989358736]],"Total_grad_b":[-0.22940328543990807,0.22940328543990807],"Total_cost":[6107,2.9083753037619715]}