{"Total_grad_W":[[-3.763884293734393,3.763884293734393],[-1.6469493570510467,1.6469493570510467],[17.540668942913868,-17.540659028573767],[-10.584715077856353,10.584710120686303],[-0.00026896919500657966,0.00026896919500657966]],"Total_grad_b":[-0.17337144071192637,0.17337144071192637],"Total_cost":[6107,2.5672802632268334]}