{"Total_grad_W":[[-14.11723259425659,14.11723259425659],[-10.708154448788276,10.708154448788276],[3.0479188840674634,-3.0479166453455053],[13.92238830696332,-13.922380311527755],[-0.0015429338183792637,0.0015429338183792637]],"Total_grad_b":[-0.6802325388482223,0.6802325388482223],"Total_cost":[6107,6.021670843660831]}