{"Total_grad_W":[[-1.115951365684358,1.115951365684358],[1.1981653313756242,-1.1981653313756242],[-1.334298275800311,1.334303232970362],[-4.522446225898559,4.522447665076961],[0.00012319322613856202,-0.00012319322613856202]],"Total_grad_b":[-0.039907883637389084,0.039907883637389084],"Total_cost":[6107,1.5169632356277358]}