{"Total_grad_W":[[-2.9739445545327086,2.9739445545327086],[0.02127841257982643,-0.02127841257982643],[12.894481198573358,-12.894476241403307],[-0.8423045851584248,0.842305704519404],[-0.00004135921111918128,0.00004135921111918128]],"Total_grad_b":[-0.1314291434805698,0.1314291434805698],"Total_cost":[6107,1.9662871883353699]}