{"Total_grad_W":[[-29.714996622728016,29.714996622728016],[-26.912566394096938,26.912566394096938],[9.980204580808907,-9.980179635049943],[-66.76692933538102,66.76691046615308],[-0.003887310577762367,0.003887310577762367]],"Total_grad_b":[-1.4420936575727648,1.4420924182802521],"Total_cost":[6107,15.770799789826073]}