{"Total_grad_W":[[-2.5622036291921666,2.5622036291921666],[0.4890711190795399,-0.4890711190795399],[-17.591814225095177,17.591819342173938],[0.46596055243982315,-0.465961991618225],[0.0000011503833082394923,-0.0000011503833082394923]],"Total_grad_b":[-0.10339703957304854,0.10339703957304854],"Total_cost":[6107,1.6064056530383908]}