{"Total_grad_W":[[-3.0053980783450345,3.0053980783450345],[-1.0437181221983993,1.0436783848836377],[30.6157841411495,-30.61578046324914],[-6.197018406132307,6.197017126862617],[-0.00018406201252204143,0.00018406201252204143]],"Total_grad_b":[-0.13637726494698707,0.13637726494698707],"Total_cost":[6107,3.0084316528624377]}