{"Total_grad_W":[[-6.529182140499632,6.529182140499632],[-3.308394823563124,3.308394823563124],[-28.224225274275422,28.224225274275422],[-31.589287587502046,31.58928886677174],[-0.0005602741545968738,0.0005602741545968738]],"Total_grad_b":[-0.29503252183393547,0.29503252183393547],"Total_cost":[6107,2.457158452940879]}