{"Total_grad_W":[[-25.636303626985427,25.636303626985427],[-22.577721710230065,22.577721710230065],[5.817978472449648,-5.817978472449648],[-3.712182229408875,3.7121937428360896],[-0.003251874507381226,0.003251874507381226]],"Total_grad_b":[-1.2423745532150605,1.2423745532150605],"Total_cost":[6107,15.22980823715528]}