{"Total_grad_W":[[-4.063106653673551,4.063106653673551],[-1.7225450334912804,1.7225052961765188],[38.29817797615697,-38.29817797615697],[-7.1332135510479775,7.133223785205502],[-0.0002747957515544776,0.0002747957515544776]],"Total_grad_b":[-0.18937166650302675,0.18937166650302675],"Total_cost":[6107,3.077626538203134]}