{"Total_grad_W":[[-2.3321999137132594,2.3321999137132594],[0.5807409466084001,-0.5807409466084001],[4.97888773257123,-4.978882615492467],[1.075514170470362,-1.075516729009743],[0.000040716448176877284,-0.000040716448176877284]],"Total_grad_b":[-0.09891823955540262,0.09891823955540262],"Total_cost":[6107,1.56129940071661]}