{"Total_grad_W":[[-1.03747309735818,1.03747309735818],[1.7238504082789217,-1.7238504082789217],[-11.856816940345096,11.85683085240298],[10.664314218798772,-10.664321522129447],[0.0001933244591515096,-0.0001933244591515096]],"Total_grad_b":[-0.03275461417086214,0.03275461417086214],"Total_cost":[6107,1.340411825101279]}