{"Total_grad_W":[[-2.643795070270284,2.643795070270284],[0.12620391271031195,-0.12620391271031195],[18.555959253981086,-18.555949339640986],[2.165929514158957,-2.1659231178105043],[-0.000015917221770185837,0.000015917221770185837]],"Total_grad_b":[-0.11645969548903921,0.11645969548903921],"Total_cost":[6107,1.9504196453017586]}