{"Total_grad_W":[[-4.317204234446639,4.317204234446639],[-0.9310885401741854,0.9310885401741854],[88.65375678332754,-88.65373631501248],[54.80512437059931,-54.80512021297282],[-0.0001240954454545989,0.0001240954454545989]],"Total_grad_b":[-0.20798922311230963,0.20798922311230963],"Total_cost":[6107,2.9245877036277235]}