{"Total_grad_W":[[-25.922042584329457,25.922042584329457],[-23.91572746950221,23.91572746950221],[40.340139381230046,-40.34013426415128],[-15.616899664319634,15.616900943589323],[-0.0034142872579401872,0.0034142872579401872]],"Total_grad_b":[-1.2649825467637035,1.2649825467637035],"Total_cost":[6107,15.388880416750908]}