{"Total_grad_W":[[-21.645469594317994,21.645469594317994],[-17.393650472818077,17.393650472818077],[-34.25299864813176,34.25299864813176],[-7.488579319837891,7.488591472899951],[-0.0025627342128550653,0.0025627342128550653]],"Total_grad_b":[-1.0333733278346058,1.0333720485649152],"Total_cost":[6107,10.326134734133877]}