{"Total_grad_W":[[-1.854790697086847,1.854790697086847],[1.1347354422307394,-1.134775179545501],[6.353561039074013,-6.353560479393524],[2.2124388828905355,-2.2124451193302765],[0.0001147881709008711,-0.0001147881709008711]],"Total_grad_b":[-0.07473285275901694,0.07473285275901694],"Total_cost":[6107,1.589698590866119]}