{"Total_grad_W":[[-19.37089930100704,19.37089930100704],[-16.05727418331423,16.05727418331423],[29.48563891845423,-29.485649152611757],[-7.4221802657299,7.422200094410103],[-0.0023207701187546053,0.0023207701187546053]],"Total_grad_b":[-0.9363002649047711,0.9363002649047711],"Total_cost":[6107,9.184093333284059]}