{"Total_grad_W":[[-1.3080560769467926,1.3080560769467926],[1.332682438249652,-1.332682438249652],[3.340300689142582,-3.340280700553668],[0.3177035893748977,-0.31770550827943345],[0.00014747983991211596,-0.00014747983991211596]],"Total_grad_b":[-0.049901713359877115,0.049901713359877115],"Total_cost":[6107,1.4680569006168616]}