{"Total_grad_W":[[-2.617629237820713,2.617629237820713],[0.23254108694428524,-0.23254108694428524],[-23.3052909954765,23.30528076131898],[-2.6109367484290567,2.6109342698440314],[-0.000034278168095803715,0.000034278168095803715]],"Total_grad_b":[-0.10694478303120845,0.10694478303120845],"Total_cost":[6107,1.6587226108727624]}