{"Total_grad_W":[[-4.168294723908016,4.168294723908016],[-0.48879481681497666,0.48879481681497666],[-33.842304425249715,33.842304425249715],[1.073135528389553,-1.0731417648292942],[-0.0001545129635143889,0.0001545129635143889]],"Total_grad_b":[-0.1771753566324057,0.1771753566324057],"Total_cost":[6107,2.1969286052466237]}