{"Total_grad_W":[[-3.4843962378757216,3.4843962378757216],[-0.9626759475550598,0.9626759475550598],[21.847213182938123,-21.847213182938123],[0.2886320257491403,-0.28864098063697397],[-0.00016112815675943168,0.00016112815675943168]],"Total_grad_b":[-0.16063368119407992,0.16063368119407992],"Total_cost":[6107,2.348092200570762]}