{"Total_grad_W":[[-5.457270673318016,5.457270673318016],[-2.645676356281726,2.645716173550843],[53.867793154244104,-53.867798191368514],[-2.4023626192279353,2.4023677363066973],[-0.00038825583297881906,0.00038825583297881906]],"Total_grad_b":[-0.26170505281944645,0.26170505281944645],"Total_cost":[6107,3.0481199126861895]}