{"Total_grad_W":[[-1.689937188657739,1.689937188657739],[0.9964445097582691,-0.9964047724435074],[1.8831145675556737,-1.883109610385623],[-1.2258907235037662,1.2258957606281726],[0.00010164071558266318,-0.00010164071558266318]],"Total_grad_b":[-0.06917577580810667,0.06917577580810667],"Total_cost":[6107,1.478709510720658]}