{"Total_grad_W":[[-24.898449013427214,24.898449013427214],[-21.965244801047977,21.965244801047977],[71.91092669017111,-71.9109265302624],[-22.00040009159571,22.000402969952514],[-0.003141487915503797,0.003141487915503797]],"Total_grad_b":[-1.2133764876307414,1.2133764876307414],"Total_cost":[6107,13.417027443895739]}