{"Total_grad_W":[[-2.5582458486099457,2.5582458486099457],[0.8118366986654658,-0.8118366986654658],[57.89733620870518,-57.897336368613885],[57.98691994714058,-57.98692490431063],[0.00011050383939629044,-0.00011050383939629044]],"Total_grad_b":[-0.11761053318631459,0.11761053318631459],"Total_cost":[6107,2.2264430441909417]}