{"Total_grad_W":[[-1.9916796049471277,1.9916796049471277],[1.2135716162357233,-1.2135716162357233],[-15.693647210680366,15.69364753049779],[10.104045442537764,-10.104034208950795],[0.00011425634316303384,-0.0001142660422158823]],"Total_grad_b":[-0.07625635114925591,0.07625635114925591],"Total_cost":[6107,1.5386512621579798]}