{"Total_grad_W":[[-15.152082778983134,15.152082778983134],[-10.401831082671524,10.401831082671524],[-54.787796023006386,54.787796023006386],[1.1315686500890372,-1.1315596952012035],[-0.0015809092483408073,0.0015809092483408073]],"Total_grad_b":[-0.7102853522980801,0.7102853522980801],"Total_cost":[6107,6.086363486386836]}