{"Total_grad_W":[[-3.55691165027709,3.55691165027709],[-0.6224767204898067,0.6224767204898067],[25.23196197754626,-25.23196709462502],[-9.4616780372421,9.461682034959882],[-0.0001290704471225217,0.0001290704471225217]],"Total_grad_b":[-0.16138610664943598,0.16138610664943598],"Total_cost":[6107,2.4101195799450528]}