{"Total_grad_W":[[-25.582887081422957,25.582887081422957],[-23.346971201080727,23.346951372400525],[55.9052112330113,-55.9052112330113],[5.026619683355166,-5.026591859239398],[-0.0033326128685905792,0.0033326128685905792]],"Total_grad_b":[-1.247867857197683,1.247867857197683],"Total_cost":[6107,14.83064430405696]}