{"Total_grad_W":[[-8.903852328782545,8.903852328782545],[-5.435358022811937,5.435358022811937],[9.372151386216636,-9.372171534714262],[3.4207767469706893,-3.4207697109873916],[-0.0008164061151355852,0.0008164061151355852]],"Total_grad_b":[-0.41921349440031674,0.41921349440031674],"Total_cost":[6107,4.488196029037984]}