{"Total_grad_W":[[-8.631611630552351,8.631611630552351],[-5.609302161581996,5.609302161581996],[38.08008292226134,-38.08009315641886],[11.250820651506467,-11.250820651506467],[-0.0008192196773861987,0.0008192196773861987]],"Total_grad_b":[-0.412741561909637,0.412741561909637],"Total_cost":[6107,4.850861451035278]}