{"Total_grad_W":[[-22.30858287620763,22.308543218847223],[-18.498318399991813,18.498318399991813],[41.27463745496971,-41.27463745496971],[41.7132792031685,-41.71328879769118],[-0.002658496692408238,0.002658496692408238]],"Total_grad_b":[-1.0797747381974578,1.0797747381974578],"Total_cost":[6107,10.210981775323551]}