{"Total_grad_W":[[-11.334152598964303,11.334152598964303],[-7.76377277739684,7.76377277739684],[-29.619836867529067,29.61982663337154],[21.206060604122317,-21.206049250603815],[-0.0011749668521109668,0.0011749668521109668]],"Total_grad_b":[-0.5301704462956187,0.5301704462956187],"Total_cost":[6107,5.439829233746664]}