{"Total_grad_W":[[-28.486906035082693,28.48692650339774],[-24.44553509292615,24.44553509292615],[-32.457243288951204,32.45724840602997],[-33.30159358625348,33.30158846917472],[-0.003549888752009253,0.00354989000129606]],"Total_grad_b":[-1.3746145400513754,1.3746145400513754],"Total_cost":[6107,13.9325770119826]}