{"Total_grad_W":[[-24.817945211437696,24.817945211437696],[-22.023525769608646,22.023525769608646],[8.770167686671034,-8.770158092148355],[-17.261503832691993,17.261512787579825],[-0.0031768561619792495,0.0031768561619792495]],"Total_grad_b":[-1.201496529661147,1.201496529661147],"Total_cost":[6107,14.437574943900108]}