{"Total_grad_W":[[-0.6014673143395898,0.6014673143395898],[1.9145814637339835,-1.9145814637339835],[-16.430626244089773,16.430631201259825],[6.777389244028369,-6.777389483891436],[0.0002234484863121185,-0.0002234484863121185]],"Total_grad_b":[-0.012727515366027842,0.012727515366027842],"Total_cost":[6107,1.3278383271672078]}