{"Total_grad_W":[[-2.455216306115165,2.455216306115165],[0.4315519556195759,-0.4315519556195759],[-28.264504359751104,28.26450979664729],[1.1155884128868512,-1.1155800976338628],[-0.0000073868181694933995,0.0000073868181694933995]],"Total_grad_b":[-0.09840424798291152,0.09840424798291152],"Total_cost":[6107,1.6377700685226937]}