{"Total_grad_W":[[-4.0270180959094075,4.0270180959094075],[-0.3011125008954888,0.30115223821025056],[39.592054008207796,-39.59205408816215],[32.34050233402755,-32.34049481831812],[-0.00008018705972540646,0.00008018705972540646]],"Total_grad_b":[-0.18235250825828864,0.18235250825828864],"Total_cost":[6107,2.3612419387013244]}