{"Total_grad_W":[[-1.113747124041827,1.113747124041827],[1.3313472404873505,-1.3313472404873505],[3.670852463745497,-3.670852463745497],[-4.930733143063288,4.930735621648314],[0.0001502559455186348,-0.0001502559455186348]],"Total_grad_b":[-0.041678598396747264,0.041678598396747264],"Total_cost":[6107,1.427716271757851]}