{"Total_grad_W":[[-3.97201625536014,3.97201625536014],[-1.4181828677644506,1.4181431104611],[32.904080808348134,-32.90407584118378],[-12.159388048550843,12.159385490011463],[-0.00024095385539584413,0.00024095385539584413]],"Total_grad_b":[-0.18300693000379942,0.18300693000379942],"Total_cost":[6107,2.59281131270019]}