{"Total_grad_W":[[-20.269052163500902,20.269052163500902],[-17.90787595177665,17.90787595177665],[37.56131147850315,-37.56130140425434],[-16.121858113640084,16.12185043802194],[-0.0025624774453759836,0.0025624774453759836]],"Total_grad_b":[-0.9859874195019547,0.9859874195019547],"Total_cost":[6107,10.553066873288179]}