{"Total_grad_W":[[-8.030378897295112,8.030378897295112],[-5.657395745916571,5.657395745916571],[-9.134521604306533,9.134521604306533],[-58.5948693609792,58.59486040609137],[-0.0008882698381085706,0.0008882698381085706]],"Total_grad_b":[-0.37140956470769965,0.37140956470769965],"Total_cost":[6107,3.4070794085443095]}