{"Total_grad_W":[[-3.604374254825405,3.604374254825405],[-1.2422655354511216,1.2422655354511216],[41.20066464456771,-41.200659767352015],[-5.496101425618143,5.496113098954069],[-0.00020422172444882166,0.00020422172444882166]],"Total_grad_b":[-0.1677523160578089,0.1677523160578089],"Total_cost":[6107,2.8625647305787045]}