{"Total_grad_W":[[-20.640422235754052,20.640422235754052],[-18.64892778010889,18.64892778010889],[35.707024214016705,-35.707033968448094],[-35.530502906500736,35.53049906869167],[-0.0027115917721141354,0.0027115917721141354]],"Total_grad_b":[-0.9971206037897086,0.9971206037897086],"Total_cost":[6107,10.649182813425858]}