{"Total_grad_W":[[-2.305299970352925,2.305299970352925],[0.6789974939106763,-0.6789974939106763],[-23.748948760131817,23.748943643053053],[4.744077381104675,-4.744074742610938],[0.000030099392786380486,-0.000030099392786380486]],"Total_grad_b":[-0.09123977022747254,0.09123977022747254],"Total_cost":[6107,1.7537063521445821]}