{"Total_grad_W":[[-4.445254213274726,4.445254213274726],[-2.311149770818835,2.311149770818835],[28.663853259451244,-28.663837748306246],[-8.983304571086459,8.983301372912232],[-0.00035600614797586856,0.00035600614797586856]],"Total_grad_b":[-0.20789934442225622,0.20789934442225622],"Total_cost":[6107,2.969098623212677]}