{"Total_grad_W":[[-13.556395325036842,13.556395325036842],[-9.98420357786147,9.98420357786147],[-18.56535660921893,18.56535660921893],[4.809259929691338,-4.809266645857213],[-0.0014936930031945862,0.0014936930031945862]],"Total_grad_b":[-0.6400774425895744,0.6400774425895744],"Total_cost":[6107,6.536959924296404]}