{"Total_grad_W":[[-2.155232698257219,2.155232698257219],[0.7683881625657545,-0.7683881625657545],[-18.45204145857213,18.452031544232028],[-13.020673318016211,13.020677315733995],[0.00003954853703313165,-0.00003954853703313165]],"Total_grad_b":[-0.08434647016211386,0.08434647016211386],"Total_cost":[6107,1.397970849221344]}