{"Total_grad_W":[[-5.113723237678074,5.113723237678074],[-2.773920504262527,2.773920504262527],[20.459077761687407,-20.459077761687407],[-10.176068765862944,10.176074202759128],[-0.0004310125177925926,0.0004310125177925926]],"Total_grad_b":[-0.23851054160201024,0.23851054160201024],"Total_cost":[6107,2.9072389569739214]}