{"Total_grad_W":[[-21.922275411413132,21.922275411413132],[-17.958696539319632,17.958696539319632],[14.521242593028491,-14.521242593028491],[-37.499030953209434,37.49903990809727],[-0.00262402402841266,0.00262402402841266]],"Total_grad_b":[-1.054648302377139,1.0546496216240073],"Total_cost":[6107,10.267776470879713]}