{"Total_grad_W":[[-28.937947104756837,28.937947104756837],[-25.558904612534796,25.558904612534796],[-15.39941038459964,15.39941038459964],[-6.2312951582200755,6.231290201050024],[-0.0036923916187227034,0.0036923916187227034]],"Total_grad_b":[-1.3989181456090347,1.3989181456090347],"Total_cost":[6107,16.137982407212256]}