{"Total_grad_W":[[-18.799422025953824,18.799422025953824],[-14.060930336089733,14.060930336089733],[0.5701708208817751,-0.5701708208817751],[70.80103774357295,-70.80104669846078],[-0.002049111101891652,0.002049111101891652]],"Total_grad_b":[-0.899019607686364,0.899019607686364],"Total_cost":[6107,9.48889040450255]}