{"Total_grad_W":[[-1.0830592231506877,1.0830592231506877],[1.51983467677972,-1.51983467677972],[2.0239221833039953,-2.023917186156767],[0.7974047775605863,-0.7974130628306912],[0.00017260544249717472,-0.00017260544249717472]],"Total_grad_b":[-0.03839760488782164,0.03839760488782164],"Total_cost":[6107,1.390923721468699]}