{"Total_grad_W":[[-21.262812525585392,21.262812525585392],[-19.086892474823973,19.086892474823973],[29.21704729204192,-29.21704729204192],[-96.55205348370723,96.55203557393155],[-0.0027816112525181624,0.0027816112525181624]],"Total_grad_b":[-1.0270168965940725,1.0270168965940725],"Total_cost":[6107,10.170420697828135]}