{"Total_grad_W":[[-3.40480596437106,3.40480596437106],[-0.1277769746806943,0.1277769746806943],[35.3528903019844,-35.35288006782688],[25.707407195380302,-25.70740975391968],[-0.00004405269787552432,0.00004405269787552432]],"Total_grad_b":[-0.1558237152324481,0.1558237152324481],"Total_cost":[6107,2.112546439934629]}