{"Total_grad_W":[[-1.1773313850588976,1.1773313850588976],[1.3355398270235488,-1.3355000697201982],[-14.738334699486757,14.738334699486757],[8.854275950945125,-8.854277350146349],[0.00014128652008578842,-0.00014128652008578842]],"Total_grad_b":[-0.04081285450761869,0.04081285450761869],"Total_cost":[6107,1.4809277535573226]}