{"Total_grad_W":[[-24.27013954273784,24.27013954273784],[-22.09941460618962,22.09941460618962],[23.839294303667923,-23.83931477198297],[-53.39314324238579,53.39314835946455],[-0.0031987515529634442,0.0031987515529634442]],"Total_grad_b":[-1.1763420898277592,1.1763408505352464],"Total_cost":[6107,10.911799383838948]}