{"Total_grad_W":[[-3.6946585933022558,3.6946585933022558],[-0.43925983534519814,0.43925983534519814],[-24.88727587195022,24.887280989028984],[3.058646200057311,-3.0586385244391683],[-0.00013787473123554162,0.00013787473123554162]],"Total_grad_b":[-0.15668574624118584,0.15668574624118584],"Total_cost":[6107,1.8225323481063394]}