{"Total_grad_W":[[-3.969997128039545,3.969997128039545],[-0.6403382586948763,0.6403382586948763],[50.80931861618839,-50.8093137389727],[20.612289815989847,-20.61228725745047],[-0.00011543010911868133,0.00011543010911868133]],"Total_grad_b":[-0.18467610210682925,0.18467610210682925],"Total_cost":[6107,2.5221017862693214]}