{"Total_grad_W":[[-2.087716764253623,2.087716764253623],[0.6667476558482294,-0.6667476558482294],[3.5348319551334533,-3.534821720975929],[5.029601980821189,-5.029602620456034],[0.000045696131010306964,-0.000045696131010306964]],"Total_grad_b":[-0.08578822521798755,0.08578822521798755],"Total_cost":[6107,1.9903346238231034]}