{"Total_grad_W":[[-2.453419331971764,2.453419331971764],[0.7374746354800972,-0.7374746354800972],[-14.46628612657606,14.466291243654823],[-2.6950588448066766,2.6950513191029506],[0.00003131986303651159,-0.00003131986303651159]],"Total_grad_b":[-0.09653315179883233,0.09653315179883233],"Total_cost":[6107,1.692825900679491]}