{"Total_grad_W":[[-2.346812181861619,2.346812181861619],[0.8697057423857868,-0.8697057423857868],[-9.366904281683672,9.366909238853724],[-0.6696596247134435,0.6696596247134435],[0.00006000441655367784,-0.00006000441655367784]],"Total_grad_b":[-0.09399113015611647,0.09399113015611647],"Total_cost":[6107,1.5136356192981717]}