{"Total_grad_W":[[-24.747040409570985,24.747040409570985],[-21.537393692688717,21.537393692688717],[0.5192338197969543,-0.5192338197969543],[-18.598361727257142,18.59835349195851],[-0.0031105273871252378,0.0031105273871252378]],"Total_grad_b":[-1.1969931805330973,1.1969931805330973],"Total_cost":[6107,13.58855669995149]}