{"Total_grad_W":[[-23.595663147822172,23.595663147822172],[-20.220532022678892,20.220532022678892],[-69.42009289736676,69.42009289736676],[-91.83447209656951,91.83448488926642],[-0.0029838306532566686,0.0029838306532566686]],"Total_grad_b":[-1.1296220013918454,1.1296220013918454],"Total_cost":[6107,9.176488739252092]}