{"Total_grad_W":[[-1.2399466592511668,1.2399466592511668],[1.0727535064782217,-1.0727535064782217],[-3.932316279282483,3.9323063649423817],[-2.0024587563451774,2.0024561978057966],[0.00010672996111308101,-0.00010672996111308101]],"Total_grad_b":[-0.04626411624132015,0.04626411624132015],"Total_cost":[6107,1.556506808494562]}