{"Total_grad_W":[[-0.6803731085997625,0.6803731085997625],[1.8607045160059026,-1.8607045160059026],[-0.4695618165501678,0.4695710912554241],[0.15624312392541345,-0.15624904054773212],[0.00021549777253005554,-0.00021549777253005554]],"Total_grad_b":[-0.01670826533548528,0.01670826533548528],"Total_cost":[6107,1.4445194062723363]}