{"Total_grad_W":[[-2.8181507740860896,2.8181507740860896],[-0.6469658901126525,0.6469658901126525],[30.646979772187652,-30.646969817870374],[2.4003831092905683,-2.400394622717783],[-0.00012518322290170988,0.00012518322290170988]],"Total_grad_b":[-0.12692469622941654,0.12692469622941654],"Total_cost":[6107,2.8668718833712674]}