{"Total_grad_W":[[-0.6977415533020509,0.6977415533020509],[1.9489487841181226,-1.9489487841181226],[-8.24396514517792,8.24396514517792],[7.109878662469169,-7.109877493136718],[0.00022842308171782769,-0.00022842308171782769]],"Total_grad_b":[-0.017328879789105994,0.017328879789105994],"Total_cost":[6107,1.3759202139588782]}