{"Total_grad_W":[[-2.8628421806559072,2.8628421806559072],[-0.4975836394519097,0.4975836394519097],[29.359477661392663,-29.359481019475602],[4.68316199647945,-4.683153841135173],[-0.00010723458758270329,0.00010723458758270329]],"Total_grad_b":[-0.12812833909377813,0.12812833909377813],"Total_cost":[6107,2.732997111006039]}