{"Total_grad_W":[[-14.422452750173981,14.422452750173981],[-10.088032543981292,10.088032543981292],[42.065615021696416,-42.065615021696416],[30.109665074402326,-30.10967275002047],[-0.0014909429422899805,0.0014909429422899805]],"Total_grad_b":[-0.6876496245823185,0.6876496245823185],"Total_cost":[6107,6.005940737128253]}