{"Total_grad_W":[[-0.9012888722086335,0.9012888722086335],[1.7735980283575712,-1.7735980283575712],[-12.208216027384287,12.208211062718515],[3.946448731348248,-3.946449850709227],[0.00019540573681203126,-0.00019540573681203126]],"Total_grad_b":[-0.0257440944613539,0.0257440944613539],"Total_cost":[6107,1.3686434552060387]}