{"Total_grad_W":[[-2.159038328199198,2.159038328199198],[0.5997864539091923,-0.5997864539091923],[-14.79614181855862,14.79614181855862],[-2.1477700410389717,2.1477713203086624],[0.000029297991159681762,-0.000029297991159681762]],"Total_grad_b":[-0.08739351878799431,0.08739351878799431],"Total_cost":[6107,1.4620334149271963]}