{"Total_grad_W":[[-1.976435052757082,1.976435052757082],[0.611252748031204,-0.611252748031204],[14.663424264355964,-14.663429541343438],[-5.792257795869494,5.792262273313411],[0.00004941185035661841,-0.00004941185035661841]],"Total_grad_b":[-0.08496255657570206,0.08496255657570206],"Total_cost":[6107,1.7511972917702685]}