{"Total_grad_W":[[-0.9343839788741404,0.9343839788741404],[1.5757566145638777,-1.5757566145638777],[-19.036701767694858,19.036701767694858],[5.814229172849804,-5.814225414995088],[0.00016849299528916184,-0.00016849299528916184]],"Total_grad_b":[-0.02790971315295524,0.02790971315295524],"Total_cost":[6107,1.4117722223623457]}