{"Total_grad_W":[[-4.002846135198338,4.002846135198338],[-1.787598375839201,1.787598375839201],[26.57364028023682,-26.573630046079295],[-8.333649206341084,8.333654163511135],[-0.0002790692982002934,0.00027907898017304883]],"Total_grad_b":[-0.1866861096337323,0.1866861096337323],"Total_cost":[6107,2.6966280722906197]}