{"Total_grad_W":[[-3.057338266730289,3.057338266730289],[-1.170132854555991,1.170132854555991],[29.22678141502579,-29.22678637219584],[-14.425690102034551,14.425697777652694],[-0.00020752917223053203,0.00020752917223053203]],"Total_grad_b":[-0.1383647953056559,0.1383647953056559],"Total_cost":[6107,3.0543940519432127]}