{"Total_grad_W":[[-3.5801925396829457,3.5801925396829457],[-0.7132719373164248,0.7132719373164248],[25.38544995433007,-25.385444917205664],[-0.15611023978631078,0.15611023978631078],[-0.00013584637380337314,0.00013584637380337314]],"Total_grad_b":[-0.16423811974220157,0.16423811974220157],"Total_cost":[6107,2.0880626952541146]}