{"Total_grad_W":[[-4.0226290415327695,4.0226290415327695],[-1.132458921850694,1.132458921850694],[27.44393400695411,-27.44393400695411],[-18.764103308703127,18.76411098432127],[-0.00020363459136963515,0.00020363459136963515]],"Total_grad_b":[-0.1846522682131225,0.1846522682131225],"Total_cost":[6107,2.3987227722922735]}