{"Total_grad_W":[[-16.059006634292615,16.059006634292615],[-10.701310675761421,10.701310675761421],[-30.200108482069755,30.20008801375471],[76.67618869739643,-76.67620085045849],[-0.0015687064100096536,0.0015687064100096536]],"Total_grad_b":[-0.7627174598565171,0.7627174598565171],"Total_cost":[6107,6.912096232672533]}