{"Total_grad_W":[[-23.969557219174717,23.969557219174717],[-20.594621182659242,20.594621182659242],[-10.071831632757492,10.071821398599967],[-13.744729488829417,13.744728089628193],[-0.00298991428960535,0.00298991428960535]],"Total_grad_b":[-1.1557137261480166,1.1557137261480166],"Total_cost":[6107,13.791989601900179]}