{"Total_grad_W":[[-2.337010187624089,2.337010187624089],[0.8024584525186261,-0.8024584525186261],[-29.883377617385786,29.883377617385786],[2.2610350003390063,-2.2610322818909143],[0.00003875451888666423,-0.00003875451888666423]],"Total_grad_b":[-0.09083031819419929,0.09083031819419929],"Total_cost":[6107,1.6184885536518994]}