{"Total_grad_W":[[-20.647866306083184,20.647866306083184],[-17.837018802705913,17.837018802705913],[-24.493351595441194,24.49336196951884],[-1.1169826569408057,1.1169868145672999],[-0.0025806945455978092,0.0025806945455978092]],"Total_grad_b":[-0.9959659629510705,0.9959659629510705],"Total_cost":[6107,12.21403988202413]}