{"Total_grad_W":[[-14.61244204908302,14.61244204908302],[-11.863015161904372,11.863015161904372],[42.258739970525625,-42.258739970525625],[-6.554553176682496,6.554553176682496],[-0.0017194691316496239,0.0017194691316496239]],"Total_grad_b":[-0.7054386591782483,0.7054386591782483],"Total_cost":[6107,7.074338636646811]}