{"Total_grad_W":[[-11.266070505669724,11.266070505669724],[-8.189820915036025,8.189820915036025],[74.98164615784141,-74.98164615784141],[4.760075208265105,-4.760071690273457],[-0.001195744355883988,0.001195744355883988]],"Total_grad_b":[-0.5415612385201536,0.5415612385201536],"Total_cost":[6107,5.346163619279898]}