{"Total_grad_W":[[-3.4038257639478773,3.4038257639478773],[-0.1419896209651834,0.1419896209651834],[34.200792691468294,-34.20078277712819],[20.65573097630025,-20.655732295547118],[-0.00004672822125398802,0.00004672822125398802]],"Total_grad_b":[-0.15578274861946811,0.15578027003444272],"Total_cost":[6107,2.094649551183346]}