{"Total_grad_W":[[-3.797704986177491,3.797704986177491],[-1.5186677829360775,1.5186677829360775],[17.688159783342886,-17.688159783342886],[-18.848857004513263,18.848855725243574],[-0.00026947879666331087,0.00026947879666331087]],"Total_grad_b":[-0.17171633682763185,0.17171633682763185],"Total_cost":[6107,2.6677782276286415]}