{"Total_grad_W":[[-5.433763812914483,5.433763812914483],[-1.7355763591680782,1.7355763591680782],[-38.318655206115935,38.318665440273456],[-30.760188103815295,30.760193220894056],[-0.00034432428542342184,0.00034432428542342184]],"Total_grad_b":[-0.2379320793345495,0.2379320793345495],"Total_cost":[6107,2.0363520743397783]}