{"Total_grad_W":[[-23.722331955133452,23.722331955133452],[-19.72750851993614,19.72750851993614],[-3.8735156473872197,3.8735258815447438],[-4.1178642336662845,4.117860076039791],[-0.0028682916902648616,0.0028682916902648616]],"Total_grad_b":[-1.1422648038687675,1.1422648038687675],"Total_cost":[6107,10.644027156538021]}