{"Total_grad_W":[[-3.6325408950538316,3.6325408950538316],[-0.5543995643766886,0.5543995643766886],[-29.020932050311117,29.02093716738988],[-7.533741697539709,7.53374681461847],[-0.00016078380988314515,0.00016078380988314515]],"Total_grad_b":[-0.15307230408304506,0.15307230408304506],"Total_cost":[6107,1.8744091155618312]}