{"Total_grad_W":[[-16.71144696915425,16.71144696915425],[-13.074895323757573,13.074895323757573],[23.3870085045849,-23.3870085045849],[15.364643032585558,-15.364665419805142],[-0.0019004211032255906,0.0019004211032255906]],"Total_grad_b":[-0.8039006691859751,0.8039006691859751],"Total_cost":[6107,7.954971432726597]}