{"Total_grad_W":[[-14.957256081648108,14.957256081648108],[-10.89741360452145,10.89741360452145],[12.877412702636319,-12.877412702636319],[11.757616292011217,-11.757630363977812],[-0.0016015384481057454,0.0016015384481057454]],"Total_grad_b":[-0.714689018333214,0.714689018333214],"Total_cost":[6107,6.321230447043976]}