{"Total_grad_W":[[-2.560141386485283,2.560141386485283],[-0.30085854587333183,0.30085854587333183],[29.814001183004645,-29.813996065925885],[-2.502633036851922,2.5026184651706034],[-0.00007969080639015795,0.00007969080639015795]],"Total_grad_b":[-0.11347250581587984,0.11347250581587984],"Total_cost":[6107,2.6437062470775]}