{"Total_grad_W":[[-4.6849579312162275,4.6849579312162275],[-1.0185521689377968,1.0185521689377968],[-44.61978953455051,44.619759151895366],[15.978705916366465,-15.978704637096774],[-0.00023170445307745213,0.00023170445307745213]],"Total_grad_b":[-0.2010793803033724,0.2010793803033724],"Total_cost":[6107,2.290137188861809]}