{"Total_grad_W":[[-1.7252247037211397,1.7252247037211397],[0.9969841217046013,-0.9969841217046013],[-11.557828266998936,11.557832744442852],[3.108572338223555,-3.108580733430899],[0.00008647118708652854,-0.00008647118708652854]],"Total_grad_b":[-0.06607437321182083,0.06607437321182083],"Total_cost":[6107,1.6246393180762297]}