{"Total_grad_W":[[-12.245785446004584,12.245785446004584],[-8.406878920961601,8.406878920961601],[7.270431376135991,-7.270426418965941],[6.418498997292426,-6.418502195466652],[-0.0012556139958632916,0.0012556139958632916]],"Total_grad_b":[-0.5803070842917195,0.5803070842917195],"Total_cost":[6107,5.550235892377619]}