{"Total_grad_W":[[-1.5112521950968631,1.5112521950968631],[1.508623227172072,-1.508623227172072],[-13.356460823644998,13.356460743690642],[6.513514524828066,-6.513518362637138],[0.00015870159281750485,-0.00015870159281750485]],"Total_grad_b":[-0.05431716766532322,0.05431716766532322],"Total_cost":[6107,1.417004478855412]}