{"Total_grad_W":[[-1.0669419241943159,1.0669419241943159],[1.9054322668275134,-1.9054322668275134],[-17.32655981353365,17.326564290977565],[12.995255028809153,-12.995250071639102],[0.00022085703481174792,-0.00022085703481174792]],"Total_grad_b":[-0.03382892149529677,0.03382892149529677],"Total_cost":[6107,1.3689587536842918]}