{"Total_grad_W":[[-2.709287402007942,2.709287402007942],[0.15158814136185933,-0.15158814136185933],[18.020134505613434,-18.020134585567792],[2.1794701440841453,-2.179473901938861],[-0.00001404569253254702,0.00001404569253254702]],"Total_grad_b":[-0.11911993681047364,0.11911993681047364],"Total_cost":[6107,1.9746639522056306]}