{"Total_grad_W":[[-3.4303157413495784,3.4303157413495784],[-0.5157485294794908,0.5157485294794908],[25.603070918873833,-25.603070918873833],[-9.416461770304569,9.416459211765188],[-0.00011061130734186467,0.00011061130734186467]],"Total_grad_b":[-0.15613748969863084,0.15613748969863084],"Total_cost":[6107,2.29748773948385]}