{"Total_grad_W":[[-3.446945647668659,3.446945647668659],[-0.7345822366927168,0.7345822366927168],[42.11320721226666,-42.11320225509661],[-8.923024423816932,8.92302186527755],[-0.0001380945239731542,0.0001380945239731542]],"Total_grad_b":[-0.15759458490337036,0.15759458490337036],"Total_cost":[6107,2.418519728973612]}