{"Total_grad_W":[[-12.76433933396103,12.76433933396103],[-9.567418472142624,9.567418472142624],[59.25763851932209,-59.25763212297364],[54.33305402611757,-54.33305658465695],[-0.0013652468773938833,0.0013652468773938833]],"Total_grad_b":[-0.6177848489854112,0.6177848489854112],"Total_cost":[6107,6.677902023390896]}