{"Total_grad_W":[[-2.5420402800449278,2.5420402800449278],[0.5881589917947642,-0.5881589917947642],[-18.748037600294744,18.748037600294744],[3.186689902468479,-3.1866886231987883],[0.000015894461326168117,-0.000015894461326168117]],"Total_grad_b":[-0.10261839346154067,0.10261839346154067],"Total_cost":[6107,1.5794826541867526]}