{"Total_grad_W":[[-11.483829551385705,11.483829551385705],[-7.597130949883331,7.597130949883331],[-38.40275247666612,38.40275247666612],[30.42903075492263,-30.429024518482887],[-0.0011507656388027453,0.0011507656388027453]],"Total_grad_b":[-0.5364972244644977,0.5364972244644977],"Total_cost":[6107,5.519649225194009]}