{"Total_grad_W":[[-0.11330670546798244,0.11330670546798244],[2.396991255631985,-2.396991255631985],[-5.5768170266957995,5.5768170266957995],[1.0157534066951859,-1.0157535666038973],[0.00029640874973496304,-0.00029640874973496304]],"Total_grad_b":[0.01005542830708805,-0.01005542830708805],"Total_cost":[6107,1.1215170179897092]}