{"Total_grad_W":[[-3.1706342882974967,3.1706342882974967],[0.3270743597894834,-0.3270743597894834],[43.81919161988804,-43.819181545639225],[47.78921169482766,-47.789197782769776],[0.00003091103026885262,-0.00003091103026885262]],"Total_grad_b":[-0.14506805792209343,0.14506805792209343],"Total_cost":[6107,2.1848655987316907]}