{"Total_grad_W":[[-2.08173150112064,2.08173150112064],[0.902776482961407,-0.902776482961407],[-35.72863747543802,35.728632997994104],[7.035526358712338,-7.03552907716043],[0.00006455109828775948,-0.00006455109828775948]],"Total_grad_b":[-0.08036668776528855,0.08036668776528855],"Total_cost":[6107,1.331439774264174]}