{"Total_grad_W":[[-2.055457350507742,2.055457350507742],[0.6326121343847224,-0.6326121343847224],[-18.32127802879892,18.32128282606026],[-13.03003189539156,13.030035333428852],[0.000013411552597228294,-0.000013411552597228294]],"Total_grad_b":[-0.07856759358217581,0.07856759358217581],"Total_cost":[6107,1.6459244660577406]}