{"Total_grad_W":[[-3.165804385592353,3.165804385592353],[0.6698004643109342,-0.6698004643109342],[-27.222944725315212,27.222949842393973],[34.28910927329806,-34.289099696265396],[0.00003400166334917722,-0.00003400166334917722]],"Total_grad_b":[-0.13129796336867208,0.13129796336867208],"Total_cost":[6107,1.9335850453509316]}