{"Total_grad_W":[[-2.205957862775299,2.205957862775299],[0.9512949847191235,-0.9512949847191235],[-25.646059337645326,25.646069571802848],[-4.39691612852055,4.396908612811118],[0.00005804465399527093,-0.00005804465399527093]],"Total_grad_b":[-0.08419816295273354,0.08419816295273354],"Total_cost":[6107,1.5673565107343599]}