{"Total_grad_W":[[-15.696093813963484,15.696093813963484],[-12.67700711018094,12.67700711018094],[25.46811036515474,-25.46811036515474],[-9.312962316073,9.312962855764901],[-0.0018464007704781494,0.0018464007704781494]],"Total_grad_b":[-0.7555247860101625,0.7555247860101625],"Total_cost":[6107,7.723289182285467]}