{"Total_grad_W":[[-2.6077076718442975,2.6077076718442975],[0.06758096188048167,-0.06758096188048167],[23.01285178317402,-23.012859458792164],[-1.6527356862514329,1.6527458404546014],[-0.000026581897680158602,0.000026581897680158602]],"Total_grad_b":[-0.11505735355800081,0.11505735355800081],"Total_cost":[6107,2.028764653199042]}