{"Total_grad_W":[[-9.87986698153758,9.87986698153758],[-6.254455056697233,6.254455056697233],[-82.69238936875716,82.69239320656624],[-61.579569295480596,61.57955650278369],[-0.0010300850895553246,0.0010300850895553246]],"Total_grad_b":[-0.4470307790688452,0.4470307790688452],"Total_cost":[6107,3.7902553129941228]}