{"Total_grad_W":[[-2.0927690400104386,2.0927690400104386],[0.7257666743209636,-0.7257666743209636],[11.918961543234198,-11.918961543234198],[4.499678423581546,-4.499671387598248],[0.00006397590571863476,-0.00006397590571863476]],"Total_grad_b":[-0.08831871561163163,0.08831871561163163],"Total_cost":[6107,1.7122520174905542]}