{"Total_grad_W":[[-2.170492109464549,2.170492109464549],[0.5888134506772773,-0.5888134506772773],[19.02757114018749,-19.027570900324424],[3.140000876299738,-3.1400058334697887],[0.00004663702575707955,-0.00004663702575707955]],"Total_grad_b":[-0.09308225120443242,0.09308225120443242],"Total_cost":[6107,1.8154998561330669]}