{"Total_grad_W":[[-10.809617325661126,10.809617325661126],[-7.10286697530114,7.10286697530114],[4.87128441115536,-4.87126920983349],[-22.502273901874897,22.502275181144586],[-0.001087734820078726,0.001087734820078726]],"Total_grad_b":[-0.5075242845364438,0.5075242845364438],"Total_cost":[6107,4.788465909471355]}