{"Total_grad_W":[[-2.916112929450835,2.916112929450835],[-0.7388064301851359,0.7388064301851359],[27.157101513887753,-27.157100874252908],[-4.558517633453414,4.5585189127231045],[-0.00014741374971200192,0.00014741374971200192]],"Total_grad_b":[-0.1304143690449996,0.1304143690449996],"Total_cost":[6107,2.7572990035830216]}