{"Total_grad_W":[[-17.90067270396676,17.90067270396676],[-13.342467212317832,13.342467212317832],[6.09032539503848,-6.09032539503848],[91.97173325691828,-91.97174093253643],[-0.0019376152214099014,0.0019376152214099014]],"Total_grad_b":[-0.8561533791589058,0.8561545984628295],"Total_cost":[6107,9.237865660089058]}