{"Total_grad_W":[[-2.477583177315734,2.477583177315734],[0.8371585229424227,-0.8371585229424227],[-17.69468981547814,17.69468981547814],[3.8675984653880793,-3.86759974465777],[0.000050820948274549024,-0.000050820948274549024]],"Total_grad_b":[-0.09840552022536374,0.09840552022536374],"Total_cost":[6107,1.7462421962486283]}