{"Total_grad_W":[[-3.7885199097539197,3.7885199097539197],[-0.1841449553279024,0.1841449553279024],[-7.8022792748075975,7.8022792748075975],[8.446065270258515,-8.446057754549082],[-0.00009130690303550759,0.00009130690303550759]],"Total_grad_b":[-0.1640450380936531,0.1640450380936531],"Total_cost":[6107,2.0922403939478893]}