{"Total_grad_W":[[-20.258100015862944,20.258100015862944],[-15.789914333705175,15.789914333705175],[-23.274678391599803,23.274683508678567],[33.170874611102015,-33.17086437694449],[-0.0023318897473435366,0.0023318922459171507]],"Total_grad_b":[-0.9644953289066338,0.9644953289066338],"Total_cost":[6107,9.767494684139848]}