{"Total_grad_W":[[-13.432049991300966,13.432049991300966],[-10.58079211739602,10.58079211739602],[67.73331896287047,-67.733329197028],[21.046976861849107,-21.046978301027508],[-0.0015263108081233585,0.0015263108081233585]],"Total_grad_b":[-0.6493437126613159,0.6493437126613159],"Total_cost":[6107,7.214807084976367]}