{"Total_grad_W":[[-1.916610720272011,1.916610720272011],[1.1684053807362453,-1.1684053807362453],[-27.451932400831012,27.451932400831012],[2.8354710462890944,-2.835468807567136],[0.0000975611158336304,-0.0000975611158336304]],"Total_grad_b":[-0.0716864356476175,0.0716864356476175],"Total_cost":[6107,1.5433205229592328]}