{"Total_grad_W":[[-26.32738430284919,26.32738430284919],[-22.961746638079255,22.96174152100049],[10.854826716524071,-10.854826716524071],[21.608134428217618,-21.60813314894793],[-0.003301211420049522,0.003301211420049522]],"Total_grad_b":[-1.274899785210619,1.274899785210619],"Total_cost":[6107,16.459497721957693]}