{"Total_grad_W":[[-3.770633670650099,3.770633670650099],[-0.7262055038019896,0.7262055038019896],[-10.630091813185688,10.630086696106927],[-6.096231463382185,6.096217071598166],[-0.00016725594270867647,0.00016725594270867647]],"Total_grad_b":[-0.16445894551312296,0.16445894551312296],"Total_cost":[6107,1.9090967492864486]}